ptm	Channel 126: Normal Pool	Channel 127: H1666	Channel 128: CAL-12T	Channel 129: H2405	Channel 130: HCC44	Channel 131: H1437
NEBL_R96	29647.35592	5499.67293	2235.678984	2239.511672	1515.802866	1153.3791
G3BP2_R468	562.7539262	7245.552685	1039.490606	1437.509166	1817.353695	686.1931
NCOR2_R1719	465.55948	1861.76436	294.52808	692.47241	357.0975	116.154
RPL23_R4	NaN	NaN	NaN	NaN	NaN	NaN
FUS_R242	793.671367	2916.64838	404.478382	395.733282	672.292728	196.8802
CAPRIN1_R633	81.7458348	3552.56023	200.811226	328.522101	1097.41416	183.4493
EIF4H_R22	NaN	NaN	NaN	NaN	NaN	NaN
HNRNPA1_R336	583.467179	8290.25442	839.72196	1976.42407	1611.65934	549.861
SFPQ_R242	11.35586574	3028.2105	156.374218	521.854975	471.741993	136.9034
SNRPB_R108	822.058561	5791.22622	220.557106	542.453752	615.324039	227.12
CCDC9_R107	NaN	NaN	NaN	NaN	NaN	NaN
YLPM1_R636	5245.04712	8873.02565	1856.92738	2435.55942	5996.02899	568.1964
CDKN2A_R68	NaN	NaN	NaN	NaN	NaN	NaN
RBM47_R394	NaN	NaN	NaN	NaN	NaN	NaN
HSPA9_R513	318.662511	399.88899	51.647134	152.103614	145.23558	34.3457
NCOR2_R1737	107.411967	337.729926	41.133554	94.389908	68.930172	33.0511
TAGLN2_R182	2785.12621	10084.43693	473.827354	2006.1494	1619.11458	523.333
LSM14A_R269	1690.95266	3467.66726	414.74664	418.892414	495.46194	239.0966
HNRNPUL2_R695	1571.16558	10234.08069	1004.83075	2521.26494	1403.654073	328.2928
DDX17_R100	347.703869	1694.1882	350.36232	610.17815	574.86414	59.9637
PRRC2C_R242	1078.528	3621.1446	279.50538	1091.99284	480.2895	224.224
RBM27_R943	1049.74938	5904.631	76.39709	382.46986	335.2734	142.373
RBMXL1_R125	NaN	NaN	NaN	NaN	NaN	NaN
ATXN1L_R664	1157.02002	3545.4261	345.3296	967.01963	538.90659	153.335
RPS10_R158	NaN	NaN	NaN	NaN	NaN	NaN
RBM15B_R95	41.86573	993.93504	148.022336	344.93645	384.20682	42.499
NCBP2_R146	437.9988	2517.31007	441.9954	432.07256	1066.27101	66.3099
SFPQ_R706	1354.64419	1517.86117	507.44078	1397.46678	642.31353	137.645
HNRNPA2B1_R228	2952.177405	14147.74227	1436.767178	2691.838636	1952.810379	811.1017
RBMXL1_R372	NaN	NaN	NaN	NaN	NaN	NaN
RPS10_R119	278.612967	1484.36147	177.902494	312.430924	279.016428	171.053
SNRPN_R147	NaN	NaN	NaN	NaN	NaN	NaN
LSG1_R14	NaN	NaN	NaN	NaN	NaN	NaN
RBM39_R109	1751.415721	4217.33689	751.1812	969.61723	1078.33179	532.229
HNRNPA3_R354	1099.223405	3209.95255	276.564596	1592.00983	474.28212	144.6899
MTCH1_R29	452.61408	2322.22109	206.708348	849.59283	373.22574	300.023
RBM3_R105	742.490311	1161.51473	130.957288	455.30389	585.11067	137.9991
NEBL_R795	3894.58146	2530.79114	585.526634	851.322526	614.754807	357.6873
SON_R1022	453.00091	2785.40298	379.41288	882.29394	583.93185	97.1946
PABPC4_R518	339.692658	3728.6331	201.60448	455.03076	662.78889	65.6456
TAF15_R403	275.835834	816.75022	93.378978	167.047072	281.25477	38.4307
HSPA8_R469	75034.5540654	260640.34223	69905.522918	75437.067579	59510.153943	11459.87234
BCL9_R1254	1936.66248	7397.3268	1341.69574	1886.08871	977.62233	874.771
CIRBP_R154	773.29615	589.41822	134.842708	162.545775	198.97986	43.3168
HSPA2_R472	2165.33646	2474.15582	270.62574	1690.18574	435.25362	255.291
EEF1A1_R166	1361.0288	5327.20772	1478.12126	1812.87077	3347.13372	292.371
TSSC4_R139	892.01083	1663.68547	300.88058	539.71825	610.54557	117.213
RBMXL1_R368	NaN	NaN	NaN	NaN	NaN	NaN
TAF15_R431	345.041636	946.40006	181.312516	379.982658	428.51877	74.3364
KHDRBS1_R442	363.798678	2076.85079	232.06722	512.57142	453.13593	75.2755
TRIP6_R179	263.444252	1526.41789	198.05324	412.66314	356.50809	62.8745
HNRNPA2B1_R350	961.534905	3711.43494	830.087104	1391.69667	1124.038146	199.1094
KRT7_R46	2270.17122	6549.33608	732.27154	938.29705	1132.64955	367.7912
KRT4_R56	2586.76285	3162.27637	260.618974	810.43783	538.314348	2293.55
DDX3X_R617	31.5810693	620.86699	98.956704	144.476984	174.117555	8.78417
KHDRBS1_R284	858.71664	2148.17797	13.979427	202.262697	121.009236	95.4277
MEPCE_R377	212.684113	2555.32464	165.284658	474.67511	704.01042	92.3102
HNRNPD_R272	3962.340671	8170.26619	1600.08387	1441.939984	2440.702383	1922.2339
HNRNPD_R280	NaN	NaN	NaN	NaN	NaN	NaN
XRN2_R883	1762.12172	5181.4399	839.62494	1796.5078	1139.82159	310.6384
DES_R37	2374.17104	1157.11282	159.78732	380.47391	239.63499	140.199
MPLKIP_R117	52.740632	204.455129	42.289632	34.936192	70.332012	5.77853
PAIP1_R21	535.25782	1945.11119	124.707814	193.09527	221.02875	57.4216
HNRNPA1L2_R196	NaN	NaN	NaN	NaN	NaN	NaN
PABPC1_R419	1041.06677	2396.64055	428.6898	1322.45153	629.26863	613.466
RBM47_R383	NaN	NaN	NaN	NaN	NaN	NaN
HSPA1B_R469	62956.025618	196892.718573	19737.2483	39583.232314	31220.532984	11128.92145
FUBP1_R363	NaN	NaN	NaN	NaN	NaN	NaN
SAFB_R751	406.418152	2244.86467	183.535352	409.485855	352.39107	208.092
HNRNPUL2_R666	42.3891761	1250.4319	104.88786	201.650351	130.574847	26.033
TAF15_R490	NaN	NaN	NaN	NaN	NaN	NaN
RAVER1_R534	249.684211	926.75914	288.62834	718.93164	762.0381	106.062
EWSR1_R464	NaN	NaN	NaN	NaN	NaN	NaN
TRIP6_R238	NaN	NaN	NaN	NaN	NaN	NaN
SNRPB_R112	2064.57299	4533.16599	579.03076	1531.94415	685.42719	215.5988
RBM3_R121	NaN	NaN	NaN	NaN	NaN	NaN
DDX42_R814	120.5287978	1867.660872	143.622248	420.146711	297.500184	64.0652
SRXN1_R11	NaN	NaN	NaN	NaN	NaN	NaN
PRMT7_R32	641.91183	1287.53926	299.26358	382.37627	368.04318	126.378
SVIL_R1203	890.673011	2157.774981	684.01718	806.15943	569.929911	251.4212
ALYREF_R197	212.1875152	2578.11432	321.9293	483.54133	658.168482	289.412
CPSF6_R204	NaN	NaN	NaN	NaN	NaN	NaN
SAFB_R811	NaN	NaN	NaN	NaN	NaN	NaN
FMR1_R477	NaN	NaN	NaN	NaN	NaN	NaN
ATXN2_R640	712.21914	503.78748	277.14148	253.25645	226.0821	176.239
G3BP2_R432	71.3809356	954.94619	104.964244	319.599154	351.805731	81.3562
CCT7_R53	2601.509116	7660.38593	1678.59384	2738.58092	5904.02616	661.7414
VIM_R64	8554.40458	1347.701756	382.397631	4758.79365	4133.15178	143.6393
CCT4_R19	575.403497	3414.514991	2126.31804	1539.155164	5736.20361	329.6061
LARP4_R443	720.0073684	2833.25213	1153.5832	858.868554	1436.69838	216.8983
TRIM33_R515	2185.17586	3753.0254	450.76724	714.31708	914.99265	218.018
EIF4G1_R65	493.86701	761.26921	167.26864	277.29762	215.2674	56.304
CCT7_R539	NaN	NaN	NaN	NaN	NaN	NaN
GATAD2A_R293	1845.47018	5239.3319	831.3305	1118.63925	1599.23925	500.614
FUBP3_R337	1171.54338	2428.57293	831.40288	1635.19684	993.22665	172.9341
HNRNPH1_R233	3452.6934099	9505.674015	1969.955988	2830.63337	2655.092571	1261.24972
SCAF11_R1151	565.59525	4560.8659	563.948	942.89442	876.35178	362.129
EWSR1_R471	5914.61155	8786.10293	1839.57004	2727.50865	2249.73018	1242.711
SNF8_R4	620.43702	1516.54095	720.59988	1007.26142	513.04866	178.1784
HNRNPM_R496	4696.26557	13045.58096	1643.56808	3660.21131	2525.5245	708.3161
ILF2_R24	NaN	NaN	NaN	NaN	NaN	NaN
SNRPD3_R112	NaN	NaN	NaN	NaN	NaN	NaN
WDR33_R1262	214.408379	1451.59601	416.48222	479.69459	449.369193	59.2797
SF1_R662	NaN	NaN	NaN	NaN	NaN	NaN
EIF4B_R268	633.204325	3645.22626	699.435198	1258.16093	1327.323	328.3275
KRT8_R47	527.2737254	2123.236755	3672.13616	3084.890851	537.3216612	198.00355
CMAS_R16	307.460527	2906.84204	133.038598	419.0922	588.54093	72.4492
RPS29_R12	174.817669	1893.50612	239.92276	499.72858	611.71554	130.69
CNBP_R27	NaN	NaN	NaN	NaN	NaN	NaN
HNRNPD_R278	204.042484	1161.37	326.5955	263.70606	448.61535	145.463
TAF15_R187	227.499319	2217.12946	181.407996	394.308422	518.45955	246.673
KRT19_R51	182.90834867	7932.07944	592.814068	1230.98354	538.872783	151.15247
DIDO1_R1835	1149.051705	11400.30444	171.730174	619.852109	1205.98596	407.2586
AIMP2_R26	5386.004142	4426.00225	1101.952236	1288.153469	753.628476	391.1574
KHDRBS1_R348	NaN	NaN	NaN	NaN	NaN	NaN
SFPQ_R681	5323.323894	22694.46884	1179.45405732	2498.707076	2851.286097	942.9634
RTKN_R14	3260.31431	8985.07491	3056.13308	5093.4925	2928.85086	1030.16
SRSF9_R93	264.689385	2397.78074	412.6045	728.09582	802.88439	426.456
HNRNPUL2_R693	NaN	NaN	NaN	NaN	NaN	NaN
SNX3_R43	2505.23747	1903.034296	949.55322	2350.50712	1989.72957	615.5183
EIF4G1_R675	3030.1811	1143.58233	293.12206	472.82814	418.44393	187.049
C11orf68_R29	NaN	NaN	NaN	NaN	NaN	NaN
CCT7_R537	NaN	NaN	NaN	NaN	NaN	NaN
KRT18_R45	2989.7266101	15220.94699	1911.745066	2121.50194	2019.717618	638.6669
KRT6B_R16	NaN	NaN	NaN	NaN	NaN	NaN
LSM4_R88	NaN	NaN	NaN	NaN	NaN	NaN
ZGPAT_R370	1194.692666	1697.94412	372.332114	765.13263	891.65166	158.7945
ELAVL1_R217	417.65001	1501.49609	291.93626	513.77663	458.61231	114.11
HNRNPL_R46	223.622593	1663.25834	209.41228	426.89264	95.12865	30.1471
TFG_R400	902.663975	2556.5319	668.66646	476.570403	703.92369	324.816
LSG1_R5	NaN	NaN	NaN	NaN	NaN	NaN
TARDBP_R293	12327.688791	5300.09026	1316.84322	2161.82013	1732.11669	420.6627
SAFB_R742	NaN	NaN	NaN	NaN	NaN	NaN
CDKN2A_R120	NaN	NaN	NaN	NaN	NaN	NaN
CHTF8_R266	2905.02053	7846.50871	873.26008	1570.30077	1037.40408	446.898
ZDHHC5_R617	1310.11661	1419.8013	303.71572	476.3922	435.03591	233.739
TAF15_R467	NaN	NaN	NaN	NaN	NaN	NaN
TAF15_R475	NaN	NaN	NaN	NaN	NaN	NaN
PRRC2A_R232	60.063592	351.213467	60.747302	167.462115	111.902586	29.3723
SFPQ_R695	204.580216	1257.08242	353.61788	477.98514	686.27679	120.426
PABPC1_R506	NaN	NaN	NaN	NaN	NaN	NaN
HSPA6_R471	NaN	NaN	NaN	NaN	NaN	NaN
PNN_R56	NaN	NaN	NaN	NaN	NaN	NaN
CNN2_R187	1184.227574	2399.21039	698.851076	497.927259	687.395076	154.0783
KRT6A_R16	94.9175112	5621.04492	6.42463514	287.138704	219.55434	78.53358
PHRF1_R725	326.100371	696.924017	176.314446	688.1539	352.068222	65.6254
TNS2_R35	14410.375	88.567347	315.19642	461.3987	310.82262	207.03
KHSRP_R442	1608.46595	3539.4251	1168.94316	698.59969	2043.15702	919.427
ALYREF_R71	NaN	NaN	NaN	NaN	NaN	NaN
HNRNPF_R212	1732.41241	4962.51989	882.0504	1301.90184	1129.91667	720.7929
KRT7_R48	2598.5057066	24744.20217	1285.814222	941.85427029	2073.660315	522.7998
ALYREF_R50	128.166354	1164.94236	218.85248	348.8233	275.5005	129.052
HNRNPA2B1_R203	4482.437819	9147.22193	1205.357846	2152.21856	1846.69587	694.3093
CHTF8_R186	794.98544	1311.03494	141.315328	214.27908	221.79162	47.5911
RBFOX2_R297	403.30666	2597.85761	385.24794	560.4895	620.08056	78.4005
PRRC2C_R279	NaN	NaN	NaN	NaN	NaN	NaN
SF3B2_R502	1156.05869	4790.63713	584.09428	769.73764	601.13448	247.3973
ILF2_R16	953.626721	2183.03672	329.224896	463.356832	1310.83899	409.8406
SNRPB_R181	1486.390828	6536.05622	461.40248	979.98662	993.31692	259.9316
YBX1_R199	19669.83058	57601.718216	9750.138244	17979.643851	20365.141215	3445.7876
RBMX_R187	NaN	NaN	NaN	NaN	NaN	NaN
CIRBP_R121	159.259443	730.10284	89.429032	170.911002	204.65094	37.2058
PPP1R18_R23	180.234055	1122.96007	117.72145	434.33973	298.881669	62.7001
CSTF2_R303	710.60288	1580.39865	288.16634	536.36429	420.58917	118.202
CSTF2_R402	693.017052	4202.3591	471.012388	858.78757	829.89813	240.4444
ATXN2L_R417	77.763554	1399.80385	186.1321	255.22375	292.99872	252.595
MKNK1_R455	299.895894	735.67671	333.1097	564.81565	402.11037	65.0561
DDX5_R14	323.844501	1567.97305	169.8466	443.92984	488.86692	88.7973
USP39_R22	49.9436213	709.782042	56.46025	180.378872	171.207852	14.65576
RBMX_R180	NaN	NaN	NaN	NaN	NaN	NaN
ZNF598_R324	27.1713988	671.54014	110.618354	127.649884	213.60006	143.588
KRT7_R30	NaN	NaN	NaN	NaN	NaN	NaN
EPPK1_R2603	151.45735	460.80973	202.42684	95.438307	230.93367	50.7285
HNRNPA2B1_R213	16084.548813	48251.043677	6100.726478	11339.004365	8601.955209	3442.5301
EEFSEC_R556	154.2381215	720.165537	430.241042	344.726541	423.164166	232.8901
KRT6C_R42	NaN	NaN	NaN	NaN	NaN	NaN
U2AF1_R211	14.861166	1270.021282	78.4137816	602.670895	454.136865	14.968389
SNRPD3_R97	15.6773773	2338.56852	0	87.424138	61.830702	53.3542
ITIH4_R56	252.904858	1224.35226	117.419148	307.17384	189.14574	81.6857
SEPT9_R10	345.981518	2150.18654	132.99132	553.36711	454.836369	121.3848
DDX5_R502	1450.2016942	5593.51092	687.877806	1122.676035	1439.241339	514.2172
SAFB_R820	NaN	NaN	NaN	NaN	NaN	NaN
TAF15_R206	1116.55224	7361.04546	328.819876	384.191534	2607.67728	489.915
HNRNPA1_R218	NaN	NaN	NaN	NaN	NaN	NaN
PROSER2_R320	671.705783	1773.35551	611.13514	471.453131	746.61963	159.9276
HNRNPA1_R194	522.699633	3908.619681	667.69703	452.331548	1347.066111	134.99352
FUS_R216	NaN	NaN	NaN	NaN	NaN	NaN
FMR1_R474	1688.610998	2709.11615	1048.8863	1149.88112	1101.89226	500.354
KRT19_R24	5684.204495	27473.96176	2728.467126	4163.440538	1759.796658	834.50751
HNRNPA3_R246	602.68114	2155.61215	278.28262	527.4847	441.53712	155.546
TRIP6_R111	696.949313	1110.219241	499.78852	1699.63069	1011.225603	185.0885
SCAF8_R1120	65.520959	570.68098	39.615114	111.40075	123.638394	35.8355
HNRNPAB_R322	390.005453	4274.93943	287.850948	834.795869	908.529318	555.3763
UBAP2_R166	191.446763	3923.3479	449.66768	397.78424	1462.02531	75.0813
WDR33_R1067	1028.287975	2161.437003	824.634888	1297.35795	1472.6931	456.611
SFPQ_R693	7623.190636	18069.281398	4739.420378	7936.204328	8158.46808	1734.7753
EIF4H_R19	4437.439532	8963.01947	2316.69592	4500.530708	4558.46508	805.3991
API5_R500	3996.80416	13103.27528	1877.57724	3087.2667	3210.54636	1694.559
DDX5_R486	158.286623	149.874269	25.55553	78.725616	31.491486	200.349
CCT7_R535	1099.665004	2811.77208	529.845932	889.29982	1358.00949	146.0497
LARP1_R334	21.7161766	739.00903	37.403828	424.89287	310.01373	6.66905
TFG_R385	NaN	NaN	NaN	NaN	NaN	NaN
EPRS_R1152	1464.66094	5127.6427	942.50618	1432.68527	1088.89869	302.826
SUCLA2_R106	338.66009	407.90209	599.36954	698.41442	410.87541	61.5411
RABL6_R508	40.979085	214.200753	30.435482	53.180321	32.153466	11.8768
DDX3X_R88	3508.774453	16196.13773	2391.43828	3351.50374	3830.8287	1169.8721
FAM120A_R1006	1076.8045	2752.67988	307.2762	559.87448	677.76663	516.351
SNRPD3_R114	NaN	NaN	NaN	NaN	NaN	NaN
AKAP8L_R171	328.91657	2253.71085	372.81706	519.65752	559.33416	144.65
EPPK1_R4739	NaN	NaN	NaN	NaN	NaN	NaN
CNBP_R30	NaN	NaN	NaN	NaN	NaN	NaN
RBM47_R405	548.799934	3098.00213	637.363188	569.043626	357.44973	1124.248
RBMX_R125	4853.701933	9833.65867	999.668516	1671.163668	1433.030232	443.5332
KRT6C_R59	NaN	NaN	NaN	NaN	NaN	NaN
ARID1A_R1276	1274.67762	1437.32775	244.20088	429.98875	313.74666	156.954
ALYREF_R63	839.65473	463.96555	107.874228	142.484472	107.905218	97.7246
RBM47_R381	NaN	NaN	NaN	NaN	NaN	NaN
HNRNPH3_R129	1467.591656	3008.96847	1422.7136	1090.99009	1637.9934	953.806
ALYREF_R58	NaN	NaN	NaN	NaN	NaN	NaN
G3BP1_R460	NaN	NaN	NaN	NaN	NaN	NaN
SRSF1_R97	79.16090269	1738.967662	257.52573	323.867049	377.04363	233.404
IRS2_R412	228.030157	597.458854	458.16386	487.77962	149.706423	656.438
KRT7_R64	1861.04679	10039.3553	769.42096	1583.49887	1363.90182	356.777
BTF3_R15	NaN	NaN	NaN	NaN	NaN	NaN
PNN_R54	4421.451197	6592.0985	953.48407	1549.070165	1336.636386	594.3241
PABPC4_R509	2817.4660406	4140.75354	745.474422	1141.323747	974.238621	348.36792
KRT7_R20	12841.4596599	36513.25041	8411.64016	3737.45661679	3882.545976	3203.4947
CNBP_R34	3143.03588	5960.1932	1794.42186	2524.09556	2458.95834	567.0465
RBMX_R369	NaN	NaN	NaN	NaN	NaN	NaN
FMR1_R471	1429.845474	4397.13038	1463.409024	1386.088337	1762.53414	533.7255
HNRNPA1_R140	1980.42406	11114.3462	1786.50472	1846.53643	2950.79886	494.666
SAFB_R811	NaN	NaN	NaN	NaN	NaN	NaN
THRAP3_R66	186.249836	2195.35642	274.668548	389.098133	494.744559	242.0182
SP3_R611	1494.55792	1730.72723	1222.50128	2296.26121	1285.18992	286.576
RBMX_R373	NaN	NaN	NaN	NaN	NaN	NaN
XRN2_R946	12884.48385	22454.26646	2682.46209	5764.71043	4134.62796	1429.6684
KRT7_R25	NaN	NaN	NaN	NaN	NaN	NaN
VIM_R71	641.08455	526.34771	92.980734	702.18858	330.83247	57.6307
SAFB2_R835	1190.989056	2782.01065	1011.2564	1912.72748	1192.97823	384.812
PROSER2_R414	2420.70937	3175.35502	2138.15756	704.128376	4272.33927	498.6638
NUDT21_R15	2130.48346	7227.79149	609.67522	2200.67335	1455.53826	328.7912
TAF15_R535	NaN	NaN	NaN	NaN	NaN	NaN
TAF15_R185	561.1209674	4246.556465	583.938278	816.964682	1554.707643	555.3135
HNRNPA1L2_R194	NaN	NaN	NaN	NaN	NaN	NaN
TAF15_R483	523.638366	2867.04482	298.887666	525.957464	1081.96029	145.6329
HCFC1_R1253	376.323161	1491.66857	444.26998	587.06333	756.83607	108.4888
ALYREF_R204	747.43216	1240.98562	238.43974	429.97156	281.72913	141.737
KRT8_R18	690.404226	2868.254904	2795.35256	4428.7361	963.367812	227.247
C15orf52_R527	NaN	NaN	NaN	NaN	NaN	NaN
HNRNPH3_R121	NaN	NaN	NaN	NaN	NaN	NaN
HNRNPA1_R196	105.430708	753.59852	83.643868	130.532074	249.81957	16.9547
PTPN23_R1595	151.605571	888.179417	111.144726	194.444112	203.732841	63.3539
FBL_R78	80.7144924	3645.74517	77.722491	1533.93628	1420.29048	3.93631
C15orf52_R533	NaN	NaN	NaN	NaN	NaN	NaN
SCAF11_R1096	274.909357	1733.4418	289.40604	614.62845	410.28423	283.812
EIF4E2_R241	3387.180762	16590.47756	3647.73024	6226.47012	3588.1617	3029.616
PABPN1_R238	4772.274984	20293.21811	3062.623102	3321.700291	4411.72323	878.5041
HNRNPA1_R352	5437.65399	9032.56047	1572.23682	1699.59822	2904.55407	291.11
KRT8_R32	1588.051284	4020.82179	2031.3678	3639.40568	1563.78438	262.8471
CNBP_R25	127.126892	2139.69891	211.78696	620.32789	407.77968	85.3126
RBMX_R164	256.058097	2270.07946	150.08455	773.142979	304.029891	75.5225
HNRNPH3_R343	3786.0033346	18706.26072	943.252464	1945.416175	1659.152511	799.8578
FLNB_R262	2569.66956	3531.2708	1426.85004	1017.48183	691.88238	215.489
HNRNPUL1_R179	75.889152	1176.23483	101.00244	546.74132	239.83323	70.0406
KRT13_R27	1068.515614	3914.09577	2708.11156	393.62235	351.2765364	226.6002
SART3_R906	3209.775545	8011.99864	1872.2935	1800.52453	1708.51728	1242.53
FUBP1_R361	NaN	NaN	NaN	NaN	NaN	NaN
SRXN1_R16	249.9947857	968.4601949	846.115732	455.471015	462.427191	1125.787
CHTF8_R225	2572.774541	6371.97476	827.918938	1125.321576	1352.579484	407.2654
MAP7D1_R326	79.942058	550.37642	125.912864	305.96099	309.1482	23.6067
RPL23_R6	203.046684	2158.03373	104.229048	1250.86473	1226.65071	33.525
HNRNPH3_R323	5485.59793	9198.041575	4880.311436	2683.377909	4076.967909	1844.7495
PRRC2C_R281	NaN	NaN	NaN	NaN	NaN	NaN
KRT6B_R59	NaN	NaN	NaN	NaN	NaN	NaN
UFL1_R433	216.427172	1136.10579	79.701776	423.228114	280.626774	81.9394
EPPK1_R3137	NaN	NaN	NaN	NaN	NaN	NaN
RBM3_R131	6049.806337	2910.920955	1700.979126	8404.43548	4844.20503	936.47654
HNRNPA1_R225	646.060869	3910.68226	282.274762	644.58871	1031.36484	201.5612
ARHGAP21_R574	7160.92036	3402.69408	2279.47566	1986.50123	1553.9538	1082.458
HNRNPUL2_R671	NaN	NaN	NaN	NaN	NaN	NaN
CDKN2A_R73	NaN	NaN	NaN	NaN	NaN	NaN
SRSF1_R93	NaN	NaN	NaN	NaN	NaN	NaN
AKAP8_R233	696.4855	432.3897	95.736564	228.35387	162.095184	67.1547
RBMX_R185	NaN	NaN	NaN	NaN	NaN	NaN
DAZAP1_R253	1461.978791	2852.889873	754.984846	928.998024	1058.853294	201.63003
HNRNPD_R282	236.631954	1122.37056	498.80138	412.98402	681.02343	451.394
G3BP1_R447	NaN	NaN	NaN	NaN	NaN	NaN
KHDRBS1_R331	331.517523	2752.96228	349.00866	444.663471	830.27868	102.8348
KIAA1429_R1723	138.45833	719.52343	60.720968	157.917272	98.768478	58.3746
NCL_R666	NaN	NaN	NaN	NaN	NaN	NaN
ALYREF_R38	89.3577683	883.4884	132.993168	172.483314	299.736756	125.2586
DDX17_R81	91.754161	1229.01539	204.84464	304.61826	415.74114	125.325
BTF3_R13	268.1416704	6050.31763	375.470711	640.5605582	897.1128003	91.87352
HNRNPH3_R129	1268.850275	1821.267494	2314.26734	1456.062524	3022.24668	1657.336
TPR_R2111	2343.13272	4272.09778	1031.79076	1288.73812	1311.216	411.754
RBM27_R455	272.09086	1073.81541	106.330994	271.31168	159.630105	44.6099
CPSF6_R194	280.633675	2080.05603	303.686152	859.8629	593.437812	52.4943
ARHGAP23_R1335	99.596852	160.925993	76.328868	128.066646	82.170303	13.9624
HNRNPAB_R253	443.1158715	7424.82197	433.95044	3022.0402	1232.399493	433.2645
ALB_R34	86.439653	1768.85476	144.335268	755.42792	426.6585	101.014
PABPC1_R481	NaN	NaN	NaN	NaN	NaN	NaN
DPYSL3_R60	4061.8299	4941.5411	1206.205	1893.63321	3774.6135	360.877
AKAP8_R188	1166.87461	4836.84836	767.9749	782.60531	1152.56028	200.6797
FAM120A_R884	NaN	NaN	NaN	NaN	NaN	NaN
BPTF_R2155	2414.92224	6087.22025	1156.27204	1474.44169	1383.80901	531.299
TRA2B_R241	1067.594882	3960.11991	843.141684	1146.885094	1582.1322	591.704
HCFC1_R847	1791.84635	4823.23668	960.94768	1536.52242	1327.95666	183.3508
HNRNPA2B1_R238	9729.57497	5660.3372088	4320.630776	8345.875835	6148.922298	3290.0285
HNRNPA0_R284	293.629631	1999.90385	184.23328	585.77408	541.99347	43.6211
KRT18_R55	1877.19407	7047.80032	1934.69276	1889.71198	977.65065	364.2835
TRIM33_R535	110.56827	1270.30933	136.341282	205.89418	220.97565	95.2056
PLEKHA5_R424	166.145017	161.84697	68.513522	109.869694	279.53256	23.2697
LSM4_R90	NaN	NaN	NaN	NaN	NaN	NaN
KRT6C_R16	NaN	NaN	NaN	NaN	NaN	NaN
ETFA_R223	859.05751	1587.7234	425.7253	927.53038	743.17344	173.304
HNRNPA3_R214	1199.266835	1870.81175	623.668276	411.228157	581.778114	103.5682
TPR_R2106	2609.79647	2916.51777	514.923948	960.98594	977.89668	595.667
SERBP1_R181	525.44536	752.10886	127.603168	212.9077	156.208872	43.5095
UFM1_R15	3636.91055	3330.45969	486.871	723.22341	459.35571	134.604
HNRNPH2_R224	NaN	NaN	NaN	NaN	NaN	NaN
HNRNPH2_R233	7344.559285	6824.705732	1290.334584	1699.443128	2024.206338	1198.7064
HGS_R557	788.015989	4152.04601	563.947846	1179.089031	1301.86155	279.8397
SNRPD3_R118	NaN	NaN	NaN	NaN	NaN	NaN
HNRNPK_R286	4873.440221	15583.54153	2033.897866	4693.80399	3797.6589	788.9756
COPA_R965	4181.62847	4516.988	1632.41232	3118.68238	2021.55417	578.652
EIF4G1_R1042	1232.6089	1739.33337	515.45648	860.28883	648.55809	215.459
ING5_R126	836.85117	1821.71298	1807.8676	1609.21129	1775.6994	81.4978
PPP1R14A_R21	1044.2112	1742.21738	208.1002	1458.19141	370.61145	71.2984
RBMX_R172	815.048129	4764.14801	475.474692	988.16524	956.413659	235.36
STAU1_R108	1002.35696	6614.87759	806.95384	1257.18492	952.48125	195.295
NUFIP2_R291	198.720316	549.98106	221.82314	473.17385	502.83222	45.4912
HNRNPH1_R224	1617.4085404	11573.51095	400.968106	911.363185	1055.782875	444.2024
HNRNPUL2_R747	977.73006	3740.05265	404.20072	911.17314	452.90937	120.0873
ZNF326_R235	1537.329445	4308.75683	1372.48188	1576.1511	2234.22321	1782.8741
KRT19_R7	NaN	NaN	NaN	NaN	NaN	NaN
BYSL_R40	447.302636	840.764104	322.36974	545.04142	766.65957	111.1077
HNRNPA1L2_R140	NaN	NaN	NaN	NaN	NaN	NaN
HNRNPA2B1_R266	621.447374	2498.36809	624.519896	604.85689	742.8336	212.4193
EWSR1_R486	773.02422	1225.01237	196.33614	413.10244	289.71714	177.044
IRS2_R429	568.54435	1051.18105	197.84842	342.06572	217.3737	125.109
HNRNPH3_R116	629.85116	1955.49998	79.462614	180.312022	195.76023	73.1795
FUBP1_R359	460.538733	3266.01248	177.415238	531.89489	602.30268	75.5333
HNRNPUL1_R685	98.0309182	1469.106575	208.333818	627.83228	565.758552	96.8349
CRIP1_R68	25475.538378	4384.6074932	15438.90502	2690.9188182	2144.9525697	3795.4082
CAPN2_R23	226.703828	756.9732	186.85282	258.77062	272.49681	49.1232
KRT6A_R42	446.199979	2549.45778	601.47934	319.567257	349.720494	66.64148
WDR33_R1144	2734.501653	14429.28448	1499.777048	2558.71622	2873.63394	1315.276
KHDRBS2_R348	NaN	NaN	NaN	NaN	NaN	NaN
HNRNPUL2_R738	1916.108785	5320.3807	464.4717	1029.75167	557.7978	260.391
CCT7_R541	NaN	NaN	NaN	NaN	NaN	NaN
KRT18_R14	105.022047	1651.49991	245.94724	200.48124	213.81777	28.085
TXLNG_R24	75.503088	918.44246	121.74855	288.8302	419.9325	67.6396
FUS_R514	437.4775753	6954.443469	555.718394	1254.284967	1160.949018	304.3584
KRT6B_R42	NaN	NaN	NaN	NaN	NaN	NaN
SRSF1_R109	196.345020089	4882.01471	473.856306	938.412987	1141.797795	414.90122
C11orf68_R29	1310.704515	2020.38138	569.824332	1242.78352	571.760622	260.3834
SNRPB_R147	2397.9421648	14753.17963	835.255036	1530.072732	1320.334509	711.26
CPSF6_R202	355.4160336	7205.96197	943.997054	512.717153	577.402497	160.9987
FXR2_R399	5205.23427	6752.79116	2431.47058	2719.13903	3944.3919	731.021
NCL_R660	NaN	NaN	NaN	NaN	NaN	NaN
SRSF1_R111	NaN	NaN	NaN	NaN	NaN	NaN
RPS10_R160	21.9796806	1808.08718	21.4378164	128.390009	182.367525	43.7354
TAF15_R459	1838.161391	12276.29865	1231.52568	2402.180642	3520.754967	700.5471
HNRNPA3_R286	183.776039	855.47079	160.49418	154.056016	210.37689	22.8544
EPPK1_R3671	NaN	NaN	NaN	NaN	NaN	NaN
KRT8_R23	239.906604	656.45998	244.58896	493.0474	190.77591	89.7828
HNRNPA2B1_R325	1784.441045	2305.41476	320.701304	738.99428	532.301304	285.7033
KHDRBS1_R340	2803.946064	7540.16825	1043.40852	1662.392566	1744.35624	350.959
PPFIBP1_R527	1840.89716	921.12879	339.77944	1037.12045	1477.04199	118.608
PABPN1_R259	300.228338	1228.16466	207.397652	439.710268	498.04791	187.3778
PABPN1_R277	197.6750707	1392.54264	259.300888	169.2262674	2105.13888	105.3205
CCDC9_R102	241.687554	409.21172	77.586124	216.72579	226.83612	28.3442
BTF3_R17	NaN	NaN	NaN	NaN	NaN	NaN
VIM_R69	1419.247098	1001.830944	196.566832	2264.98305	1477.65795	70.3619
TXLNG_R12	NaN	NaN	NaN	NaN	NaN	NaN
HNRNPA1_R232	NaN	NaN	NaN	NaN	NaN	NaN
FAM195A_R65	3099.74156	8332.47675	1149.2173	1436.269003	1789.26999	1407.364
KRT19_R32	5164.622482	15984.02003	1240.673434	1655.296725	1218.766953	617.3196
HNRNPA0_R189	716.934636	2527.62473	213.473722	627.03581	555.249	41.1049
CDKN2A_R115	NaN	NaN	NaN	NaN	NaN	NaN
DSTYK_R294	114.366098	85.628975	251.40808	12.8805243	34.186488	6.1475
EPPK1_R4205	NaN	NaN	NaN	NaN	NaN	NaN
HNRNPAB_R250	NaN	NaN	NaN	NaN	NaN	NaN
SAFB_R818	NaN	NaN	NaN	NaN	NaN	NaN
EIF4H_R191	5921.359244	17456.96548	2253.212808	5071.42627	4474.15113	1076.1029
G3BP1_R435	275.678804	2136.06301	370.22524	464.5311	777.19815	95.3399
SF3B2_R222	82.762853	1708.08934	216.67338	247.52072	474.44673	45.2557
ESRP1_R582	130.638619	359.92939	37.705514	66.558534	50.404998	29.2109
TAF15_R570	1612.20403	3488.99905	327.28696	915.44963	865.12467	231.558
HNRNPAB_R248	313.5180167	1870.28578	211.535478	719.607971	492.437541	127.9736
ADO_R28	104.467463	105.119517	154.61908	338.80535	283.26903	15.4112
GATAD2A_R539	112.086099	903.03048	186.42932	370.87998	403.1529	36.3703
HCFC1_R524	2555.822195	9910.34792	1242.27796	1650.816247	1900.725474	914.5392
SF1_R537	844.69501	4014.9161	508.19538	920.36406	759.0822	276.239
HLTF_R27	1938.33619	2873.89302	542.6883	1038.05253	658.70196	380.912
KHSRP_R415	NaN	NaN	NaN	NaN	NaN	NaN
HNRNPUL1_R181	238.386477	871.99825	155.2859	505.19309	306.48435	62.3557
KRT7_R329	155.481914	5339.2309	557.5262	1025.53821	1073.68554	357.263
MTMR14_R638	3584.79191	2065.27592	437.75039	879.80903	693.04704	342.345
KHDRBS1_R282	NaN	NaN	NaN	NaN	NaN	NaN
DDX17_R684	1503.25202	435.45021	1920.20444	1717.70693	1800.15372	44.6116
FUS_R218	48.405838	187.406994	83.391308	73.867913	49.047939	28.6875
CHTF8_R494	1323.611232	4894.69447	625.822736	586.062681	915.88296	187.0015
SRSF5_R88	1135.4999011	9938.46437	1451.745526	2799.139571	3559.72488	632.1007
FUS_R503	836.00857	4783.86306	478.14844	985.8847	1100.15766	475.964
OSBPL10_R38	1459.636746	644.293129	1827.73514	1501.56178	459.531294	251.5358
KRT6A_R59	223.4805	1621.76319	851.79248	107.765447	134.827095	32.01
ZAK_R670	183.402231	1988.50901	113.60195	357.526597	306.962427	187.6626
KRT4_R27	2141.93133	1093.90817	435.63674	520.12356	627.10392	738.399
HNRNPA1_R206	2265.839873	4659.93888	561.72193	706.096822	1895.65407	295.5678
PABPC1_R493	NaN	NaN	NaN	NaN	NaN	NaN
SAFB_R749	1630.33142	4605.00149	560.049182	974.882718	870.444582	429.5153
TRIP6_R186	NaN	NaN	NaN	NaN	NaN	NaN
HNRNPUL2_R684	1523.75018	4001.30795	574.60326	867.1018	821.18442	318.733
TFPT_R68	249.059155	1896.31953	282.65622	405.964197	523.720344	160.8777
PRRC2C_R2719	753.43377	2555.43407	295.17642	423.35341	534.91701	240.751
WDR33_R1257	1086.010671	12427.66505	1998.70594	2672.11674	2507.56785	779.954
NCL_R694	116.802361	1435.5451	139.496742	367.72657	456.77682	96.8806
KHDRBS1_R320	361.198491	2362.03596	148.551942	640.83365	459.18756	133.108
RBM3_R99	122.764905	1056.35603	121.820622	253.996002	198.979683	61.8269
ZNF579_R92	351.08844	1853.90305	272.580616	822.62936	369.181467	122.7337
ITIH3_R368	2174.54378	4452.9185	818.03722	1629.11731	957.98595	403.686
CCNK_R580	358.636221	1428.50981	132.421366	352.96036	241.06161	82.3842
WDR33_R1035	4193.484618	6121.05883	3321.5028	4105.83914	5045.76024	1599.796
GIGYF2_R149	2572.75271	5198.06267	1191.07604	1471.89184	1448.87244	641.833
WDR33_R1071	149.550776	341.428307	143.747142	236.72922	268.2612	84.7618
SNRPD3_R110	NaN	NaN	NaN	NaN	NaN	NaN
KRT7_R13	4565.91535	3296.07749	667.72244	683.511072	800.41524	261.1723
TCERG1_R20	1398.033877	6625.79235	771.551088	1519.20063	1496.77926	266.8492
KHDRBS1_R346	NaN	NaN	NaN	NaN	NaN	NaN
FAM120A_R886	635.410022	3948.9404	161.686448	427.50002	305.089767	248.955
MORF4L2_R35	193.903325	2155.98633	219.034662	540.64269	1179.21648	100.1716
ADAM9_R772	1750.91131	5026.4376	1136.0965	2338.4894	974.40978	207.557
HNRNPAB_R245	279.5152384	3644.43201	473.578644	1505.820889	928.555983	279.5147
AVL9_R588	869.68576	1494.87734	267.64122	492.09622	472.00059	163.497
SF3B2_R216	1542.23376	6183.3598	742.30618	1502.30095	926.56668	635.553
KHSRP_R411	NaN	NaN	NaN	NaN	NaN	NaN
WDR36_R800	1719.712513	4238.03328	466.989908	874.746384	1191.637101	239.4107
TRIP6_R236	964.8536	1629.72687	452.28106	325.77724	442.39557	220.297
HNRNPUL2_R688	NaN	NaN	NaN	NaN	NaN	NaN
CDK16_R19	640.68623	892.70876	1036.44464	1697.08084	1674.00051	238.647
XRN2_R895	3234.07881	5638.46194	1054.5458	2819.3319	1239.06018	434.412
HSPB1_R12	3257.64863	1017.30364	134.553034	556.58928	179.78598	115.827
EIF4G1_R1032	NaN	NaN	NaN	NaN	NaN	NaN
ARHGAP23_R180	488.203972	1367.54318	608.99916	1793.62752	519.54279	93.5269
KANK2_R105	8334.35576	3367.00931	821.17728	1200.45219	1300.21899	360.9875
TAGLN2_R196	12784.93449	22143.59822	2133.758704	3967.663437	3932.64087	1117.0155
KHSRP_R413	NaN	NaN	NaN	NaN	NaN	NaN
PSPC1_R507	839.331095	4252.0615	805.315588	420.206876	2219.53752	395.5251
DYNC1LI2_R397	1768.37611	253.229139	1175.87008	697.4174	1135.15941	285.849
LMNA_R644	1053.61002	6544.1964	0	279.36615	41.947053	42.9335
UBE2M_R169	2951.50141	4507.60879	688.21522	1344.34204	1121.42775	270.315
KRT19_R43	9795.77476586	48085.8035651	6106.938145	9737.9100402	5651.58420048	2428.09602
KLHDC10_R13	NaN	NaN	NaN	NaN	NaN	NaN
ELMSAN1_R447	2293.33889	1957.18379	307.88142	389.70494	294.86076	95.3864
TAF15_R562	NaN	NaN	NaN	NaN	NaN	NaN
