	H2342	H2073	Lou-NH91	HCC15	H1703	
G3BP2_Rme1_R468	0.0911105974472	-1.1876645062	-1.20565455845	1.11432087974	1.10355347673	
PROSER2_Rme1_R378	-1.67098893283	-1.91082276121	-2.19434675064	-0.74485246449	0.15971854471	
CDC42EP5_Rme1_R38	-1.68685290479	-3.22389817897	-2.51352533505	-2.30817460348	-1.20330066695	
CAPRIN1_Rme1_R633	1.2718836807	-0.115975474506	-0.451814401602	0.963062750131	2.70133701725	
HNRNPA1_Rme1_R336	0.389951080654	0.181015281564	-2.51242864952	0.155131773564	1.21133964957	
SFPQ_Rme1_R242	2.41625975418	2.36595072789	0.268265030076	2.85462014627	3.82329811813	
SNRPB_Rme1_R108	-2.70138036577	-2.49604642239	-2.86107542422	-0.35616696096	-0.480633416637	
CCDC9_Rme1_R107	nan	nan	nan	nan	nan	
YLPM1_Rme1_R636	-1.66336558336	-2.2684249923	-2.88701927459	-1.16252656258	-0.997752794309	
RBM47_Rme1_R394	-2.44663923343	-2.12512562998	-3.47296104952	0.500932312112	-0.542553101316	
HSPA9_Rme1_R513	-0.6727194713	-1.85475218532	-1.57892063489	-1.46946216027	0.220253767731	
C8orf33_Rme1_R27	-1.26566181549	-1.13152503802	-2.30920115004	-1.0205281942	0.441529848281	
NCOR2_Rme1_R1737	-1.52765436484	-2.56315834612	-0.845624487129	-0.994740183577	0.321547775583	
KNOP1_Rme1_R430	-0.590478101223	0.267549838453	-1.89390693673	0.0981732646071	1.45359398669	
CHD7_Rme1_R148	-1.16680255228	-1.18085258782	-2.39212862922	0.396579769096	-0.190843049086	
TAGLN_Rme1_R183	-2.41115763776	-3.51800454643	-4.61345124283	-3.20287929153	-2.42472339499	
C15orf52_Rme1_R290	nan	nan	nan	nan	nan	
HNRNPUL2_Rme1_R695	1.03629932658	-0.264007708142	-1.608994194	0.11295683814	0.946736290097	
DDX17_Rme1_R100	-0.766914375984	-1.04046175894	-2.39125356437	-0.915807681348	0.571379267051	
PRRC2C_Rme1_R242	-0.134419113004	-0.551449872265	-3.73426795326	-0.270865270992	0.69994564303	
RBMX_Rme1_R298	-0.101546347072	-1.25730138002	-1.95924637453	-0.593684827833	0.622664162585	
RBM3_Rme1_R47	-2.45674627778	-1.80426928158	-2.96082763366	-1.50858804944	-0.336227735878	
RBM27_Rme1_R943	-0.941612967738	-0.252814109234	-1.06179448516	1.8840354503	1.48036849574	
RBMXL1_Rme1_R125	nan	nan	nan	nan	nan	
WDR33_Rme1_R1030	nan	nan	nan	nan	nan	
TRA2B_Rme1_R228	0.0053937313513	-1.91256076932	-1.91254123288	-1.45822597646	0.696546590415	
PITPNM1_Rme1_R1230	-1.77903922159	-0.515845320622	-4.24055054605	-2.02450165671	-0.189020494954	
RPS10_Rme1_R158	nan	nan	nan	nan	nan	
RBM15B_Rme1_R95	1.22602437623	0.422492920114	0.379970423161	1.11758762049	2.65561152896	
NCBP2_Rme1_R146	1.50316332926	1.7656404701	0.735079292581	1.46075498966	2.98719994231	
HNRNPUL2_Rme1_R704	-0.377166161606	-1.42333936814	-2.27600287715	-0.748488441502	0.206537668961	
SFPQ_Rme1_R706	-1.91595799159	-1.86344709316	-4.02434322793	-1.97386895125	-0.78778952588	
KHDRBS1_Rme1_R302	-2.08706536443	-2.21470885464	-2.75788798961	-1.24794301705	-0.254307760888	
HNRNPA2B1_Rme1_R228	-0.92299425573	-1.20227310311	-2.49912698098	-0.648600230913	0.216113261282	
RBMXL1_Rme1_R372	-0.975358210968	-0.114390848331	-2.39593512737	-0.0247005803923	1.89222068192	
SON_Rme1_R950	-1.2637617546	-1.99337074247	-2.84142690055	-1.17210274095	0.171880083744	
TPR_Rme1_R2163	-1.28747272373	-2.07972978366	-2.06550286181	-1.15779453041	-0.214716396349	
GATAD2B_Rme1_R286	-0.572628830242	-0.695418543467	-2.36854351989	-0.348103123128	0.738455232918	
NEBL_Rme1_R795	-2.49886373034	-4.6537908793	-5.46440436394	-1.79973909722	-2.55472907342	
BCL9_Rme1_R1254	-0.141458553565	-0.894303923082	-1.96568971618	0.96509146135	1.74481546354	
HNRNPA3_Rme1_R377	-2.23608679118	-2.34153418577	-4.18494575821	-1.46353604859	-1.38294982716	
FOXK1_Rme1_R191	-1.75639323683	-1.08798826734	-1.41575990956	-1.46593756	0.461167845781	
KRT6B_Rme1_R24	nan	nan	nan	nan	nan	
HSPA2_Rme1_R472	1.69125494533	-4.28593415168	-3.11621021393	-0.825354488448	-0.829485524817	
RBMXL1_Rme1_R368	nan	nan	nan	nan	nan	
KIF1C_Rme1_R963	nan	nan	nan	nan	nan	
DHX9_Rme1_R1227	nan	nan	nan	nan	nan	
HNRNPA2B1_Rme1_R350	0.980798561637	0.101002998347	-1.22597471345	0.582582473459	1.42679113546	
DDX3X_Rme1_R617	1.26766897092	1.41447014681	1.22108907107	2.35726158899	1.94869086335	
SART3_Rme1_R918	-2.28299624315	-1.73686733491	-3.1875442004	-0.199192979608	-0.571304486762	
KHDRBS1_Rme1_R284	-3.23711847467	-2.91909173918	-3.43902774556	0.0286373759413	-0.60494211981	
CHTF8_Rme1_R172	-1.73262463196	-1.20111035064	-2.53123485864	-0.633797655153	0.059783537506	
HNRNPD_Rme1_R272	-0.619038154157	-1.93650799785	-2.36891163925	-0.405850197064	1.17040081344	
NFIC_Rme1_R451	-2.09473637857	-1.93541204	-2.1213895394	-0.896812793115	0.190237860562	
PPP1R10_Rme1_R726	nan	nan	nan	nan	nan	
MPLKIP_Rme1_R117	-2.37386694054	-3.32239585527	-4.14716469051	-2.81596062792	-1.05773857485	
HNRNPA1L2_Rme1_R196	nan	nan	nan	nan	nan	
RBM47_Rme1_R383	nan	nan	nan	nan	nan	
YLPM1_Rme1_R589	nan	nan	nan	nan	nan	
EIF4H_Rme1_R146	-1.45757364228	-2.26756215414	-1.98038259393	-2.15824893317	0.560153315975	
SRRT_Rme1_R840	nan	nan	nan	nan	nan	
HSPA1B_Rme1_R469	0.0705246807835	-0.752127391512	-3.02430581875	-1.33344148039	-0.305646160894	
FUBP1_Rme1_R363	-2.06462110773	-2.59450827899	-3.48479075503	0.21858042966	-0.418017730217	
SAFB_Rme1_R751	-1.00290144053	-1.22063585391	-1.99935569391	-0.515737437544	1.11494731017	
SERBP1_Rme1_R195	-0.437394880252	-1.0305647381	-2.01381758638	-0.30894912867	1.46888454582	
TRIP6_Rme1_R238	-1.07011519997	-2.67598450471	1.28697331157	-2.376960588	-0.0957116378782	
SCAF8_Rme1_R988	nan	nan	nan	nan	nan	
SRXN1_Rme1_R11	nan	nan	nan	nan	nan	
PABPN1_Rme1_R269	nan	nan	nan	nan	nan	
SAFB_Rme1_R811	nan	nan	nan	nan	nan	
ATXN2_Rme1_R640	-1.37877853751	-1.52864808206	-1.74765241521	-0.705801082095	1.09239540691	
UBAP2L_Rme1_R174	nan	nan	nan	nan	nan	
CCT7_Rme1_R53	0.325023260759	1.55291271785	-1.97313650456	0.773387397037	2.85331814092	
HNRNPUL1_Rme1_R661	nan	nan	nan	nan	nan	
KDM1A_Rme1_R838	-1.94631697321	-2.11989467969	-2.8891498287	-1.58321360686	-0.529722605711	
VIM_Rme1_R64	-3.92847642479	-2.26184540949	-2.73927462836	-1.68466568713	-0.661401933693	
CCT4_Rme1_R19	1.6160937489	2.49462730607	-2.91135617637	-1.01349358077	2.88047908045	
PCNXL3_Rme1_R274	-3.25646664576	-2.22150900828	-3.22490766058	-1.18402088064	-0.983155310044	
NOP56_Rme1_R342	-0.191649094743	-0.307681252342	-1.94973165581	0.354904690688	1.65257716267	
CCT7_Rme1_R539	nan	nan	nan	nan	nan	
GATAD2A_Rme1_R293	-0.835708640815	-1.59452983312	-1.87542552397	-0.856391477206	0.73833523431	
VIM_Rme1_R28	-1.57763657082	-0.0591187799612	-1.55431528032	-0.411654586876	1.69867573764	
FOXK1_Rme1_R177	-2.46702733085	-2.10081760292	-2.99388318431	-1.74758395898	-0.33945046264	
EWSR1_Rme1_R471	-1.19924338434	-1.14061286112	-2.16037850591	-0.479654009323	0.994112234431	
ZYX_Rme1_R253	-100	-6.01505375208	-7.27277737108	-5.83018560012	-4.54407640811	
PPP1R10_Rme1_R665	-1.11155273778	-1.00041152435	-2.79023862218	-0.0205224481486	0.192737933813	
SNF8_Rme1_R4	0.290423458466	-1.55497814008	-1.93627379597	-0.0978238709925	0.877971790444	
ILF2_Rme1_R24	nan	nan	nan	nan	nan	
WDR33_Rme1_R1262	0.385212460245	0.514666952886	-0.632562578695	1.27556952176	2.35856467776	
SF1_Rme1_R662	nan	nan	nan	nan	nan	
CMAS_Rme1_R16	-0.598435524833	0.910541524769	-1.37092684659	0.0874311084107	1.73493099346	
CNBP_Rme1_R27	nan	nan	nan	nan	nan	
PRRC2C_Rme1_R1190	nan	nan	nan	nan	nan	
SUPT5H_Rme1_R681	nan	nan	nan	nan	nan	
DIDO1_Rme1_R1882	-0.51463226364	0.294839062742	-2.08361109461	-0.27718960838	1.57149504951	
ZSWIM8_Rme1_R1454	nan	nan	nan	nan	nan	
RPS6KA4_Rme1_R743	-0.418593937015	-1.15501140061	-0.98138681878	-0.546337907032	1.31084990781	
KRT19_Rme1_R51	0.887936136706	-3.76261334996	-0.31716459766	-1.63572880478	-0.773565146078	
DIDO1_Rme1_R1835	-1.01656392999	-0.250868292417	-2.52301798454	-0.557389861276	1.18923038547	
LIX1L_Rme1_R18	-2.9811272466	-0.741435658617	-1.9767892182	-1.93252889195	1.63956861214	
DHX9_Rme1_R1174	0.548557117463	0.0350779744148	-1.43028408454	1.08358962789	1.5048970096	
HNRPDL_Rme1_R336	nan	nan	nan	nan	nan	
BAG3_Rme1_R261	-3.69641203057	-2.84508399374	-3.07002081769	-2.33539439672	-1.49430649349	
XRN2_Rme1_R936	0.98803629685	0.248889314492	-1.06824836608	0.213990616754	1.86591581966	
STAU2_Rme1_R137	-0.608588497847	0.309357704076	-2.6759534521	-0.272558008321	1.44703814185	
SNX3_Rme1_R43	-0.851868526545	-1.94715504926	-2.04458127243	-1.62884920131	0.546300232443	
EIF4G1_Rme1_R675	-0.621578864756	-0.623478335378	-1.63230002641	-1.37486321002	1.60308478832	
EIF4B_Rme1_R261	-0.319124596071	-0.242471037466	-1.53123671532	1.26500265749	0.685945064932	
HNRNPH3_Rme1_R138	0.31414132549	-2.08500688239	-1.72722500244	0.917220244276	0.859920820614	
FOXK2_Rme1_R144	-1.35773801201	-0.628629358313	-1.38582019941	-0.491467209065	1.46363991305	
KRT18_Rme1_R45	-0.199698491258	-0.190801555662	-1.24614950196	1.07782170955	-0.313557331194	
DIDO1_Rme1_R1824	nan	nan	nan	nan	nan	
LSM4_Rme1_R88	nan	nan	nan	nan	nan	
KRT6B_Rme1_R16	nan	nan	nan	nan	nan	
FAM195A_Rme1_R27	-1.90963224722	-0.546523072066	-2.1406520268	-0.889834080052	0.021725032233	
FUBP3_Rme1_R339	nan	nan	nan	nan	nan	
ELAVL1_Rme1_R217	-1.62910127208	-1.77241630903	-2.82064359301	-1.67612713705	0.0297429923297	
SERBP1_Rme1_R201	-0.62279709193	0.595466714309	-2.83604440013	0.16667120285	0.859667617343	
BYSL_Rme1_R8	2.40792444624	1.63885096972	1.27121401721	2.51003923298	4.20145334315	
FAM50A_Rme1_R13	1.10392226078	0.363465252028	0.0754406106268	0.996261319664	2.98623337235	
NUP107_Rme1_R60	-1.67080994304	-1.76446277789	-2.4576978358	-1.16440110278	-0.175243944501	
FMR1_Rme1_R546	nan	nan	nan	nan	nan	
HNRNPL_Rme1_R46	-0.908902349613	0.6841032187	-3.98167329655	2.01582418779	1.24691989182	
HNRPDL_Rme1_R408	-1.60673615095	-1.76073442033	-2.79894897842	-1.35885946316	0.328445250376	
SIRT7_Rme1_R388	-1.36582879859	-0.890591693104	-1.71190309143	-0.695830103353	1.47609735881	
TFG_Rme1_R400	-1.18956852689	-0.490616967586	-2.09396347817	-0.653235058449	0.230907634884	
AHNAK_Rme1_R270	-3.00194195982	-3.76013021624	-3.83924614671	-2.98114272998	-1.14296639471	
LSG1_Rme1_R5	nan	nan	nan	nan	nan	
SAFB_Rme1_R742	nan	nan	nan	nan	nan	
TAF15_Rme1_R467	nan	nan	nan	nan	nan	
CHTF8_Rme1_R214	-5.52606056705	-4.53510559064	-5.48157741721	-3.85634719668	-2.8634913653	
EIF4G2_Rme1_R360	-1.81040381894	-2.00938539725	-1.63067427037	-1.82340362867	-0.712955860841	
SFPQ_Rme1_R695	-1.01953774982	-0.956461791439	-2.95716644326	-1.48669289091	1.08208051852	
HSPA6_Rme1_R471	nan	nan	nan	nan	nan	
KANK2_Rme1_R243	-5.54056288479	-3.31652498928	-4.57698815911	-4.81954310921	-1.23029913657	
PNN_Rme1_R56	nan	nan	nan	nan	nan	
LSM14B_Rme1_R351	0.891236450311	0.496433299788	0.495505537159	0.673066537965	2.22689377377	
UBAP2L_Rme1_R168	1.50004772683	0.395882906534	-0.0775044151804	0.271008540612	3.10512711619	
EIF4H_Rme1_R174	-0.401146276549	-0.974012310018	-0.739178974783	-0.37854741079	1.61916592548	
KRT6A_Rme1_R16	-0.8207084398	-1.97493656455	1.95687972302	-1.42539227226	0.530306541831	
HSPB8_Rme1_R71	nan	nan	nan	nan	nan	
ALYREF_Rme1_R71	0.306785888493	-0.374375140466	-1.06244741521	0.517916032021	1.96759473079	
ALYREF_Rme1_R50	-0.799118299624	-0.983218154053	-1.61645831993	0.271893911768	1.91649723272	
CHTF8_Rme1_R186	-1.4686213174	-1.4658276906	-2.76155451895	0.0140829200232	0.542191781385	
RBM3_Rme1_R145	-1.95662346888	-0.975703284723	-2.05025904451	-0.887717327387	0.43109529061	
HNRNPA1_Rme1_R370	1.43675904941	1.41818490928	-1.68153259684	1.49409330334	1.96023681494	
MPDZ_Rme1_R1170	-1.85436612406	-1.12758925149	-2.03574872101	-2.73935317036	0.38979432936	
SF3B2_Rme1_R502	0.917265656182	-2.84198766786	-0.863693722055	0.37061101337	0.746956997442	
ILF2_Rme1_R16	-0.56738366726	-2.26469266975	-1.25120911965	-1.68342697487	0.568449282592	
TCEAL5_Rme1_R185	nan	nan	nan	nan	nan	
SEC16A_Rme1_R1036	-1.72474520832	-1.35794998801	-1.27008293387	-1.33749768857	0.760516986227	
CIRBP_Rme1_R121	-1.51695988141	-0.927374859498	-2.32684959187	-1.03991865667	0.724594092113	
ADAR_Rme1_R26	-0.127517458668	-0.693126477817	-2.22529809277	0.149727215443	0.256688889727	
UBAP2L_Rme1_R172	nan	nan	nan	nan	nan	
KRT6A_Rme1_R40	-2.24579534188	-1.3122742579	0.118785285652	-2.08226549283	-0.470936457486	
CSTF2_Rme1_R303	-1.96206977846	-0.299006601519	-1.29665610114	0.0893307759013	1.2393092147	
GATAD2A_Rme1_R273	-2.33427440517	-1.4559848979	-3.19432785372	-0.995935816323	-0.748131215417	
TCEAL3_Rme1_R176	nan	nan	nan	nan	nan	
PRRC2A_Rme1_R1164	0.384695939806	-0.261926384028	-1.82528610848	-0.362034957406	2.42099187231	
LARP4B_Rme1_R419	-1.25925253949	-1.25970960771	-2.52997219907	-0.147447411173	0.749559797139	
EPPK1_Rme1_R2603	0.196404023508	0.29927321335	-1.87170604098	-1.73578991155	0.390160459523	
KRT7_Rme1_R30	nan	nan	nan	nan	nan	
YLPM1_Rme1_R566	nan	nan	nan	nan	nan	
EEFSEC_Rme1_R556	-0.513799189648	-0.324983530925	-1.19988242338	-2.05270541289	1.40547925739	
KRT6C_Rme1_R42	nan	nan	nan	nan	nan	
G3BP2_Rme1_R457	0.648594755576	-1.40499199119	-1.15638745548	-0.394235199583	2.74141171471	
FUS_Rme1_R371	-0.362084615214	-0.952133102248	-2.164411444	0.00828252432015	0.75525000817	
SRSF5_Rme1_R73	0.431079478159	-0.23259227642	-1.49605126611	2.03758205076	1.49209619071	
ITIH4_Rme1_R56	-0.728356292934	-1.14237784495	-1.35840096425	-0.320693712302	0.499000442781	
SEPT9_Rme1_R10	-1.11105493641	0.199062719041	-0.394462524942	0.483578817696	1.91499313168	
CHTOP_Rme1_R97	-1.76632543919	-2.38727906979	-2.81547330496	-1.18365048874	-0.22590574171	
BTF3_Rme1_R19	0.0362893667339	-1.68796013866	-2.17213499548	-1.05403653831	1.188679572	
YLPM1_Rme1_R619	nan	nan	nan	nan	nan	
SDE2_Rme1_R203	2.98397254634	1.32898727424	0.00567184679788	2.64172715507	2.58078103979	
C11orf68_Rme1_R237	-2.35449837311	-2.15860356594	-2.77204437737	-1.93098218926	-0.307360165379	
TCEAL6_Rme1_R179	nan	nan	nan	nan	nan	
KANK2_Rme1_R117	-5.73859072015	-3.8403284178	-3.38819240297	-2.89542489418	-1.57235028429	
TRA2B_Rme1_R251	nan	nan	nan	nan	nan	
PKP3_Rme1_R261	-1.00462249719	-1.10454563942	-1.90327449013	-1.20391221686	-0.253232154745	
AKAP8L_Rme1_R237	-0.849721333512	-1.51146281995	-1.72738675549	-1.27069723475	1.15554587269	
PROSER2_Rme1_R320	0.116703768023	-3.1684352593	-1.86690489383	0.0520835659306	-0.914979177879	
HNRNPA1_Rme1_R194	0.719538696842	0.345430359585	-0.788531613744	0.95848398849	2.93131192337	
FUS_Rme1_R216	nan	nan	nan	nan	nan	
KRT18_Rme1_R27	nan	nan	nan	nan	nan	
RBM7_Rme1_R201	-1.57398559748	-2.37193761988	-3.03933048874	-1.14448603141	0.227974366972	
HNRNPAB_Rme1_R322	-0.339669923441	0.599666774592	-0.282602572883	1.39851673805	2.61400050551	
DDX3X_Rme1_R93	nan	nan	nan	nan	nan	
UBAP2_Rme1_R166	0.238115698628	-1.35756154939	-0.65653229611	-0.473670177275	2.36537120366	
WDR33_Rme1_R1067	-0.112199556734	0.0536550646329	-1.98258737053	-0.55373445492	1.92279138815	
EIF4H_Rme1_R19	-1.08806521913	-1.22043154262	-1.47250546808	-1.12380591513	1.03767668256	
API5_Rme1_R500	-1.48281210789	-2.01559435192	-2.01337998671	-0.569380404146	0.452956454245	
C1orf106_Rme1_R578	-0.585516893012	-0.868872178235	-1.62498094966	-2.03417449706	-0.827609145522	
PABPN1_Rme1_R291	nan	nan	nan	nan	nan	
C1orf106_Rme1_R554	-0.38594865781	0.812676093377	-1.61545020609	-1.28101946147	-0.360096928829	
RUFY1_Rme1_R12	-2.61712066696	1.24147461634	-0.745300178462	-0.57140465155	2.07221914018	
HNRNPA3_Rme1_R226	-1.3221317402	-1.29317497224	-2.20614150269	-0.408293622625	1.54726817282	
CDK18_Rme1_R463	-2.01620335431	-1.65259422891	-3.37832802901	-2.64611981601	-1.25856216348	
EWSR1_Rme1_R300	-5.0220978109	-3.9413451473	-4.7060950434	-3.1399749396	-1.33697110204	
EIF4H_Rme1_R166	-0.0600813918212	-1.63673959029	-2.62627867266	-0.269571643343	0.989824073424	
CCT7_Rme1_R535	-0.523315488382	-0.700815155622	-1.39244608258	1.48340117493	1.72516899859	
SRRM2_Rme1_R2717	1.32677234368	1.02236686381	-0.552698700547	1.4669190704	4.31799768446	
EPRS_Rme1_R1152	-0.356126471059	-1.16128957385	-1.20028100344	-0.370549534003	0.966786893702	
SRRM2_Rme1_R2221	-1.73274657507	-1.93754155628	-2.91280100573	-1.528953702	-0.569494577453	
PRRC2C_Rme1_R1198	nan	nan	nan	nan	nan	
HNRNPK_Rme1_R316	-0.584554366728	-0.899992211148	-2.24355700086	-0.840985462117	0.181691618304	
TAF6_Rme1_R524	nan	nan	nan	nan	nan	
SUCLA2_Rme1_R106	0.615173820462	-0.848512537672	-1.6255067173	-2.63631036468	0.869383619189	
WDR33_Rme1_R915	-0.938091156339	-0.785973887751	-2.65994927458	-0.47724682169	0.868546072619	
DCP2_Rme1_R319	2.81479927897	1.77480751359	-0.290851054684	3.44680024562	4.39756238679	
PRRC2C_Rme1_R2823	-1.48013932523	-1.25769237984	-1.77062704355	-1.62523625351	1.16178891609	
RABL6_Rme1_R508	0.31678156918	0.182784619351	-3.09747950146	0.215134907409	0.866643048777	
RALY_Rme1_R141	-1.08770908616	-1.36693842006	-2.31870914236	-0.796129258662	0.0279694861901	
DDX3X_Rme1_R88	0.60722894132	0.505858531287	0.0139915129001	1.69525412609	1.50394706208	
CSTF2_Rme1_R344	-1.67388769009	-0.515946472803	-2.75812998666	-1.37017885599	-0.0714230162196	
AKAP8L_Rme1_R171	-0.190696233695	-0.54266901415	-1.73438792451	-0.50668380916	1.03537459882	
PABPC4_Rme1_R436	nan	nan	nan	nan	nan	
TAB2_Rme1_R173	-0.472387141108	-0.305495396585	-0.330708658743	0.0331088504476	1.55554823706	
NARR_Rme1_R42	-0.742184043734	-0.325918448389	-0.894224656609	-0.143267205613	2.70865877514	
HNRNPH3_Rme1_R129	-0.265840551863	-2.06895460272	-1.77661787737	-0.967585341159	1.6395532166	
LARP4B_Rme1_R493	-1.77286461563	-1.93086014259	-2.96298088651	-0.0607849493206	-0.245036394843	
DIDO1_Rme1_R1845	nan	nan	nan	nan	nan	
G3BP1_Rme1_R460	0.54508248628	-0.802423029396	-0.269700830092	-0.0485437320339	2.4614765918	
VIM_Rme1_R45	nan	nan	nan	nan	nan	
SRSF9_Rme1_R194	-0.947217681007	-0.656616710314	-1.53972992789	0.524334908559	1.23184233135	
SLTM_Rme1_R1017	1.63754541773	1.39542087756	-0.818945900035	1.9079741348	2.48594378541	
KRT7_Rme1_R64	-1.70568313566	-2.30846033228	-1.00908739891	-1.12303272327	-1.49240945291	
BTF3_Rme1_R15	nan	nan	nan	nan	nan	
PPP1R10_Rme1_R705	nan	nan	nan	nan	nan	
BAG3_Rme1_R121	-1.71110347355	-1.90829025561	-2.31995493837	-1.12089877421	-0.164662515139	
PKP2_Rme1_R125	0.283252692899	-0.357763542782	-1.09193812382	-1.02814541877	2.3657534265	
RASSF7_Rme1_R125	-1.3463223156	-2.05975852857	-1.61315237056	-2.11289698227	-0.615897033749	
KIF1C_Rme1_R958	nan	nan	nan	nan	nan	
RBMX_Rme1_R369	nan	nan	nan	nan	nan	
THRAP3_Rme1_R66	-0.747903248836	-0.980308059435	-2.12860057837	-0.122476563734	1.143142452	
SP3_Rme1_R611	0.266272577635	0.398625825391	-1.94867238404	-1.02297998522	1.88378233897	
XRN2_Rme1_R946	-0.428381301725	-0.833101061025	-2.48515776621	-0.818888704975	0.778936985198	
PPP1R10_Rme1_R723	nan	nan	nan	nan	nan	
SFPQ_Rme1_R25	nan	nan	nan	nan	nan	
SAFB2_Rme1_R835	-0.313173063675	-0.757465745724	-2.1758438551	-0.93858374283	1.0427297583	
ACIN1_Rme1_R624	-0.393783431545	-0.504685952508	0.116419299507	-0.071963433493	2.1202283757	
HNRNPUL2_Rme1_R700	0.260384164867	-1.35036463938	-2.14172886933	-0.757774793929	0.525007057197	
PROSER2_Rme1_R414	-0.242669906077	-1.31413300173	-1.29772045794	-0.795142069389	1.18303878522	
DIDO1_Rme1_R1799	nan	nan	nan	nan	nan	
TAF15_Rme1_R185	-0.337995702572	0.228531062445	-1.52068708181	0.556145334405	2.65872561113	
WIPF1_Rme1_R134	nan	nan	nan	nan	nan	
YLPM1_Rme1_R594	nan	nan	nan	nan	nan	
TAF15_Rme1_R483	-1.67664181447	-1.05255800646	-2.8526985679	-1.30143101307	1.91367775853	
ALYREF_Rme1_R204	-1.92172349464	-1.54205978177	-3.01565076102	-0.644404689884	0.221957109401	
PABPC3_Rme1_R475	nan	nan	nan	nan	nan	
DDX3X_Rme1_R95	nan	nan	nan	nan	nan	
HNRNPH3_Rme1_R121	-1.34273335162	-1.9174229665	-2.41662915899	0.826076487356	0.117553910362	
HNRNPA1_Rme1_R196	-0.712621214889	-0.742337894517	-1.83910649703	0.0678248763294	1.71720284097	
COG5_Rme1_R309	-1.35256214527	-0.834367803593	-2.08480518672	-1.05424670257	0.0433568851591	
DHX36_Rme1_R52	nan	nan	nan	nan	nan	
PABPN1_Rme1_R238	-1.95625075348	-1.88733078761	-3.69516773371	-1.19941860823	-0.329664658774	
HNRNPA1_Rme1_R352	-0.929716863534	-1.05155672778	-2.84050715531	-0.429232316886	-0.336938940323	
QKI_Rme1_R256	-1.43001663971	-1.91795862125	-2.77721523906	-1.50542199292	0.34530794326	
CNBP_Rme1_R25	0.0661186085542	-0.480166538872	-0.407001074485	0.83109983445	2.36980353331	
CUL1_Rme1_R63	-0.126894179785	-1.4164022336	-1.9741581197	-1.14481117995	1.27064508277	
RBMX_Rme1_R164	0.649903177861	0.0435039031668	-1.28550332801	0.816251828845	1.71523668571	
PSMF1_Rme1_R231	-1.90617902808	-2.07736019148	-3.04714259318	-1.68879237314	-0.372548677451	
TAF15_Rme1_R505	nan	nan	nan	nan	nan	
THRAP3_Rme1_R108	nan	nan	nan	nan	nan	
FLNB_Rme1_R262	-0.0658667515731	-0.827120572622	-1.99150560118	-1.99275854956	1.08871884238	
LIX1L_Rme1_R22	-1.85243992484	-1.08288142197	-2.35678532005	-1.07702934109	0.816023275582	
KRT13_Rme1_R27	2.89525335857	0.281371003822	-3.7774325255	-1.69923405391	-0.473822038677	
CHTF8_Rme1_R225	-1.82667404685	-2.07674851496	-2.59288450002	-0.640651927004	0.0715631474409	
FUBP1_Rme1_R361	nan	nan	nan	nan	nan	
MAP7D1_Rme1_R326	-0.743088856345	-1.02210178333	-0.851494087295	-0.877201979016	2.69974564385	
PRRC2C_Rme1_R281	-0.743812293228	-0.84263548806	-2.29416474523	-1.40128660714	1.50354281425	
CDAN1_Rme1_R134	-1.04245906825	-1.29756950522	-1.96888131608	-1.34913664613	1.60099159856	
SNRPD1_Rme1_R100	nan	nan	nan	nan	nan	
PSMB2_Rme1_R93	-1.50144846132	-1.57499268466	-1.99598728305	-0.763413144643	-0.145770211931	
RBM3_Rme1_R131	-2.7113873328	-1.93766028761	-2.88649415242	-2.50050796898	0.672988060124	
SNRPN_Rme1_R108	-1.50205928422	-1.68642972704	-1.69675124734	-0.354002969328	0.203027240752	
FXR2_Rme1_R434	nan	nan	nan	nan	nan	
HNRNPA1_Rme1_R225	-0.234623077113	-0.580335416164	-2.08284626616	0.0210643399764	1.98742488504	
SRRM2_Rme1_R2288	-1.11199930236	-1.4903941547	-2.4284565138	-0.937891082547	0.0372874459416	
HNRNPUL2_Rme1_R671	nan	nan	nan	nan	nan	
PABPC1_Rme1_R518	0.107809486979	-0.123889109297	-1.01017921236	0.0854572251548	1.63815821541	
SRSF1_Rme1_R93	nan	nan	nan	nan	nan	
AKAP8_Rme1_R233	-0.669135017505	-1.52996549215	-2.48977402458	-1.2341497878	0.409841872361	
DAZAP1_Rme1_R253	-1.53537280449	-1.51671416614	-2.53279776806	-0.897298622443	0.183840514553	
PNN_Rme1_R62	nan	nan	nan	nan	nan	
KHDRBS1_Rme1_R331	-0.627238004301	-0.229494379754	-1.79267238442	0.690288886156	2.05584877771	
KIAA1429_Rme1_R1723	-0.920813680702	-0.0982248868804	-2.20483915795	-0.41754610473	1.61691045411	
MRE11A_Rme1_R604	0.0242250803804	-0.761477599764	-0.806649956923	0.881658544905	1.84472589992	
TCEAL3_Rme1_R179	nan	nan	nan	nan	nan	
ALYREF_Rme1_R38	0.717757775442	0.208169028579	-0.280255327172	1.1753607431	3.42155766084	
GRAMD1A_Rme1_R116	-6.23910459608	-4.28936065433	-4.93107823897	-3.69326196492	-2.78216156629	
HNRNPH3_Rme1_R129	0.324852450922	-1.56012533751	-0.573253849421	1.07592178565	2.70703317418	
PLEC_Rme1_R4640	0.0551802445455	2.46067827171	-2.58041711877	0.624757511304	1.4084966961	
TNS2_Rme1_R555	-4.20784339295	-2.48991036516	-4.70326823633	-2.87948875267	-1.72478138589	
CPSF6_Rme1_R194	0.559407180963	0.613442677332	-1.16710798043	0.889488072459	2.1630331618	
ALB_Rme1_R34	0.698059135366	0.390868068008	0.841094545224	1.56512816199	2.08555228431	
PRX_Rme1_R240	-5.62238392175	-4.411636048	-4.91592834434	-4.2666630907	-2.93155833327	
AKAP8_Rme1_R188	-1.34822940029	-1.68164993614	-2.11838433613	-0.580276431268	0.718810567591	
RPS10_Rme1_R153	-1.89631568207	-2.08164092943	-2.47383499842	-0.439126437337	-0.437889223211	
DPYSL3_Rme1_R60	-5.51577477056	-2.40130261626	-9.30705333118	-1.73281479934	-4.73031549059	
PABPC1_Rme1_R481	-1.38250012692	-2.05350900153	-2.2579865483	-0.428168511364	0.474858950042	
FAM120A_Rme1_R884	-1.28961579515	-1.66947571213	-2.13285909006	-0.276468888076	0.278837169738	
BPTF_Rme1_R2155	-1.43032408863	-1.3093979228	-2.37763041124	-0.925549720707	0.287580354999	
TRA2B_Rme1_R241	-1.05024430016	-1.21829993154	-2.01853225479	-0.751697644777	1.12930816559	
HNRNPA2B1_Rme1_R238	-1.04816157081	-1.4052996908	-3.19217737644	-2.60295520484	0.959752008586	
EIF4G1_Rme1_R685	-0.0419903430018	-0.0821546379866	-1.04688365661	0.224944965845	1.53188046628	
HNRNPA0_Rme1_R284	1.04701400003	-0.350024850119	-1.27636192212	0.247472202778	1.09600704193	
CNBP_Rme1_R32	nan	nan	nan	nan	nan	
GSE1_Rme1_R232	-2.39781228776	-2.54520585523	-4.01273881784	-2.08084020384	-0.877989128347	
PATL1_Rme1_R385	1.69637570349	-1.20699769757	0.35129650562	2.76557813651	2.61746577111	
PLEKHA5_Rme1_R424	-1.72074505787	-1.28760340903	-1.96672085976	-3.05912009372	2.02798716745	
LSM4_Rme1_R90	nan	nan	nan	nan	nan	
CASKIN2_Rme1_R862	-2.2239602885	-1.75124218774	-2.92871428288	-1.50660734559	-0.601453610107	
YLPM1_Rme1_R1563	-0.333907223384	-0.51455767743	-1.94019950753	-0.213796237717	1.24590120768	
HNRNPA3_Rme1_R214	-1.93951081558	-2.04404738269	-2.80026725953	-0.635837469978	0.326357887057	
SERBP1_Rme1_R181	-4.58307710569	-4.17566823311	-3.98088703115	-1.49103452454	-2.15054279422	
TAF15_Rme1_R512	-1.67664181447	-1.05255800646	-2.8526985679	-1.30143101307	1.91367775853	
UFM1_Rme1_R15	-2.4560083425	-3.53395195968	-2.2890679163	-2.81321145184	-1.77711676349	
HNRNPH2_Rme1_R224	nan	nan	nan	nan	nan	
TCEAL5_Rme1_R182	-2.56814465228	-1.79406670887	-4.1300253256	-1.29261500503	0.126182598618	
SNRPD3_Rme1_R118	nan	nan	nan	nan	nan	
COPA_Rme1_R965	-0.260281386141	0.0714741670504	-3.0472403879	-1.55933925776	0.170911023542	
HNRNPK_Rme1_R286	-0.465728772577	-0.792723511478	-2.06797325273	-0.742127583391	0.440009043609	
EIF4G1_Rme1_R1042	-0.683718693244	-1.39851441063	-1.78527636023	-1.99135996932	0.99603636246	
EPB41L4B_Rme1_R24	-0.685692682409	-0.528675835049	-3.05346285875	-1.06229309664	0.310598195255	
FUBP3_Rme1_R408	-2.0431875678	-2.11695722931	-2.79605750134	-1.91589081125	-0.734132416269	
NRGN_Rme1_R68	-8.04698104532	-3.46866837369	-4.64457110048	-6.31317280072	0.568856209765	
ING5_Rme1_R126	0.484261550971	-0.250331015552	-2.27247520818	-0.215831550974	2.28835733385	
PPP1R14A_Rme1_R21	-4.83320971687	-3.64466012929	-5.62754664185	-3.48744688426	-2.56018776516	
HNRNPM_Rme1_R503	-0.324201066833	-1.46440266577	-3.39280168854	-2.17224503234	0.428996733501	
RBMX_Rme1_R172	0.111673584944	-0.690236413312	-1.41182940362	0.391148100854	1.33061201172	
NUFIP2_Rme1_R291	0.0430800962574	0.691824112563	-1.2883102784	-0.887419568914	2.96501275863	
ZAK_Rme1_R693	nan	nan	nan	nan	nan	
CCDC9_Rme1_R130	nan	nan	nan	nan	nan	
HNRNPUL2_Rme1_R747	-0.327584758516	-1.13983860369	-2.1236951662	-0.875147410081	0.444224314834	
TJP2_Rme1_R1176	-0.916053540841	-0.882479737702	-2.24260066714	0.0143591409798	0.272199265342	
ZNF326_Rme1_R235	0.675380894032	0.336043424535	-1.55326403171	0.97219676892	2.3665279056	
KRT19_Rme1_R7	-1.75535238679	-2.84858571839	-2.36629993561	-2.3418130984	-1.23277146444	
BYSL_Rme1_R40	0.298531338873	-0.166363856555	-1.24365440528	0.105440395514	2.04506781234	
HNRNPA2B1_Rme1_R266	-0.445701768817	-0.39134980874	-1.82394658994	1.14334864794	1.97080601232	
MSI2_Rme1_R197	nan	nan	nan	nan	nan	
PPP1R10_Rme1_R729	nan	nan	nan	nan	nan	
PABPN1_Rme1_R287	nan	nan	nan	nan	nan	
KRT6A_Rme1_R42	-1.09944318497	-0.776582574179	0.756500610598	-0.73250124898	0.671427660077	
DDX3X_Rme1_R622	nan	nan	nan	nan	nan	
KHDRBS2_Rme1_R348	nan	nan	nan	nan	nan	
CCT7_Rme1_R541	nan	nan	nan	nan	nan	
KRT18_Rme1_R14	0.550685171657	0.651722439129	-0.260476976741	2.32118175165	-2.30304335834	
YLPM1_Rme1_R571	nan	nan	nan	nan	nan	
PABPC1_Rme1_R436	-0.686834580098	-1.62014556994	-2.41794752416	-0.61672257083	1.13984755865	
BCLAF1_Rme1_R794	-0.2918993708	-1.3316532666	-1.97941278756	-0.156671364312	0.293929457799	
CTAGE5_Rme1_R557	nan	nan	nan	nan	nan	
KRT6B_Rme1_R42	nan	nan	nan	nan	nan	
SRSF1_Rme1_R109	1.53469705876	1.27895531748	0.119649962925	2.38729998209	3.72257898503	
CPSF6_Rme1_R202	0.0725074214477	-0.322429565347	-0.793334516569	1.71028179936	1.71414293082	
CCDC9_Rme1_R121	nan	nan	nan	nan	nan	
TAF15_Rme1_R528	nan	nan	nan	nan	nan	
SUPT5H_Rme1_R696	nan	nan	nan	nan	nan	
FXR2_Rme1_R399	-0.950194321369	-0.231972984572	-0.760115457144	-0.272126801415	1.22110002984	
NCL_Rme1_R660	0.314645707933	-0.16084481257	-0.36912239971	0.759232761335	3.14594630266	
FXR2_Rme1_R436	nan	nan	nan	nan	nan	
NFIB_Rme1_R335	-2.94417721139	-1.83700943486	-2.68908508039	-3.84648071016	0.760313997334	
RPS10_Rme1_R160	1.74721006781	0.117276505763	0.361016035803	2.18601757916	3.36255287037	
EPPK1_Rme1_R3671	0.196404023508	0.29927321335	-1.87170604098	-1.73578991155	0.390160459523	
FAM120C_Rme1_R941	nan	nan	nan	nan	nan	
KHDRBS1_Rme1_R325	nan	nan	nan	nan	nan	
RBM10_Rme1_R902	0.0406412719676	0.165977897389	-1.08698060409	0.386689403469	1.23364177491	
HNRNPA2B1_Rme1_R325	0.00164801223423	-0.822354830678	-2.00867138786	-0.461419750811	0.59291742243	
PKP2_Rme1_R46	1.1375993752	0.353533991502	-0.489098458462	0.921048491259	1.82717301395	
PABPN1_Rme1_R259	-0.72429082842	-1.56044457401	-1.94912976975	-1.32770535083	0.683148640439	
BTF3_Rme1_R17	nan	nan	nan	nan	nan	
PPP1R13L_Rme1_R200	0.579843526043	-0.938172774555	-0.502984056401	-2.53743110643	0.352580567813	
VIM_Rme1_R69	-3.17721985797	-0.481841858454	-1.84950634871	-0.478203502291	1.17863477906	
TXLNG_Rme1_R12	-0.814186452202	-0.840934239813	-1.73181501651	-1.71196095722	2.72495654952	
HNRNPA1_Rme1_R232	-0.925589447557	-1.09083060402	-2.30540914688	-0.0465728370769	1.20879172747	
DDX5_Rme1_R20	-0.363167790253	-0.43505055502	-1.74737401313	0.568456775774	1.43732021706	
KRT19_Rme1_R32	-1.20922560052	-4.41525744241	-1.70356567553	-1.97856590513	-2.47264737368	
HNRNPA0_Rme1_R189	0.0324294261866	-1.19383611226	-2.11547085186	-0.459651787481	0.0616821985602	
EPPK1_Rme1_R4205	0.196404023508	0.29927321335	-1.87170604098	-1.73578991155	0.390160459523	
PPP1R13L_Rme1_R160	nan	nan	nan	nan	nan	
HNRNPAB_Rme1_R250	nan	nan	nan	nan	nan	
PPP1R10_Rme1_R693	-2.54568254839	-2.31842507814	-4.12472522175	-1.90299168986	-0.251517661152	
SF3B2_Rme1_R222	0.76075522598	-0.378557109258	-0.667579722893	1.31099533737	2.28895465793	
PDCD6IP_Rme1_R745	-1.92750178502	-2.26470838538	-1.42103917479	-2.12415531332	-0.162278191349	
PABPC1_Rme1_R432	nan	nan	nan	nan	nan	
HNRNPAB_Rme1_R248	0.0501776486665	1.28096869987	0.137089976203	0.986187204037	2.85785503812	
DHX9_Rme1_R1219	nan	nan	nan	nan	nan	
BCL9L_Rme1_R994	0.0128331761685	-0.65154943647	-1.02524306339	0.338402604084	1.3506283505	
ADO_Rme1_R28	1.19204322862	-100	0.439550015041	-0.852190962846	1.8570601328	
NEK1_Rme1_R472	-3.48973861904	-2.42145263358	-3.79012088757	-2.84500604579	-0.693410007285	
VIM_Rme1_R36	-2.74181863284	-0.697085125572	-1.54691184924	-0.759990016373	0.475064126481	
SF1_Rme1_R537	0.200908715541	-1.06619362284	-1.55230255435	0.322683375515	1.50009221397	
PABPN1_Rme1_R23	nan	nan	nan	nan	nan	
HLTF_Rme1_R27	-2.26059249839	-2.31777507006	-2.73903142922	-2.17580785579	-0.0471263758975	
FMR1_Rme1_R544	nan	nan	nan	nan	nan	
PITPNM1_Rme1_R1211	0.28731473123	0.817192850927	-1.33235930927	-0.0384327353173	2.00813366392	
HNRNPUL1_Rme1_R181	-0.0700354796473	-0.867003051971	-3.39920856587	-1.45080969313	0.258577373765	
SCRIB_Rme1_R1623	-1.2506035975	-1.34953056451	-2.43109815494	-0.790090186802	0.2739040609	
KRT7_Rme1_R329	0.837757500631	2.49052573263	-0.133980441698	2.42073862528	2.27248646538	
KHDRBS1_Rme1_R282	nan	nan	nan	nan	nan	
DDX17_Rme1_R684	0.345005966296	-0.711481427697	-1.85916368494	-1.48958541465	1.42537856335	
PAIP1_Rme1_R17	nan	nan	nan	nan	nan	
CHTF8_Rme1_R494	-0.692318640982	-0.979743183886	-2.21159683423	0.491456061502	1.0245552134	
FUS_Rme1_R503	-1.08770694539	-1.48753273699	-2.793321505	-0.250793592364	0.692268551115	
CD2BP2_Rme1_R181	1.94129842172	1.83594477674	0.467123209786	2.21939815658	3.69715445954	
OSBPL10_Rme1_R38	-3.28649835097	-0.944377257203	-5.2580635531	-3.20528253161	-3.67244398673	
ZAK_Rme1_R670	2.11864034172	-0.250803779249	-0.75296452372	1.44417321849	3.14768704159	
EPB41L2_Rme1_R72	-2.04853089808	1.01851046028	-3.17181436198	-1.8858098871	1.19858377233	
KRT4_Rme1_R27	-0.753120739222	-3.16449109413	-1.32779606097	-2.51628726434	-0.868714192364	
AKT1S1_Rme1_R51	-0.358163865236	-0.915888995973	-1.60545966366	-0.73544031114	1.60965322774	
KRT7_Rme1_R77	-1.02711768336	-1.62916656574	0.0488268049071	-0.901525070852	-0.760574195397	
SRRM2_Rme1_R2384	-1.017457292	-1.18116086642	-2.14956201879	-0.715634220431	0.695668416153	
CGN_Rme1_R188	0.712823015507	-2.03602159186	-2.53204084814	-1.43382362188	-0.132939396937	
PPAN_Rme1_R426	0.642266510665	0.191848571828	-0.378507695498	1.30043308684	2.65757432605	
PRRC2C_Rme1_R2719	0.0694166078516	-1.47952610653	-1.25648871905	0.128037262449	2.03108581514	
DDX3X_Rme1_R632	0.492327105676	0.305097697777	-0.555176342721	1.2543311543	1.643883049	
CSDA_Rme1_R326	0.0871544535779	-0.84377013194	-0.666535414684	0.356552473737	2.36077430587	
WDR33_Rme1_R1257	0.782433805679	0.707871981518	-1.23449896021	1.33737646008	2.17900452503	
BCL9L_Rme1_R680	-0.93042166376	-0.949650311334	-2.08678711009	-0.207204805183	0.761846095652	
KHDRBS1_Rme1_R310	nan	nan	nan	nan	nan	
RBM3_Rme1_R99	-3.42246649921	-0.941540711631	-0.745363806119	-0.292607178271	1.79544399691	
ZNF579_Rme1_R92	-1.06540480408	-1.4856266176	-2.29793531197	-0.753942154002	1.129821897	
RELB_Rme1_R16	-1.64796509713	-1.28052678945	-2.60696974535	-0.981886029468	2.05834848069	
ASXL2_Rme1_R639	-2.32337093322	-2.29175666946	-3.47165527777	-1.79439064844	-0.891057892736	
METTL15_Rme1_R395	-0.858292565502	-0.109876754904	-2.16050067327	-0.720111531266	0.529405700601	
CAPRIN1_Rme1_R667	0.336858210173	-0.780580228578	-0.550745195764	0.728614736293	1.453337859	
PEX6_Rme1_R161	0.283733985188	-0.279091897445	-3.33273838881	0.272732325899	1.19616103274	
KHDRBS1_Rme1_R346	nan	nan	nan	nan	nan	
SPEN_Rme1_R3038	nan	nan	nan	nan	nan	
FAM120A_Rme1_R886	-0.284775907168	-1.070194196	-1.19290125478	1.07385531814	1.15151173204	
ADAM9_Rme1_R772	-0.43613814502	-0.971828405649	-0.228138265567	-1.12720257257	1.48724829968	
MORF4L2_Rme1_R35	0.685063953999	0.592272901224	0.0481866142907	0.854711083553	2.48026817258	
ANKZF1_Rme1_R252	-0.851607784028	-0.111814219147	-1.61087397757	0.216657307997	1.42639400222	
PAPD4_Rme1_R131	-2.28144989913	-2.48581196629	-3.33345339992	-2.06147073749	-0.453767601066	
YLPM1_Rme1_R601	nan	nan	nan	nan	nan	
LRRC40_Rme1_R13	0.296624654815	-0.767789446238	-0.0818271557075	-0.179223335957	1.35677140835	
KIF1C_Rme1_R948	nan	nan	nan	nan	nan	
TRIP6_Rme1_R236	-2.45576185438	-4.79564962065	0.54090516014	-6.13558315548	-1.64148808664	
RBM33_Rme1_R1078	nan	nan	nan	nan	nan	
XRN2_Rme1_R895	-1.7643218275	-2.32913885097	-2.75306893164	-2.13670249744	-0.502931077404	
FOXRED1_Rme1_R12	0.490368062954	-0.600864299276	-2.07441267778	0.203171026669	0.971658551678	
PPP1R12B_Rme1_R853	-100	-6.93677760131	-8.28553260637	-6.58082487915	-5.03542765488	
SRSF6_Rme1_R85	-0.328931854951	-0.682267706043	-1.83313767513	-0.518426862087	0.590432732326	
PABPC4_Rme1_R419	nan	nan	nan	nan	nan	
PAGE4_Rme1_R12	1.29391018621	-3.87947284895	-4.03740301375	-2.65384116375	-0.306444551068	
TSEN54_Rme1_R316	-2.10902118306	-0.583380884648	-2.62442100822	-0.90074987786	0.149412073901	
NARR_Rme1_R125	-0.973010839234	-0.757311667035	-1.03041668967	-0.320013565542	2.24210942548	
LMNA_Rme1_R644	-5.98466112747	-3.80223273446	-4.99211181623	-2.15948046791	-2.09118682239	
KLHDC10_Rme1_R13	nan	nan	nan	nan	nan	
ELMSAN1_Rme1_R447	-0.483181715843	-1.32545676845	-3.93439137424	-0.981545852389	-0.241046985874	
TAF15_Rme1_R562	nan	nan	nan	nan	nan	
MPLKIP_Rme1_R126	1.2432085238	-0.566358327446	-1.16347568301	0.129769431457	2.51634887178	
RPL23_Rme1_R4	nan	nan	nan	nan	nan	
NEBL_Rme1_R96	-5.25777221597	-5.70140284994	-6.59742547336	-4.52551504383	-4.27481327991	
PPP1R13L_Rme1_R180	0.26336343444	-1.23554876745	-1.21624732509	-1.48783737979	0.679938354936	
ARHGAP17_Rme1_R510	-1.11618939343	-0.914099518159	-1.39275121511	-0.179152495272	0.506281602212	
ZAK_Rme1_R683	nan	nan	nan	nan	nan	
SMARCD2_Rme1_R529	-1.78947064302	-1.25041257044	-1.41862788371	-0.0781893400994	0.49795446676	
FUS_Rme1_R242	-0.916287745457	-1.58291006655	-2.22266851951	-0.296435786861	0.604267784326	
EIF4H_Rme1_R22	nan	nan	nan	nan	nan	
PEG10_Rme1_R598	-0.212491996489	1.54270518276	-100	0.771203024949	-0.946038185113	
VIM_Rme1_R12	-2.88491802557	-0.480706515706	-1.61240227342	-0.479730643794	0.899457066799	
RBM33_Rme1_R1070	nan	nan	nan	nan	nan	
HNRNPD_Rme1_R280	nan	nan	nan	nan	nan	
SASH1_Rme1_R920	-2.39251226354	-2.17003913451	-4.41268993421	-2.79504702048	-0.98203551654	
LSM14A_Rme1_R269	-0.991637261684	-1.58427774721	-1.94237914278	-0.973841826964	0.71476056479	
KRT1_Rme1_R602	-2.46851844966	-3.57314288617	-2.35953287084	-2.69107957086	-0.728013633448	
NCOR2_Rme1_R1661	-3.73196144057	-2.6345214587	-2.80100100894	-2.03972474304	-1.66334738186	
DDX3Y_Rme1_R615	0.80458147719	-100	-7.07182960923	-100	2.19699842325	
USP54_Rme1_R12	-1.50288915812	-2.04368596546	-2.95898350605	-1.86640617461	-0.556180749587	
SSRP1_Rme1_R645	0.511999412567	0.236302497934	-1.65697204168	0.506425058286	2.141568976	
THRAP3_Rme1_R101	nan	nan	nan	nan	nan	
FBL_Rme1_R15	-1.24356111288	-1.65105659417	-2.92365505487	-0.852841576652	0.326292400455	
TOMM70A_Rme1_R71	-0.135051372119	0.52416758481	-1.48723265487	-1.60473439249	2.29287802474	
SF3B2_Rme1_R884	2.13882980864	1.47110292759	-0.258205958834	1.85644814541	2.79781764607	
RPS10_Rme1_R119	-1.47510822664	-1.62461392773	-3.0276789183	0.177356549463	0.361069302181	
SNRPN_Rme1_R147	nan	nan	nan	nan	nan	
SMG7_Rme1_R910	0.119421722937	-2.09118584104	-1.74292773016	-0.161110134999	0.661893395881	
SRSF9_Rme1_R98	nan	nan	nan	nan	nan	
LSG1_Rme1_R14	-0.215649050866	-0.430483871286	-0.582768062989	-1.018933108	1.99691486483	
PRRC2A_Rme1_R1012	-0.554818587975	-1.62281393738	-1.46765145241	-0.502025114864	1.11422820977	
RBM39_Rme1_R109	0.409942131	-0.00999761935772	-1.68549152103	1.07830371568	1.86504712889	
HNRNPA3_Rme1_R354	-1.36782600989	-1.63631321525	-3.46321941752	-1.19508614672	-0.289592836113	
PROSER2_Rme1_R252	-1.38487654339	-2.09311742509	-1.66541885547	-0.703677320326	0.039057678404	
MTCH1_Rme1_R29	-0.0601183177718	-0.257319990555	-2.11055707238	-0.18675502435	1.24886556384	
RLIM_Rme1_R360	-0.768616963889	-1.30677145446	-1.29787754064	-0.482940641987	1.55036470686	
RBM3_Rme1_R105	-2.73691391255	-1.96101411658	-2.02542684837	-2.06766884076	1.6608272843	
CSTF2T_Rme1_R311	-2.12874695644	-1.06241462012	-3.1514768785	-1.63703781575	0.357423714669	
PABPC4_Rme1_R518	0.986439565362	-0.439995374231	-1.11276891008	0.649910882329	2.30196805116	
HSPA8_Rme1_R469	-1.37695678974	-1.70588437891	-1.8778810142	-1.29379518377	0.708393663335	
CIRBP_Rme1_R154	-2.86256790681	-1.40218165307	-3.9585424902	-2.41762919472	-1.56370283645	
CTAGE5_Rme1_R560	-1.64777786866	-2.35190326008	-3.85947789319	-2.91357141215	-1.14094958853	
TSSC4_Rme1_R139	0.676728724678	-0.866123265443	0.094132468927	-0.409587686603	0.784768956917	
ZNF326_Rme1_R173	-0.751403670142	-1.19228203795	-1.71334792974	-0.230002192052	0.578897035753	
KHDRBS1_Rme1_R442	0.364501234259	0.375367396654	-1.38099102849	1.05247991782	2.07776648974	
TAF15_Rme1_R431	-0.973796892454	-0.189477981703	-2.58727245227	-0.99031286616	1.49215323349	
DIDO1_Rme1_R1793	nan	nan	nan	nan	nan	
TRIP6_Rme1_R179	-1.88867042088	0.383861656207	0.41315788452	-2.94699448936	-0.5901435111	
KRT4_Rme1_R56	0.301499492803	-6.56176290384	-4.54633000574	-2.63398484661	-2.46991801176	
KRT7_Rme1_R46	-0.548594011264	-1.52255961742	-0.690150867576	-0.451852494012	-1.27066965332	
NCOA2_Rme1_R1248	-1.99278842526	-1.24095576468	-2.42952339516	-1.53544614167	-0.00705038440903	
HSPB8_Rme1_R78	nan	nan	nan	nan	nan	
HNRNPA3_Rme1_R257	-0.415587065849	-0.745016820591	-1.97332809218	-0.0593124519584	1.81843308043	
PRRC2C_Rme1_R747	-0.801385638584	-1.11050626341	-1.34730301857	-1.05429538345	0.993358869668	
HNRNPD_Rme1_R280	nan	nan	nan	nan	nan	
AHDC1_Rme1_R891	-0.163888876461	-1.54937743658	-2.12116964446	0.267610296043	0.967775711892	
TAF9B_Rme1_R128	-0.711436106626	-0.417565475178	-2.10558383801	-0.537919588462	0.935913654001	
XRN2_Rme1_R883	-0.0114728558846	-0.312621100685	-1.06168786495	-0.197241562379	1.29739668448	
RPS2_Rme1_R34	nan	nan	nan	nan	nan	
DES_Rme1_R37	-3.59620677312	-3.55800001495	-3.83052805513	-2.77706157252	-1.82892887925	
SERBP1_Rme1_R188	-1.89228822967	-2.14332959799	-0.473422211776	1.00689957526	-0.517398237484	
SRRM2_Rme1_R2207	-1.50136683595	-1.97992837641	-1.44441405859	0.324623068095	0.0237669663251	
PAIP1_Rme1_R21	-1.45567246781	-1.68976891892	-2.32309769433	1.38049986388	0.181067768783	
DHX36_Rme1_R50	nan	nan	nan	nan	nan	
PABPC1_Rme1_R419	-1.34634970031	-1.99951027509	-2.73034209765	-0.841735557123	0.545434488213	
CRTC2_Rme1_R161	-1.60282885374	-1.20573096768	-3.60646116379	-1.10592540727	-1.04513754724	
PRRC2A_Rme1_R1066	-0.548919659419	-0.859884472079	-1.48642009041	-0.144354196785	2.01457482962	
HNRNPUL2_Rme1_R666	1.43940174425	0.858054392099	-0.529496800205	1.35543219449	2.18568865776	
PLEKHA2_Rme1_R333	-2.2774342291	-1.52993084298	-2.14321098063	-1.65294282739	0.334330320415	
RAVER1_Rme1_R534	0.379457671354	0.364215749936	-1.03458936328	-1.26031787144	2.55583337316	
TAF15_Rme1_R490	nan	nan	nan	nan	nan	
MACF1_Rme1_R7361	-1.89338618802	-1.49763119016	-1.40041950988	0.0988292773874	1.36376715585	
HNRPDL_Rme1_R25	-1.15757283707	-1.4815667627	-2.40244293448	-0.473088256343	0.580468216555	
DDX3X_Rme1_R600	-1.26889557096	-1.409101929	-2.03953938392	-0.343271118206	0.137497136598	
EWSR1_Rme1_R464	nan	nan	nan	nan	nan	
ZAK_Rme1_R695	nan	nan	nan	nan	nan	
RBM3_Rme1_R121	nan	nan	nan	nan	nan	
FBXL18_Rme1_R446	-0.198236876871	-1.43494769997	-1.3360228637	-1.1081116562	1.0731014044	
PRMT7_Rme1_R32	-1.05006588415	-1.82793500953	-2.10052628866	-0.26009734904	0.416221368006	
DDX42_Rme1_R814	0.841607554369	0.746208393617	-0.298949998811	1.10908985827	2.42022939161	
SVIL_Rme1_R1203	-2.86929353147	-1.60185181932	-2.26527424873	-1.70789076373	-0.143878924784	
ALYREF_Rme1_R197	-0.26443437593	-0.358202305079	-1.40667254615	0.458522875772	2.13709635371	
SPATS2_Rme1_R449	0.877508870505	0.889083190433	-0.185628034687	2.40085052026	2.92046153333	
CPSF6_Rme1_R204	nan	nan	nan	nan	nan	
XRN2_Rme1_R851	nan	nan	nan	nan	nan	
FMR1_Rme1_R477	nan	nan	nan	nan	nan	
G3BP2_Rme1_R432	2.01755278164	0.999181307877	0.583693970579	2.33333958131	3.23863050188	
RFX5_Rme1_R354	-0.879704184504	-1.18078681518	-1.28218894615	-0.638016649559	1.01648722119	
KRT6C_Rme1_R24	nan	nan	nan	nan	nan	
RBM3_Rme1_R90	nan	nan	nan	nan	nan	
BAD_Rme1_R161	-1.4609097961	-2.96031350458	-2.83629306695	-3.07746502969	0.146362411087	
SRSF2_Rme1_R55	-0.238361891541	-0.974230415521	-1.31820001673	-0.36522163764	0.925259504117	
RBMX_Rme1_R101	0.969256733986	-0.0259008725787	-0.708228531638	1.09522663926	2.21262999619	
TAF15_Rme1_R450	-0.471148049838	-0.576760513853	-2.2444506263	-0.599465634071	1.15337288923	
TAF15_Rme1_R195	nan	nan	nan	nan	nan	
CSTF2_Rme1_R475	-0.769144257133	-1.74686334284	-2.57424035014	0.503921179778	1.08943131944	
FXR2_Rme1_R432	nan	nan	nan	nan	nan	
OTUD4_Rme1_R1050	-0.326083180364	-0.516786582999	-0.940531857911	0.0150846663815	0.588081102419	
LARP4_Rme1_R443	0.526644925798	-0.467445437644	-1.86150982263	-0.431004542291	2.11065798176	
TRIM33_Rme1_R515	-0.827262706804	-1.20019366985	-2.02138286192	-0.362760399633	0.427680787896	
DHX36_Rme1_R47	nan	nan	nan	nan	nan	
TONSL_Rme1_R797	-0.871166339455	-0.937139327334	-2.48460375832	-0.483756428934	0.286841451133	
ELAVL1_Rme1_R206	nan	nan	nan	nan	nan	
DCAF10_Rme1_R134	-2.75935193874	-1.43767913058	-3.84705189693	-2.92455112493	-0.227990020637	
DDX42_Rme1_R12	-0.454180564916	-0.603258667639	-1.54544173683	-0.00264951257592	1.25201966029	
FUBP3_Rme1_R337	-1.0544797642	-0.869997346662	-2.41237665027	-1.68955998322	0.456387892174	
KRT6A_Rme1_R24	-2.17124030507	-2.59180198737	-0.947139152459	-2.16103646437	-0.945853615505	
HNRNPU_Rme1_R768	0.383674454718	-0.734645055879	-1.14432964948	-0.17551023838	2.21568706838	
HNRNPH1_Rme1_R233	-1.31984585736	-0.752240026885	-2.768455547	-0.399843286509	0.240345612792	
VPS13C_Rme1_R3519	-1.37437086097	-5.93804666921	-3.63806076907	-2.31924158244	-1.20966366749	
BAG4_Rme1_R108	-1.56995037422	-1.58186429086	-2.56890127456	-1.52199271934	1.26556880779	
EIF4H_Rme1_R170	-1.0975367083	-0.906413801786	-1.11948451397	-0.154983966799	1.43728887646	
EIF4B_Rme1_R268	-0.630729759545	-0.124985480798	-2.87739185669	0.768958617731	-0.131673591384	
KMT2A_Rme1_R32	-1.50673519748	-1.62540307662	-2.27618544193	-0.709296546404	0.815642936614	
CCDC9_Rme1_R94	nan	nan	nan	nan	nan	
KRT8_Rme1_R47	-0.766106789828	-1.42863787838	-2.94018399088	0.372838805777	-1.50222669603	
RPS29_Rme1_R12	0.109099691835	0.458455790519	-2.0637096877	0.255647063366	1.71472540733	
ILF3_Rme1_R609	0.663534611213	-0.591637374821	-0.709863347255	0.151773480986	2.23395282777	
HNRNPD_Rme1_R278	-0.264092133687	-1.5263924573	-1.98746058634	-0.290915520224	1.65900869602	
TAF15_Rme1_R187	-0.0216617428404	0.126289696596	-1.24592058493	0.911515713567	2.3835864707	
AIMP2_Rme1_R26	-0.704151435676	-1.64181071919	-1.87659921352	-0.666928933762	0.457939134596	
KHDRBS1_Rme1_R348	nan	nan	nan	nan	nan	
PPP1R10_Rme1_R710	nan	nan	nan	nan	nan	
AHNAK_Rme1_R556	-1.94155777844	-2.7244745063	-2.13113607112	-1.79950586935	-0.645705950216	
SFPQ_Rme1_R681	-2.06486782955	-2.08760964798	-3.04407526231	-0.878158855751	-0.625644486119	
THRAP3_Rme1_R91	nan	nan	nan	nan	nan	
CD3EAP_Rme1_R162	-1.00255114125	-0.704601333554	-3.01622774669	-0.57080536424	-0.0744041629072	
SON_Rme1_R964	-0.862637220671	-1.62446629317	-1.85072915553	-0.106295308096	0.565589964394	
SNRPD1_Rme1_R98	-0.706153113362	-1.18471867531	-2.5982606155	2.98325774592	1.16059410217	
RPL13_Rme1_R74	-0.660075557989	-1.39836452197	-1.58303285903	-3.47065533463	1.22132775762	
RTKN_Rme1_R14	-0.247872073605	1.26616655176	-1.07809533694	-0.403672759618	-1.21192259485	
XRN2_Rme1_R847	nan	nan	nan	nan	nan	
PPP1R13L_Rme1_R205	nan	nan	nan	nan	nan	
HNRNPUL2_Rme1_R693	nan	nan	nan	nan	nan	
SRSF9_Rme1_R93	0.129226686989	0.161228282295	-0.517667029572	1.04585472814	2.3537713228	
C11orf68_Rme1_R29	nan	nan	nan	nan	nan	
CCT7_Rme1_R537	nan	nan	nan	nan	nan	
ZGPAT_Rme1_R370	-0.600299195976	-0.925898758481	-1.53699144135	-0.848725472503	0.680769328782	
PRRC2C_Rme1_R1188	nan	nan	nan	nan	nan	
CCDC9_Rme1_R128	nan	nan	nan	nan	nan	
SIPA1_Rme1_R13	-1.65552529984	-2.62634168219	-3.21811646735	-1.15931198638	-0.37354722472	
DDX3Y_Rme1_R598	nan	nan	nan	nan	nan	
HNRNPA1L2_Rme1_R284	nan	nan	nan	nan	nan	
YLPM1_Rme1_R563	nan	nan	nan	nan	nan	
PRPF6_Rme1_R23	-1.57960970586	-1.98291049559	-3.23766850301	1.64977431664	-0.310889299627	
ADAR_Rme1_R91	0.120968150105	-0.383138710059	-1.31836147792	0.220061766087	0.667363465489	
CHAMP1_Rme1_R398	-1.81744529528	-1.04511492884	-3.61765887656	-1.82217512362	-0.380720932591	
TARDBP_Rme1_R293	-0.459526846872	-0.649539713384	-2.00223167975	0.243925698431	0.515900542809	
SRRM2_Rme1_R2194	nan	nan	nan	nan	nan	
VPS13C_Rme1_R3526	-0.874828282321	-4.90964912135	-3.0790208119	-2.29561717463	-0.768320014794	
ZDHHC5_Rme1_R617	-0.334358309291	-1.39713416178	-1.82190788633	0.146597071195	0.754823653732	
CHTF8_Rme1_R266	-1.10149670412	-1.52572542533	-2.73387870891	-0.505173194021	0.815645491448	
C15orf52_Rme1_R286	nan	nan	nan	nan	nan	
TAF15_Rme1_R475	nan	nan	nan	nan	nan	
EIF4G2_Rme1_R23	0.357255081154	-0.811377131863	-2.00660459267	-1.10633026394	1.41004132226	
GRAMD1B_Rme1_R121	nan	nan	nan	nan	nan	
PRRC2A_Rme1_R232	1.25864763521	0.881591476361	-0.540526400577	1.22225867138	2.33140132152	
KHDRBS1_Rme1_R304	nan	nan	nan	nan	nan	
PABPC1_Rme1_R385	-0.18787907936	-0.306964831867	-1.09030427026	0.0982046559814	1.48051011752	
EIF4G3_Rme1_R692	-0.448207876392	-0.919478362018	-0.127573492352	1.55760002515	0.406457876302	
SRRM2_Rme1_R2342	-0.458853066481	-0.819743604736	-1.82057123229	-0.0325233554619	0.797158210559	
RBM3_Rme1_R116	nan	nan	nan	nan	nan	
HNRPDL_Rme1_R332	nan	nan	nan	nan	nan	
PHIP_Rme1_R1804	-0.743411331044	-0.537109882006	-2.28926608397	-0.110476030732	0.415291616739	
DDX5_Rme1_R478	-0.535011201986	-1.30559963334	-2.19737825148	-0.669032953485	0.496507156413	
ARHGEF17_Rme1_R45	-0.678233689605	-1.32496359214	-1.49444224224	-1.12868685379	0.795565949922	
KANK2_Rme1_R123	nan	nan	nan	nan	nan	
KHSRP_Rme1_R442	-0.518346866094	0.0696442062183	-1.94380905875	-0.164502715722	1.04806940074	
HNRNPF_Rme1_R212	-0.0484082539431	-0.190283835741	-2.15996466798	0.0129582685445	1.34520921876	
KRT7_Rme1_R48	0.446328329096	-1.01902320147	-0.0698023859879	0.987121321499	-0.554063109532	
HNRNPU_Rme1_R727	0.352863365529	-0.450902507569	-1.32631147968	0.364525182644	1.89780488397	
HNRNPA2B1_Rme1_R203	-0.475917563884	-0.967887615887	-2.42746811706	-0.624140862717	0.539886818036	
TAGLN_Rme1_R197	-5.20194030956	-4.50337943798	-5.08757014201	-3.97363554006	-2.56739867642	
RBFOX2_Rme1_R297	-0.18298913091	-0.470902652655	-0.261152713203	1.26863553656	1.93887503746	
DDX3X_Rme1_R99	0.2351440163	0.0465788817736	-0.491802463788	0.913485733559	2.03775761696	
QKI_Rme1_R219	1.55358678431	-0.142750674538	-0.663864419085	0.978596471827	1.81391689165	
PRRC2C_Rme1_R279	nan	nan	nan	nan	nan	
DNM2_Rme1_R850	nan	nan	nan	nan	nan	
ACO1_Rme1_R713	0.163306246926	-0.613636549499	-0.654449465006	0.448165359439	1.56271067436	
MSI2_Rme1_R199	nan	nan	nan	nan	nan	
BAG4_Rme1_R185	-0.170338787601	0.183478040896	-0.846473008411	-0.623776810694	2.80052588167	
UBAP2L_Rme1_R151	-0.500989915336	0.28322506818	-2.38710701846	-0.735851756274	1.13935986336	
YBX1_Rme1_R199	0.0136344835801	-0.219031802711	-1.12520837516	0.860729377611	1.44344216684	
PRRC2C_Rme1_R1186	nan	nan	nan	nan	nan	
CSTF2_Rme1_R402	-0.862912841321	-1.29634790446	-2.65274819232	-0.370335527457	0.174221274028	
NCOA2_Rme1_R489	-4.41507207335	-0.938757423506	-4.77445318962	-0.895517587071	-0.597504007545	
TXNRD1_Rme1_R289	-2.48756955456	-1.8960321134	-2.51964792854	-1.99845559979	-0.839132911054	
MKNK1_Rme1_R455	-0.96472827011	-1.07659614686	-2.49759826163	-1.12021795159	0.384811888381	
ZNF598_Rme1_R324	1.39798568046	1.70781944863	-0.334030573742	1.86333637359	3.35038453237	
RBM3_Rme1_R138	-1.56446216962	-0.870867699364	-1.87406916539	-0.771398572028	1.31496816317	
DDX17_Rme1_R94	0.425766681032	-0.065109310761	-0.939742819718	0.704115077585	1.70173758643	
HNRNPA2B1_Rme1_R213	-0.976783084659	-1.21801433014	-2.66548900255	-0.586652091783	0.276872074086	
ZNF511_Rme1_R240	-1.01206308949	-0.825061892446	-2.34149969704	-1.3701789056	0.865522815134	
HNRNPH3_Rme1_R301	0.599527015476	-0.947865087884	-1.41297688326	0.0791486376572	2.1992061048	
U2AF1_Rme1_R211	5.25490390927	3.74411756991	3.18081027669	5.08023003767	6.28257595094	
SNRPD3_Rme1_R97	-0.116475105306	-1.54935867352	-2.23220737673	2.5418759227	1.75794295523	
TAF9_Rme1_R128	nan	nan	nan	nan	nan	
AHNAK2_Rme1_R327	-100	0.554572223727	0.615975075709	-1.23307050235	3.40876354332	
PUS7_Rme1_R450	-0.741502475794	0.0546099932201	-1.97187005643	-0.31391598405	0.465780691494	
DDX5_Rme1_R502	0.677766621804	0.383042905393	-0.841313359982	1.43835661598	2.76507395035	
SRSF9_Rme1_R101	nan	nan	nan	nan	nan	
TRA2B_Rme1_R238	-0.576269298767	-1.21155802212	-2.48214359884	-0.654574893963	0.267795197888	
SAFB_Rme1_R820	nan	nan	nan	nan	nan	
DSTYK_Rme1_R29	-0.228969517948	-0.261528191302	-1.35382217204	1.42249316567	1.36952268927	
TAF15_Rme1_R206	-1.38060666405	-1.06554097696	-2.46525640092	-1.12354857139	1.93888021665	
KRT4_Rme1_R9	-0.120559698856	-4.15568154346	-3.57506700475	-2.35743520319	-1.01188865801	
HNRNPA1_Rme1_R218	nan	nan	nan	nan	nan	
NKX2-1_Rme1_R121	-1.22498219029	-5.456183274	-3.78908920524	-3.59797807429	-2.32979745606	
AHNAK_Rme1_R330	-3.86763891814	-4.04310732964	-3.53553630171	-3.45595570128	-2.09827919407	
FMR1_Rme1_R474	-0.141095453573	-1.61180696848	-1.44041551081	-1.57351571792	2.05440816403	
PABPN1_Rme1_R263	0.819420513235	-0.539886419653	-0.9538554341	-1.06510549288	1.44676426636	
DBNL_Rme1_R282	-4.03224955932	-4.49489122851	-3.87409750773	-3.12684428126	-2.47221765588	
KRT19_Rme1_R24	-1.15931937642	-3.85078920672	-1.41615793503	-2.60387062105	-1.90388000412	
PPP1R10_Rme1_R707	nan	nan	nan	nan	nan	
HNRNPA3_Rme1_R246	-0.220392611957	-0.65764868212	-2.09912957509	0.0191047471965	1.82466511846	
TRIP6_Rme1_R111	-1.82596512699	1.17401366706	-0.03569501498	-2.57157261396	-0.73674141756	
HNRNPA1_Rme1_R371	0.298474187246	0.334488158734	-1.89581190169	0.80898791437	0.574466699394	
SCAF8_Rme1_R981	nan	nan	nan	nan	nan	
SCAF8_Rme1_R1120	0.134712500232	-0.0639342696612	-1.85203150259	0.803453888016	1.8483052653	
MSI1_Rme1_R197	nan	nan	nan	nan	nan	
MPLKIP_Rme1_R57	-0.448093331352	-0.849232598758	-1.95998330812	-0.462211880637	1.20564302965	
TAF15_Rme1_R320	nan	nan	nan	nan	nan	
SFPQ_Rme1_R693	-0.299739093906	-0.513787454918	-2.17991994875	-0.683814065237	1.27385707266	
PABPN1_Rme1_R289	nan	nan	nan	nan	nan	
HNRNPUL1_Rme1_R645	nan	nan	nan	nan	nan	
SERBP1_Rme1_R177	nan	nan	nan	nan	nan	
STAU2_Rme1_R131	-1.59026516502	-1.05484419907	-2.02916703076	-0.767152137151	0.167078152088	
PPP1R13L_Rme1_R167	nan	nan	nan	nan	nan	
LARP1_Rme1_R334	2.20128401619	1.43876336834	2.21855833507	2.57698880709	4.81852214292	
KIAA1429_Rme1_R1741	-0.662756981857	-0.0941234473249	-2.88987962365	-1.00341393467	1.59530507115	
TFG_Rme1_R385	-0.544193309247	-0.12239228822	-2.06793827729	0.148199468348	0.634663651639	
CHTF8_Rme1_R387	-1.31694072106	-1.24351975504	-2.41632228448	-0.197279206661	0.646170013794	
CIRBP_Rme1_R145	-0.871895118027	-1.00724421509	-2.65256365355	-1.05048128206	0.175145547653	
RBM47_Rme1_R332	0.301774070802	-2.06169697891	-2.42213631198	1.19424875874	-0.561272451632	
KIN_Rme1_R36	-0.0553434999283	-0.419501514563	-1.00829401809	0.658675581899	1.90411046046	
CTAGE5_Rme1_R751	-1.81763849204	-1.93550275974	-2.77911155052	-1.56561365601	-0.040636458991	
SCAF8_Rme1_R967	nan	nan	nan	nan	nan	
RPS2_Rme1_R36	nan	nan	nan	nan	nan	
SNRPD3_Rme1_R114	nan	nan	nan	nan	nan	
EPPK1_Rme1_R4739	0.196404023508	0.29927321335	-1.87170604098	-1.73578991155	0.390160459523	
HNRNPA3_Rme1_R239	nan	nan	nan	nan	nan	
RBM47_Rme1_R405	-0.0622101437434	-1.36457203789	-2.7261591514	1.59709725712	-0.32185709231	
TNS2_Rme1_R816	-3.39729646677	-2.91984737812	-3.86867234613	-2.48800365658	-0.882122577638	
HNRNPUL1_Rme1_R656	nan	nan	nan	nan	nan	
RBMX_Rme1_R125	-0.304765785764	-0.713486869868	-1.51907398692	-0.168546262863	1.04436582225	
ARID1A_Rme1_R1276	-0.825593787471	-1.4128414214	-2.12783770818	-0.276477620708	0.592745178763	
RBM47_Rme1_R381	nan	nan	nan	nan	nan	
ALYREF_Rme1_R63	-0.363309218265	-0.685477399197	-1.34684770444	-0.148175909593	1.57311923815	
ALYREF_Rme1_R58	nan	nan	nan	nan	nan	
KRT13_Rme1_R35	nan	nan	nan	nan	nan	
SRSF1_Rme1_R97	1.31919824613	1.22233044253	-0.444790001943	1.95604010321	3.48018835297	
YLPM1_Rme1_R599	nan	nan	nan	nan	nan	
IRS2_Rme1_R412	-2.19163132921	-0.267295160322	-2.8569706068	1.01307498033	0.193145782292	
SNRPA_Rme1_R152	-0.447867035954	-0.524826868417	-1.64674632342	-0.149187057525	0.851602297247	
PNN_Rme1_R54	-1.33544996187	-1.60656787873	-2.65175832077	-0.344451868328	0.524508471495	
PABPC4_Rme1_R509	0.177931780233	-0.810658860054	-1.58132565571	0.775196836913	1.58490213967	
KRT7_Rme1_R20	-0.937649849576	-4.29652553061	-2.89395094205	-1.12840343384	-2.39128600635	
CNBP_Rme1_R34	-2.05558036818	-1.74074076086	-2.77595659663	-1.7612898408	1.107464015	
FMR1_Rme1_R471	-0.188949106552	-1.30634461091	-1.26599875548	-0.704860122313	1.69289699629	
EIF4G1_Rme1_R694	-1.54886454132	-1.49854759127	-2.541424415	-1.43612809867	-0.0909654340467	
PABPN1_Rme1_R17	-5.51013544357	-4.52620860219	-5.60821022003	-3.00900668449	-2.42947370904	
HNRNPA1_Rme1_R140	0.793619965247	0.620868268416	-1.49232604319	0.864291705383	2.12734741769	
SAFB_Rme1_R811	nan	nan	nan	nan	nan	
RBMX_Rme1_R373	nan	nan	nan	nan	nan	
KRT7_Rme1_R25	-0.123308687754	-1.5511440751	-1.33936782593	1.74703248137	-0.092254858647	
VIM_Rme1_R71	-2.28820419183	-0.983662874531	-1.53949192239	-0.788571184015	0.58025450992	
ZSWIM8_Rme1_R1460	nan	nan	nan	nan	nan	
HNRNPD_Rme1_R345	-0.868587302142	-1.62515253611	-2.76041857283	-1.170263756	1.05540185564	
PRRC2C_Rme1_R255	-2.69995483108	-2.95825334475	-3.29175883131	-1.78899205455	-0.705562638533	
NUDT21_Rme1_R15	-0.999179251764	-1.22840315291	-2.60714615903	-0.7846282695	0.424291490363	
TAF15_Rme1_R535	nan	nan	nan	nan	nan	
HNRNPA1L2_Rme1_R194	nan	nan	nan	nan	nan	
TFIP11_Rme1_R166	-0.312208434202	-0.691822299082	-2.43743965628	-1.50777465954	1.52023652409	
HCFC1_Rme1_R1253	0.585804830765	0.651362212968	-0.359637789257	1.23131896355	2.58334037531	
KRT8_Rme1_R18	0.527119221849	0.575496329325	-0.69001683744	0.544065981204	-0.53364331241	
HCFC1_Rme1_R855	-0.0118333445962	-0.3499123455	-1.40579913161	0.61177265355	1.63650619264	
PTPN23_Rme1_R1595	-0.858986670747	-0.451319381354	-1.62606411892	-0.367358629904	0.880745722584	
PABPC4_Rme1_R432	nan	nan	nan	nan	nan	
FBL_Rme1_R78	3.10688667588	0.433446536924	-0.263202475241	0.450811435505	5.33616675579	
HNRNPA3_Rme1_R376	2.08538602106	1.70487531644	-0.931825270921	2.05051346305	2.73529893812	
ASPM_Rme1_R8	-0.215164983966	-0.445958195059	-1.78324995279	-0.526129344041	1.40811300244	
ATXN2L_Rme1_R361	0.562418260226	1.69901183763	-0.0855960020449	1.81246747592	3.63525353428	
SCAF11_Rme1_R1096	1.22842817971	-0.295715437611	0.153308783967	0.658990766847	2.56197505937	
EIF4E2_Rme1_R241	-0.186948726174	0.560325999477	-0.0340744172607	1.02204063999	1.72850125688	
KRT8_Rme1_R32	1.06964680893	0.62446544176	-0.93665638632	1.6266021605	-0.96779096495	
MAST2_Rme1_R1004	-1.11592722451	-0.860712174095	-1.85833138308	-1.34719094589	0.200189962131	
RBMX_Rme1_R258	0.905511532132	-0.453417098959	-1.0862016452	0.579340752443	1.05080484997	
FOXK1_Rme1_R161	-1.93595339552	-0.944566873029	-1.86387786111	-0.723487118789	0.264933586926	
HNRNPH3_Rme1_R343	-1.07010360833	-2.37895877178	-2.33064877927	2.21713086609	-0.329089079953	
SART3_Rme1_R906	0.0209063944464	-0.0585395823015	-1.33640966804	0.178389795218	1.9567717792	
QKI_Rme1_R227	-0.324303435899	-1.48647043557	-2.17151779131	-0.746495009236	0.451903338077	
SRXN1_Rme1_R16	-0.538464246914	-0.186685538594	-2.39242153327	1.36551683798	0.779069292529	
RPL23_Rme1_R6	2.21274482666	0.703036824108	0.688117276753	1.28163626499	4.70742867341	
HNRNPH3_Rme1_R323	-1.13596355483	-2.38048094361	-2.56646656584	-0.930941884693	0.670802300347	
UFL1_Rme1_R433	-0.0849558503453	0.441083689706	-1.54829155986	1.15274080982	1.34418001948	
SRRM2_Rme1_R2370	-2.47933072896	-2.70245517596	-3.48297703907	-1.88057589096	-0.937752700337	
EPPK1_Rme1_R3137	0.196404023508	0.29927321335	-1.87170604098	-1.73578991155	0.390160459523	
CETN2_Rme1_R16	0.267399714027	-1.40728789603	-1.72239234469	0.738299493703	1.87198242266	
EIF4B_Rme1_R297	0.354704107307	0.550605317363	-1.34038866753	1.13297582791	1.10972444272	
VIPAS39_Rme1_R114	0.31175510868	1.11581084541	-2.45620794232	-0.732544454464	0.916224452043	
ARHGAP21_Rme1_R574	-1.23088707026	-1.69487120024	-2.13205117232	-2.11907424919	-0.563656277747	
TRIP6_Rme1_R205	-2.60430468609	-1.87523814168	-1.47371586766	-2.76763518102	-1.30317152403	
NCL_Rme1_R656	-0.26801173056	-0.562997419295	-1.14330856055	0.457362835199	2.7844854473	
HNRNPD_Rme1_R282	1.71266879696	-0.432066096145	-0.703265643691	0.547586758271	3.50996422573	
UBAP2L_Rme1_R969	-1.25049295802	-0.415130595523	-1.30214565516	-1.05027597485	0.254495082462	
EIF4G1_Rme1_R110	-0.865641837409	-1.33767636606	-2.24286313415	-2.49580606699	0.861187243425	
G3BP1_Rme1_R447	nan	nan	nan	nan	nan	
HNRNPUL2_Rme1_R716	0.254086240454	-1.26607417507	-1.3900273337	-0.663660543002	1.4052044153	
CHTF8_Rme1_R146	-0.969545634922	-1.17688247804	-2.53706852253	0.0319816925426	0.64002751146	
CDC42EP1_Rme1_R53	-2.3806383644	-2.19487062376	-2.072367138	-2.38689491504	0.551585945729	
BTBD1_Rme1_R79	-0.802394806587	-1.13343579281	-1.81656040534	-1.06198751187	1.50065665611	
XRN2_Rme1_R824	0.019252787461	-0.405407593634	-1.10932076656	0.414770922241	1.75601307807	
DDX17_Rme1_R81	-0.625622401128	-1.81676603755	-1.82949339573	-1.44707368952	0.862876522351	
BTF3_Rme1_R13	1.24054361168	-0.373604787061	0.326411162436	2.39171731383	1.94978597781	
TPR_Rme1_R2111	-0.618513727038	-1.3338261964	-1.61296013476	-0.489775203044	0.467286285204	
VHL_Rme1_R79	-1.30049841345	-1.82453631026	-1.74977315331	-0.561473589163	0.64821896429	
C6orf132_Rme1_R1127	0.252871064739	-2.86114235677	-2.31708519048	-1.54077846569	-0.547736320384	
TCEAL6_Rme1_R176	nan	nan	nan	nan	nan	
PABPN1_Rme1_R279	0.0641248133113	-0.506824734873	-1.95013647182	-0.815990083596	0.996241408711	
FKBP15_Rme1_R520	-3.62031880936	-3.15278375281	-4.04462418262	-2.85935770817	-1.64725951152	
RBM27_Rme1_R455	-1.17934834512	-0.856149911073	-1.69289398784	-0.068204137217	1.30941113447	
DHX9_Rme1_R1223	nan	nan	nan	nan	nan	
ARHGAP23_Rme1_R1335	-0.51111473172	-1.47762947668	-0.730261052367	-0.41553231024	1.90592735048	
HNRNPAB_Rme1_R253	1.32064108466	2.26720811021	1.18585904095	2.401080832	3.27614156876	
DHX9_Rme1_R1235	-0.871290894625	-1.47873146885	-2.52237550058	-1.43560649804	0.751477479882	
KHDRBS1_Rme1_R315	nan	nan	nan	nan	nan	
HCFC1_Rme1_R847	-1.63849007676	-1.3180841013	-2.7811363573	-1.15025742984	-0.0160549630491	
HNRNPK_Rme1_R377	-1.47091783159	-1.86442774325	-3.48072921034	-1.86196804311	-1.13171093179	
SCAF11_Rme1_R969	-0.702670662862	-1.15498178682	-2.13658092538	0.0051515773059	0.489839408837	
KRT18_Rme1_R55	1.2179128372	0.789744851578	-1.26168320271	2.23281586398	-1.7438373149	
KRT6C_Rme1_R16	nan	nan	nan	nan	nan	
ETFA_Rme1_R223	-0.228078151754	-0.858596755461	-2.0813050054	-1.71054402305	1.09270622025	
KRT8_Rme1_R40	-0.393234208625	-0.235816039903	-0.787011977108	0.605590477348	-0.0431946411172	
TRIM24_Rme1_R469	0.151023760119	-1.29312553811	-1.53917483889	-0.42055283425	0.727869808076	
PPP1R13L_Rme1_R185	-0.562334811692	-2.21938014556	-1.9708351615	-1.69314493508	0.207642535909	
HGS_Rme1_R557	-0.209604921149	-0.364357505056	0.306196739709	0.431190757919	1.4842026297	
HNRNPH2_Rme1_R233	-1.82517696054	-2.27884851106	-3.33088187576	-1.78832285597	0.424761040053	
CCDC117_Rme1_R60	0.148436077514	-1.13060836161	-2.06807663472	-0.486476048968	1.27971064433	
SF3B2_Rme1_R515	-0.489570044823	1.71247450999	-5.12453349911	0.424007995677	1.8109338765	
DNM2_Rme1_R862	nan	nan	nan	nan	nan	
QKI_Rme1_R242	-1.41839556779	-1.80358835704	-2.5408565845	-1.2653548366	0.339634148721	
BRIX1_Rme1_R9	-0.738782891265	0.00829931602664	-2.97579188728	0.0445061793636	0.878134479009	
HNRNPH1_Rme1_R224	-1.37881839439	-1.5390629568	-2.92000128956	1.94801392163	-0.271598652673	
STAU1_Rme1_R108	0.147720746789	-0.615362889126	-1.16538533941	-0.474783951527	2.03332954087	
HNRNPA1L2_Rme1_R140	nan	nan	nan	nan	nan	
EWSR1_Rme1_R486	-1.64380549273	-1.38582696952	-2.28056498332	-0.578866380528	1.19011856744	
IRS2_Rme1_R429	-3.74624168374	-2.97033459421	-4.07041787518	-2.35319468684	-0.947277412151	
CSTF2_Rme1_R468	-0.544070368345	-1.49241101994	-2.15488272535	0.581867499852	1.23625823675	
FUBP1_Rme1_R359	-0.709979980499	-1.64630271058	-2.1135876706	0.988459520676	0.876594954093	
HNRNPUL1_Rme1_R685	2.2682313148	1.74875380692	-0.98217667408	2.73832488571	2.73358944042	
RBMXL1_Rme1_R380	nan	nan	nan	nan	nan	
CRIP1_Rme1_R68	-7.48081014322	-0.681435690044	-8.55937707623	-2.51410268171	-4.2051750394	
PDLIM7_Rme1_R103	-4.72965637168	-1.83846041617	-1.96907932988	-3.05829112271	-1.79944784764	
LARP1_Rme1_R285	1.47191001104	0.688418042463	0.80578303098	1.02407660358	3.91420075087	
WDR33_Rme1_R1144	-0.376505914115	-0.057537992109	-1.87311373046	0.289683600217	1.73073542973	
TAF15_Rme1_R464	-5.65915601573	-3.22656537184	-6.57842660443	-4.94109610184	-0.890639725075	
HNRNPUL2_Rme1_R738	0.747582288543	-0.189067252705	-1.79932268068	-0.0148330299432	0.976512641317	
HCFC1_Rme1_R1219	-0.0440867494399	0.00280531505947	-1.4854106672	0.622294775437	1.74866498387	
TXLNG_Rme1_R24	0.285208205948	0.287500215968	-0.333840378463	0.949193320538	3.26759683323	
DIDO1_Rme1_R1775	nan	nan	nan	nan	nan	
FUS_Rme1_R514	2.50502234555	1.22881209849	0.169160771524	2.07697633442	2.97403639355	
TAF15_Rme1_R519	nan	nan	nan	nan	nan	
TP53BP1_Rme1_R1338	0.584621478299	-0.403409861861	-0.895468576537	0.40521553199	2.52347215183	
C11orf68_Rme1_R29	-1.42130789317	-1.33637557297	-1.17540097759	-1.1081176718	0.988456870075	
SNRPB_Rme1_R147	-0.613289246526	-1.52723680941	-1.94074994296	1.87861392205	0.944926976049	
HNRNPA2B1_Rme1_R352	0.0813361688978	-0.347893851717	-2.59856836546	-0.655968577532	0.58798961139	
FAM120A_Rme1_R873	-2.25890016715	-2.13049335038	-2.13329454303	-1.82962486618	-1.01312240329	
SRSF1_Rme1_R111	nan	nan	nan	nan	nan	
PRRC2C_Rme1_R1196	nan	nan	nan	nan	nan	
TAF15_Rme1_R459	-0.823023670377	0.154791199019	-2.63800269233	0.124756598507	2.18932887351	
HNRNPA3_Rme1_R286	-0.612510939598	-0.909276782728	-1.53989566449	0.525965085673	1.55810476365	
KRT7_Rme1_R52	-0.91815414435	-1.67654430978	-1.44114957743	-0.294710408278	-0.273953400649	
RAD54L2_Rme1_R1433	-1.20569596745	-1.36279918931	-2.09106372861	-0.970042987018	0.326878715171	
MYPN_Rme1_R810	-2.29172807967	-2.43590213171	-2.89311879479	-2.22580753478	2.48241028411	
KRT8_Rme1_R23	0.017382861779	-0.199318998696	-2.00064135357	-0.278900312962	-0.489662195297	
SON_Rme1_R929	-1.35445799104	-1.63295301794	-2.68428205015	-0.797850650781	0.260022894154	
WDR33_Rme1_R782	0.0282513288624	-0.108312615029	-1.44108297601	0.0750982347856	1.48945446332	
KHDRBS1_Rme1_R340	-1.23192302064	-1.02397730912	-1.74274706813	0.117937153665	1.24457301644	
PPFIBP1_Rme1_R527	-4.26742514174	-1.71691287953	-4.30227154177	-2.87251119209	1.16923063812	
PABPN1_Rme1_R277	0.516711829512	-2.44469846649	-1.50615107554	-1.09111314462	0.724570714874	
CCDC9_Rme1_R102	-1.64314702671	-1.03559648656	-3.16195008548	-0.455736385548	1.10098396245	
FAM120A_Rme1_R986	-0.744891332377	-0.413704083531	-1.49676139624	-0.0987475066207	0.427322339319	
FRMD8_Rme1_R219	-0.979506546476	1.85547021487	-2.67487426241	0.985283811858	1.36964019672	
FAM103A1_Rme1_R112	0.788068666102	0.763692024832	0.245269772862	0.595602518997	2.93189303499	
NUP153_Rme1_R1465	0.149868180197	-0.0474909580962	-2.05361241863	0.748499832212	1.06031237097	
FAM195A_Rme1_R65	-1.01001599642	-1.17853551025	-1.78403008665	-0.606657294317	0.701575457061	
EIF4H_Rme1_R136	2.33593074028	0.966859046115	0.280590508096	2.61653501437	2.17289789171	
UPF1_Rme1_R1019	-0.529017800764	-2.3880435308	-1.67435069477	-0.369556041085	0.753471256035	
SAFB_Rme1_R818	nan	nan	nan	nan	nan	
ZC3H7A_Rme1_R334	-1.32048338182	-2.12768222024	-1.89651229379	-1.08930539178	0.139717539135	
G3BP1_Rme1_R435	0.418162960523	-0.669057363217	-0.485171461675	-0.25968426633	2.57452030009	
YBX1_Rme1_R142	-0.333952599589	-0.545099789293	-1.62235997533	0.0882016284522	1.13393173674	
YBX1_Rme1_R242	-0.978670328337	-1.21814009542	-2.2073076985	-0.438099624813	0.152749314657	
BAZ2B_Rme1_R1021	nan	nan	nan	nan	nan	
DDX3Y_Rme1_R98	nan	nan	nan	nan	nan	
POP1_Rme1_R30	-0.231094156275	-0.20971716292	-2.30567134217	-0.206021775703	0.313528205371	
HNRNPF_Rme1_R218	-0.142844949739	0.0410179678296	-2.1735171492	0.267514485843	1.43093323057	
GATAD2A_Rme1_R539	-0.494710599213	-0.782698885159	-1.62151407484	-0.728399162289	1.03502243048	
HCFC1_Rme1_R524	-1.97130552822	-1.14090351522	-3.49577876018	-0.610210077718	-0.590285598075	
HNRNPUL2_Rme1_R720	-0.512465502727	-1.38994469731	-2.29285632132	-0.96757417999	0.0443639811518	
KHSRP_Rme1_R415	-1.49592736699	-1.48575353986	-1.71273695043	0.990537652607	0.101589393147	
AKAP8L_Rme1_R208	0.213351668052	-0.0135956604295	-1.79337785128	-0.180219972843	1.5557494027	
MTMR14_Rme1_R638	-1.7781036675	-2.30971968369	-2.71119556028	-1.81741983314	-0.01409956813	
REXO2_Rme1_R12	-0.123003959415	-1.12770451806	-1.51383582577	1.85511250178	0.852902520205	
AKAP8L_Rme1_R179	-0.771456256876	-0.977426855248	-2.22751330366	-1.03903538908	0.883463011842	
EIF4G1_Rme1_R73	nan	nan	nan	nan	nan	
FUS_Rme1_R218	-0.23331583738	-0.788437266351	-1.24282474598	0.12055571376	1.55106286416	
SNRPD1_Rme1_R102	nan	nan	nan	nan	nan	
SRSF5_Rme1_R88	1.30787000049	0.707215242146	-1.39435950913	1.02692556132	2.66386532195	
RPL4_Rme1_R80	1.95288113646	1.1345334782	-0.106266592905	2.47593502692	3.4870392921	
SYNCRIP_Rme1_R526	-0.128251141866	-0.307993442912	-1.41146808219	0.537429305392	1.98752625124	
HNRNPA1_Rme1_R206	-0.958214852995	-1.18587249193	-2.5357761936	-0.414335353283	1.42139188333	
PABPC1_Rme1_R493	nan	nan	nan	nan	nan	
SAFB_Rme1_R749	-1.40560580942	-1.59250916992	-2.81737823632	-1.10454645722	0.719402037452	
TRIP6_Rme1_R186	-2.15519374926	-1.53620526378	-1.80010831755	-2.17396939263	-0.696299458644	
HNRNPUL2_Rme1_R684	-0.740233469779	-1.20459348179	-1.58840037392	-0.680624749124	1.31002599047	
INA_Rme1_R39	-1.7603361124	-2.68653419237	-2.17599754778	-1.46730734119	1.10479152806	
C15orf52_Rme1_R280	nan	nan	nan	nan	nan	
TFPT_Rme1_R68	0.178543518802	0.253714723911	-1.56759105927	1.13027136821	2.2107828869	
NCL_Rme1_R694	1.21657782895	0.733152901618	0.217180895919	1.92776195774	4.42207716015	
CTTN_Rme1_R119	-1.2604601358	-1.32992798709	-1.92878055719	0.217717420538	0.0889120144744	
CDC42BPB_Rme1_R671	-1.26117881629	-1.09510557652	-4.86818741719	-2.86527892878	-0.879382625016	
CPT2_Rme1_R51	-1.49505658593	-1.22304863944	-1.82625371758	-0.810625530631	0.0642699031288	
KHDRBS1_Rme1_R320	-0.829149442979	-0.622879665323	-1.78518109593	0.396881197326	2.03083413755	
WDR33_Rme1_R1035	-0.0673183318431	0.152993189685	-2.0521145339	-0.665087912061	1.93447660058	
WIPF1_Rme1_R125	nan	nan	nan	nan	nan	
GIGYF2_Rme1_R149	-1.81475904356	-1.79168236622	-1.69037757296	-0.767383073853	-0.179228688667	
KHDRBS1_Rme1_R291	nan	nan	nan	nan	nan	
EIF4G2_Rme1_R460	-2.05995367246	-1.76879158746	-1.64102401891	-1.39802872812	-0.477562713741	
FBRS_Rme1_R408	-1.79023869807	-1.44526402377	-2.63160860041	-1.07372317489	-0.101529919697	
WDR33_Rme1_R1071	0.236293027278	-0.0427811721804	-2.18853320919	-0.0804775054066	1.80828632701	
KRT7_Rme1_R13	-4.70433408764	-3.91467998575	-3.87225122447	-3.9357923035	-2.84745163349	
TCERG1_Rme1_R20	-0.219839586225	0.365008067652	-1.12687184881	1.3438939648	2.19248327162	
POM121_Rme1_R223	-1.51780327787	-1.57265340202	-1.78860804886	-0.581495814214	0.0998650797814	
RAI1_Rme1_R249	-1.97450821388	-1.88142112996	-3.719487702	-1.04852919349	0.0461528065109	
HNRNPAB_Rme1_R245	-1.64936118229	-0.782632391193	-1.85317970468	-0.925240434941	0.897843315792	
AVL9_Rme1_R588	-1.05400186108	0.00782544375502	-1.04428821971	0.272652954951	0.660776561763	
HNRNPUL2_Rme1_R656	-0.363699280872	-1.06349713644	-1.84825971242	0.0715220076923	1.08643109746	
KHSRP_Rme1_R411	-1.994983053	-2.05810553513	-2.37671617745	-0.588482908256	-0.348281053704	
HNRNPA3_Rme1_R216	-1.06279552311	-1.64672921086	-2.49039041692	-0.979160434491	0.95107218073	
WDR36_Rme1_R800	-2.02387841445	-1.36803563089	-1.15047258898	-0.780140223158	0.676522977198	
HNRNPUL2_Rme1_R688	nan	nan	nan	nan	nan	
TRIM33_Rme1_R591	-0.648605903775	-0.820715687082	-2.00521022187	0.0740765657598	0.56810865095	
CDK16_Rme1_R19	3.05346157031	2.07414367971	0.986353743511	-0.45452803936	3.37712486007	
MSI1_Rme1_R199	nan	nan	nan	nan	nan	
HSPB1_Rme1_R12	-4.49137540637	-3.77297303816	-2.72443742218	-3.77592713033	-1.48447768154	
TAF15_Rme1_R498	-1.67664181447	-1.05255800646	-2.8526985679	-1.30143101307	1.91367775853	
ARHGAP23_Rme1_R180	-0.0281789179327	-2.12701711548	-0.426617212432	-2.36321974885	-1.30703784406	
EIF4G1_Rme1_R1032	nan	nan	nan	nan	nan	
KANK2_Rme1_R105	-6.07110671536	-4.26147304117	-4.42254755952	-4.40054376248	-2.02283199179	
NARR_Rme1_R71	-1.18146067423	-0.916801041388	-1.13653901755	-0.578645536343	2.21938191643	
TAGLN2_Rme1_R196	-2.67227191246	-1.63385868949	-3.22033086577	-2.22961416781	-1.28083710417	
CSTF2T_Rme1_R352	nan	nan	nan	nan	nan	
PEG10_Rme1_R611	-2.55989095384	-1.94006274106	-3.29840602504	-1.84084930212	-0.677533838966	
KHSRP_Rme1_R413	nan	nan	nan	nan	nan	
PSPC1_Rme1_R507	0.856767574342	-0.561953794698	-2.42884801103	-0.437896542106	-0.224200847111	
DYNC1LI2_Rme1_R397	-2.25631225977	-2.48690562309	-3.30992058168	-3.15255933181	-1.03801869382	
FAM120B_Rme1_R885	0.150429894163	0.404463844758	-0.535076835688	-1.08533577712	2.11051952159	
NCL_Rme1_R561	-1.36906858696	-1.03244443895	-2.59978260238	-0.19236317132	0.452255066324	
UBE2M_Rme1_R169	-0.339795952643	-1.09034968856	-2.04868880781	0.0855013720493	0.560924264811	
KRT19_Rme1_R43	-0.307488317163	-3.32751856177	-2.1882064101	-2.03949615637	-1.16062684417	
