	A549	CAL-12T	Calu-3	DMS153	DMS53	DMS79	H128	H1299	H1355	H1417	H1437_plex_8	H1437_plex_9	H1650	H1666	H1703	H1734	H1781	H1792	H1944	H1975	H2073_plex_6	H2073_plex_9	H209_plex_1	H209_plex_9	H2106	H2228	H2342	H23	H2405	H3122	H358	H441	H446	H460	H524	H526	H661	H69	H82	H838	HCC15	HCC44	HCC78	HCC827	Lou-NH91
ACIN1_K81	nan	nan	0.312921071116	nan	nan	nan	nan	nan	nan	nan	nan	nan	0.822253394116	nan	nan	nan	nan	nan	nan	1.58116926605	nan	nan	nan	nan	0.937921198318	nan	nan	nan	nan	nan	nan	nan	nan	nan	nan	nan	nan	nan	nan	nan	nan	nan	nan	0.779539453272	nan
ACTC1_K240	0.394028956928	nan	nan	nan	nan	nan	nan	nan	-2.67222900427	nan	nan	nan	nan	nan	nan	nan	nan	-0.574476729804	nan	nan	nan	nan	nan	nan	nan	nan	nan	-0.035430419754	nan	nan	nan	-0.957798774495	nan	nan	nan	nan	nan	nan	nan	nan	nan	nan	nan	nan	nan
AHNAK_K1077	nan	-2.86347557821	nan	nan	-4.67830476095	nan	nan	nan	nan	nan	-4.09530653549	nan	nan	0.264314851761	-1.96818524053	nan	nan	nan	nan	nan	-5.06423590607	nan	nan	nan	nan	nan	-2.49386986446	nan	-1.92370987595	nan	nan	nan	-4.53691102889	nan	nan	-3.11892659438	nan	-3.64138945403	-3.78845513575	nan	-3.84016058089	-2.80876112854	nan	nan	-3.8931562668
AHNAK_K1205	0.0686962757319	-3.08733011546	-1.14267070818	nan	-7.39063423317	-5.01275592567	-5.48286433218	-2.02758545076	-3.22460063307	-11.3090128102	-4.12041160611	nan	0.0697279191038	0.947496397985	-2.27887754225	-4.43208395041	nan	-1.52965291539	-3.42471196691	0.45508064728	-4.84593416242	nan	-5.56368713247	nan	-2.49176489723	nan	-2.87482405852	-1.46448070924	-1.40153695802	nan	-0.340598708108	-0.879221741047	-5.87901313566	-1.47134210945	-5.78683168912	-4.73904241279	nan	-4.98004509154	-5.52749683231	nan	-3.69209018839	-2.9498614228	nan	-1.29124463904	-4.55757840965
AHNAK_K1333	-0.0379558252189	-3.54663494946	-1.35849069662	-8.475312204	-5.89888206686	-4.01193197746	-3.68178059874	-1.1748270679	-2.65461554168	-5.75021005294	-4.37362625051	-1.9428651249	-0.103977001968	-0.115203569293	-2.12097922351	-2.50145341985	-2.80643182539	-0.965069556932	-2.13027976674	0.187342233816	-4.62819932683	-1.61359985729	-4.04349075983	-3.32549568514	-2.14783536103	-1.9350065264	-3.02737007766	-1.16727507858	-1.88819005801	-2.89763589775	-0.894802260193	-0.875557282221	-5.08951409763	-0.920728820378	-4.4067519181	-3.61356685242	0.576908030518	-3.92186059777	-4.31658663136	-3.2638282432	-3.94352671073	-3.50872016605	-2.36232722872	-1.70954629184	-4.53954127105
AHNAK_K1461	nan	nan	nan	nan	nan	nan	nan	-2.05158284194	nan	nan	nan	nan	nan	nan	-2.21792434278	-2.56192442273	nan	nan	-3.21957063555	nan	-6.43357524303	nan	nan	nan	nan	nan	-2.71315806909	nan	nan	nan	-0.710420266152	nan	nan	-0.882076772711	nan	nan	nan	nan	nan	nan	-4.03778942263	nan	nan	nan	-4.83854643172
AHNAK_K1791	-0.509741284662	-3.69815396767	-1.91024176341	nan	-8.10236375682	-4.4948800343	-4.59213494618	-1.73494807082	-2.83631693639	-8.47241495029	-4.53815633354	nan	0.0131931788229	0.711579520013	-2.01902188391	-2.79108102668	-2.24047132981	-1.46969349012	-2.33327914852	0.37391963625	-5.85123527583	nan	-5.03099113114	nan	-3.2401268107	-2.54897631072	-2.41368109136	-1.79542264906	-1.63274519395	-2.56424779811	-0.998316329744	-0.955845034869	-6.18656412898	-1.89171376386	-5.09138490816	-4.84773685117	0.350202133812	-4.84283805685	-5.55178736259	nan	-4.46417832061	-3.57087142189	-2.70041135271	-2.53859940992	-4.20485060819
AHNAK_K1794	nan	nan	-1.39603189102	nan	nan	nan	nan	nan	nan	nan	nan	nan	-0.122197545954	nan	-1.38918019602	nan	nan	nan	nan	0.296146118416	-3.78294195822	nan	nan	nan	-2.36621271798	nan	-2.54781366754	nan	nan	nan	nan	nan	nan	nan	nan	nan	nan	nan	nan	nan	-2.65843402256	nan	nan	-1.41267083834	-3.52760648355
AHNAK_K2194	-0.571430694738	-3.65083843769	-1.51171735992	-7.10545846273	-6.89364868979	-5.47299615796	-5.95957174801	-1.96099725261	-3.5637022538	0.0	-4.32690922621	-1.68973551873	0.198248452475	0.583419640883	-1.95881589309	-3.47912027115	-3.11063176543	-2.04524992134	-1.72583795745	0.422043779707	-5.75384683073	-1.55178544685	-5.77918069689	-2.31064883672	-2.92382497482	-2.66378517278	-2.63130494385	-1.92979117628	-1.46888394525	-3.87321381096	-1.02037825	-1.46051178948	-5.88383948749	-1.70463403034	-6.41150237969	-4.78648662858	0.249508542246	-4.83552969258	-4.94685048371	-2.69022963552	-4.47545638595	-3.63594086826	-3.12239440211	-1.94718952518	-4.3533257053
AHNAK_K2322	nan	-2.99094890464	-0.90581100896	nan	nan	nan	nan	-0.886831652313	nan	nan	-3.63887540507	nan	0.413667855207	1.15641876238	-0.986549020327	-0.900549299098	nan	nan	-1.55892915309	0.649275171489	-4.53016248844	nan	nan	nan	-2.0871381849	nan	-2.13339224792	nan	-0.747333722818	nan	-0.511708253784	nan	nan	-0.795871460021	nan	nan	nan	nan	nan	nan	-2.60946860139	-2.08306268611	nan	-0.903766165046	-3.31919554103
AHNAK_K2396	nan	-4.18281459243	-2.20414575764	nan	nan	nan	nan	-1.62748900215	nan	nan	-4.84128598992	nan	-0.566569946668	-0.145179703897	-1.90128961218	-2.64733276165	nan	nan	-2.63647574571	-0.141530850625	-4.5834927677	nan	nan	nan	-2.81596855694	nan	-2.7571627535	nan	-2.63589952075	nan	-0.995525883222	nan	nan	-1.62103759839	nan	nan	nan	nan	nan	nan	-3.36300867979	-3.58826350369	nan	-1.98175267066	-4.29599134974
AHNAK_K2589	nan	-3.77815677709	-1.6937614582	nan	0.0	nan	nan	-1.0949080169	nan	nan	-5.0855388406	nan	-0.0822559067881	-1.37500042151	-2.997587028	-3.25173822607	nan	nan	-2.29419660976	0.309379438449	-6.24177374274	nan	nan	nan	-1.38520463463	nan	-3.6847438531	nan	-2.34637746911	nan	-0.443576074694	nan	-8.11391753992	-0.746667525571	nan	-6.64676234936	nan	-6.8569822899	-7.68256970491	nan	-5.02829931248	-4.46906562692	nan	-1.55825541315	-4.94682065063
AHNAK_K2717	-0.396787156614	-4.10350114918	nan	nan	0.0	nan	nan	-2.27942196247	-2.95306745133	nan	-4.57265277561	nan	nan	0.309444510393	-1.89629838106	-3.64001725328	-3.27111673684	-1.46237222778	-2.08400324672	nan	-4.96020082444	nan	nan	nan	nan	-3.47467318294	-2.74191063557	-0.954042758394	-1.88309123967	-3.72544856046	-1.18987676332	-1.37054569002	-5.80871551916	-1.4377428111	nan	-4.22410197771	0.132475462358	-4.58303054788	-5.21111186374	nan	-4.22321139633	-4.03442335417	-3.76374409995	nan	-4.43417928299
AHNAK_K3229	nan	-3.94507021592	-2.21305755059	nan	nan	-4.73665330027	-4.86485793425	-1.87632928292	nan	0.0	-4.18302450751	nan	-0.400635460176	0.323496128009	-2.00622580093	-3.56084801613	nan	nan	-1.19824338648	0.16900025391	-5.97968292389	nan	-4.77610440067	nan	-3.37430376773	nan	-2.73039156938	nan	-1.78860566283	nan	-1.12096513037	nan	nan	-1.43146957393	-5.25122652217	nan	nan	nan	nan	nan	-4.93712372651	-3.84189210885	nan	-2.76567154202	-4.35339774444
AHNAK_K3404	nan	-1.85704357101	0.587102273319	nan	nan	nan	nan	1.13407987572	nan	nan	-2.72927234586	nan	1.53294007848	1.79424704419	nan	0.0987386194596	nan	nan	1.23584130894	1.66405264096	nan	nan	nan	nan	-0.178498375247	nan	nan	nan	0.731435348641	nan	0.991953168889	nan	nan	1.13532282783	nan	nan	nan	nan	nan	nan	nan	-1.24907202169	nan	1.18445023337	nan
AHNAK_K3681	-0.164985013874	-3.51807451562	-2.23199881135	nan	nan	-3.98238504062	-3.99239925133	-1.03076269333	-2.26094246202	-5.71892604112	-4.35012142364	nan	-0.198680472965	0.632159726409	-1.64353982614	-2.95341142272	nan	-1.27476274351	-1.7765958999	0.376441780644	-5.37160103594	nan	-4.33537845796	nan	-2.54587860314	nan	-2.32412584153	-0.782712443394	-1.52772772498	nan	-0.813141106697	-0.423638774228	nan	-1.19470556931	-4.16322155635	nan	nan	nan	nan	nan	-3.99464328964	-3.29855151919	nan	-1.7119909852	-3.61081800961
AHNAK_K4139	nan	-3.78178845438	-1.76322023704	nan	nan	-2.76686731941	-2.3168115953	-1.39608595419	nan	-2.65058665529	-4.33859054595	nan	0.162980226344	0.577317287145	-1.71632719572	-3.20082487463	-2.29927160188	nan	-1.49359278876	0.46125133249	-5.1816551012	nan	-2.36461876439	nan	-2.32689005628	-2.3869477145	-2.6509710278	nan	-1.29817152657	-2.9882749249	-0.657425677415	nan	nan	-1.29137211882	-4.42993609519	nan	1.21140198679	nan	nan	nan	-4.02209799423	-3.34515380361	-2.82927695597	-2.19414733363	-3.98615134341
AHNAK_K4529	0.201726735684	-3.53011418347	-1.67241993525	nan	-7.24781226855	-5.00326010011	-5.69054676919	-1.20746626649	-2.94052313549	0.0	-4.88364790342	nan	0.0870959458729	0.904584158233	-1.67284442945	-4.04079907263	-2.68203578382	-1.66743700166	-2.81670309007	0.260385128876	-5.31789900733	nan	-5.31346111662	nan	-3.38372047643	-2.55312179669	-2.40834880284	-1.2447977058	-1.43609088591	-3.84929983613	0.0160111706757	-0.997116577633	-5.80142705975	-0.750008957042	-5.75980892952	-4.61300366193	0.77873460892	-4.86487350823	-5.54805648652	nan	-4.69875417354	-3.90880152143	-3.5410767982	-2.2660410765	-3.89129060688
AHNAK_K4859	nan	nan	-0.809133018873	nan	0.0	-5.0304474604	-5.80265569796	nan	nan	0.0	nan	nan	-0.17045983632	nan	-2.35350064022	nan	nan	nan	nan	0.172845160673	-4.91977148182	nan	-4.50763868836	nan	-3.3543943979	nan	-1.63178220248	nan	nan	nan	nan	nan	-6.26489252403	nan	-5.26303139336	-5.0897216207	nan	-5.22110319215	-6.02949281896	nan	-4.39646180162	nan	nan	-0.479728067875	-3.72097016604
AHNAK_K4985	nan	-2.82404978569	nan	nan	nan	nan	nan	nan	nan	nan	-3.09985832003	nan	nan	1.33686685524	nan	nan	nan	nan	nan	nan	nan	nan	nan	nan	nan	nan	nan	nan	0.330039693031	nan	nan	nan	nan	nan	nan	nan	nan	nan	nan	nan	nan	-2.55778297101	nan	nan	nan
AHNAK_K5307	nan	-3.2166359206	nan	nan	nan	nan	nan	-1.78721233281	nan	nan	-4.32301815979	nan	nan	0.710889199368	-1.76181822491	-2.99018063781	nan	nan	-2.18437145892	nan	-5.07316241268	nan	nan	nan	nan	nan	-2.01101318028	nan	-1.42382183979	nan	-0.49121324378	nan	nan	-1.24189345415	nan	nan	nan	nan	nan	nan	-3.17707447122	-3.93794632157	nan	nan	-3.92711733929
AHNAK_K537	nan	-2.27268645349	nan	nan	nan	nan	nan	nan	nan	nan	-3.12504205201	nan	nan	2.48436382869	nan	nan	nan	nan	nan	nan	nan	nan	nan	nan	nan	nan	nan	nan	0.437483173112	nan	nan	nan	nan	nan	nan	nan	nan	nan	nan	nan	nan	-0.57400208011	nan	nan	nan
AHNAK_K5725	nan	-3.22733091914	-0.199952063764	nan	nan	nan	nan	0.0326430253165	nan	nan	-4.29644532891	nan	0.489346347484	1.49599068502	nan	-2.38269315386	nan	nan	-2.01575777918	1.58719003379	nan	nan	nan	nan	-2.46866641329	nan	nan	nan	-0.336394106515	nan	0.231361695954	nan	nan	-0.714317378654	nan	nan	nan	nan	nan	nan	nan	-3.8006682457	nan	-0.970125673723	nan
AHNAK_K5744	nan	-1.09750152357	nan	nan	nan	nan	nan	nan	nan	nan	-1.59515338704	nan	nan	2.17149593519	nan	nan	nan	nan	nan	nan	nan	nan	nan	nan	nan	nan	nan	nan	0.732791843456	nan	nan	nan	nan	nan	nan	nan	nan	nan	nan	nan	nan	-1.29645356531	nan	nan	nan
AHNAK_K807	nan	nan	-1.16090902024	nan	nan	nan	nan	nan	nan	nan	nan	nan	-0.722123859054	nan	nan	nan	nan	nan	nan	-0.356020705394	nan	nan	nan	nan	-1.92671123046	nan	nan	nan	nan	nan	nan	nan	nan	nan	nan	nan	nan	nan	nan	nan	nan	nan	nan	-0.662571669439	nan
AKAP13_K1670	2.69546595459	-2.80861607626	1.35752230448	-7.20473904289	-1.81881996071	-4.77102721503	-2.96864895723	0.439734800023	-0.587357761357	-3.3806023339	-3.25834228541	0.54278956428	1.60687541988	1.37629227233	-1.19997261613	1.17603778269	-1.47513338797	0.278636503669	2.08712256748	1.49796045142	-3.31831282409	1.08557166825	-4.32703275925	-2.60895402283	-3.22438833053	-0.919665797177	-2.86481503439	-0.792827763275	0.593417126533	-1.32952975432	1.70462863643	1.14390970187	-4.07018183594	1.78453782624	-3.9258800026	-3.26282907492	1.03832735558	-1.2862432437	-4.28845925952	-0.570721975486	-1.78105516118	-2.38063172463	-1.29066905591	1.51243216145	-3.69349837736
ALB_K223	nan	-5.29223843328	-3.42904586199	nan	nan	nan	nan	nan	nan	nan	-5.62560618768	nan	-4.18532729176	-2.82065310214	nan	nan	nan	nan	nan	-2.64486532491	nan	nan	nan	nan	-3.50173574441	nan	nan	nan	-3.91716517213	nan	nan	nan	nan	nan	nan	nan	nan	nan	nan	nan	nan	-4.61632047718	nan	-2.83629325486	nan
ALB_K298	nan	nan	nan	nan	nan	nan	nan	-1.51961126966	nan	nan	nan	nan	nan	nan	nan	-2.08597876611	nan	nan	-1.51632100803	nan	nan	nan	nan	nan	nan	nan	nan	nan	nan	nan	-1.50948194642	nan	nan	-1.13473857611	nan	nan	nan	nan	nan	nan	nan	nan	nan	nan	nan
ALB_K438	nan	-2.96235231298	nan	nan	nan	nan	nan	nan	nan	nan	-3.94261156697	nan	nan	-0.105278001971	nan	nan	nan	nan	nan	nan	nan	nan	nan	nan	nan	nan	nan	nan	-1.93732395264	nan	nan	nan	nan	nan	nan	nan	nan	nan	nan	nan	nan	-2.20480160517	nan	nan	nan
ALB_K558	2.93554312902	nan	nan	nan	nan	nan	nan	nan	-0.155942365303	nan	nan	nan	nan	nan	nan	nan	nan	1.60824723403	nan	nan	nan	nan	nan	nan	nan	nan	nan	2.26462534138	nan	nan	nan	1.41896445401	nan	nan	nan	nan	nan	nan	nan	nan	nan	nan	nan	nan	nan
ATP5B_K55	nan	nan	nan	nan	-1.97452730822	nan	nan	nan	nan	nan	nan	nan	nan	nan	nan	nan	nan	nan	nan	nan	nan	nan	nan	nan	nan	nan	nan	nan	nan	nan	nan	nan	-3.59633303948	nan	nan	-0.553896380142	nan	-0.246624615717	-1.54010932771	nan	nan	nan	nan	nan	nan
AVEN_K230	nan	-2.4393418769	nan	nan	nan	nan	nan	nan	nan	nan	-3.02310223592	nan	nan	1.03340817334	-0.190931568124	nan	nan	nan	nan	nan	-2.28252668289	nan	nan	nan	nan	nan	-1.76965369887	nan	-1.09409534482	nan	nan	nan	nan	nan	nan	nan	nan	nan	nan	nan	-1.61595162864	-1.45897928584	nan	nan	-2.85130302402
BCAR3_K334	nan	-3.46447544045	-2.78257641118	nan	-3.64599134221	nan	nan	1.17099973999	nan	nan	-3.78985253467	nan	0.336301278164	1.18735718286	nan	-1.54351672799	nan	nan	-0.681603525031	0.981436481981	nan	nan	nan	nan	-3.1343568759	nan	nan	nan	0.638014694443	nan	0.798620467024	nan	-3.60165304426	0.791300807398	nan	-3.09444810878	nan	-1.71498487374	-4.22214379946	nan	nan	-2.50276601927	nan	-1.22586623049	nan
BIRC6_K1250	nan	-5.14872817067	-1.19091436875	nan	-0.231636288728	-1.08539649331	0.0974601790249	3.59509627676	nan	-0.747803757636	-1.05992351245	nan	0.675602708938	4.77208863743	1.57899238021	1.51762292508	nan	nan	2.75677498677	1.41038420179	-1.85082334803	nan	-0.894628581345	nan	-0.761233416022	nan	-0.768187404977	nan	1.6423178542	nan	1.50548702788	nan	-2.07389830479	3.47344086989	-1.40091581584	-1.5064998823	nan	0.591665222284	-1.70430903875	nan	-1.12199325633	0.611539270715	nan	0.0116390186426	-2.14017172307
BLVRA_K143	nan	nan	2.02339468174	nan	nan	nan	nan	nan	nan	nan	nan	nan	3.40642344347	nan	nan	nan	nan	nan	nan	3.02610508634	nan	nan	nan	nan	-0.235575460168	nan	nan	nan	nan	nan	nan	nan	nan	nan	nan	nan	nan	nan	nan	nan	nan	nan	nan	2.58095993826	nan
BRCA2_K1533	nan	nan	nan	nan	nan	nan	nan	2.48997045648	nan	nan	nan	nan	nan	nan	nan	1.10100054367	nan	nan	1.87587640736	nan	nan	nan	nan	nan	nan	nan	nan	nan	nan	nan	1.39777770755	nan	nan	2.20999767107	nan	nan	nan	nan	nan	nan	nan	nan	nan	nan	nan
BTF3_K46	2.80545800083	-0.626643162822	1.60497548442	-3.33275607012	-0.261358449496	nan	nan	2.42155216556	-1.6621096255	nan	-1.74801219356	-0.585762092976	3.03721438174	3.82972381879	2.48788447384	0.100901974668	0.353868424652	0.645527359905	2.54178754749	3.61874673019	-2.35565194014	-0.580017083052	nan	-2.00298553259	-0.00922304890028	0.0379200376511	1.03160162875	1.00455861628	1.44094522217	-1.52841774382	0.0458151327803	1.23926334703	-1.96160112061	3.11343657601	nan	-2.6520961267	3.98690385985	-1.10982398311	-2.84615669898	-1.70625030227	-0.599134158324	-0.212876568626	-0.0838152246233	0.534744221868	-1.18006236831
C10orf12_K1037	2.54861935589	-1.06827281552	1.44492424414	nan	-1.46692249751	nan	nan	3.94921374198	-0.287491969709	nan	-1.78327087018	nan	1.66250202855	2.68528230859	1.64561865862	2.05196344423	-0.134352984466	0.915691100338	1.72261557737	2.27313883796	-1.82465958165	nan	nan	nan	0.960484943621	-0.158561537554	-1.1414113184	1.34772122766	0.697765809557	-0.346941109427	1.72820291038	1.09751141305	-2.5444878014	3.13231695819	nan	-1.34354210473	3.16120607516	-1.38179489742	-2.39394881193	nan	-0.673670848678	-0.14974725503	-0.744130460945	2.17757881646	-2.40927524338
C10orf12_K140	nan	nan	-1.37582144878	nan	nan	nan	nan	nan	nan	nan	nan	nan	0.0547429645944	nan	nan	nan	nan	nan	nan	-0.171148962926	nan	nan	nan	nan	-0.405368610884	nan	nan	nan	nan	nan	nan	nan	nan	nan	nan	nan	nan	nan	nan	nan	nan	nan	nan	-0.797322228229	nan
C19orf43_K128	nan	-1.86877804941	nan	nan	nan	nan	nan	nan	nan	nan	-2.65754844471	nan	nan	2.91210603526	nan	nan	nan	nan	nan	nan	nan	nan	nan	nan	nan	nan	nan	nan	-0.157941848418	nan	nan	nan	nan	nan	nan	nan	nan	nan	nan	nan	nan	-0.892783294002	nan	nan	nan
C19orf53_K17	3.09028920325	-2.44552601279	-0.581167291165	-3.17305050652	-2.46915694317	nan	nan	2.95088327004	-0.121940808124	nan	-1.60519746344	2.32200212242	2.38159083555	2.70945282853	1.27050479386	1.36972997664	-1.48954730618	1.59224361682	0.918558330106	3.31446623182	-1.38971989966	2.72313079014	nan	1.40513580966	-0.321789711293	0.542775069174	-2.16294043629	1.11197705606	0.344266905315	-0.328618719038	2.04597969971	1.84161342635	-1.16325926701	2.85047063816	nan	-0.492768751661	3.16391119464	0.00613512073613	-2.22663467343	1.78024429961	-2.22130497129	1.13425004742	-0.587107314733	0.916916046928	-3.04257302903
C1D_K119	0.952301354321	-2.32814937575	0.0286057430391	nan	nan	nan	nan	0.638191810978	-1.41182826074	nan	-3.07228566227	nan	1.6614731372	1.05496628084	nan	0.612133562862	nan	-0.0751328448253	1.45554334216	0.810152363031	nan	nan	nan	nan	0.0362959244504	nan	nan	-0.746533022082	-1.35686154127	nan	0.733379889808	0.645669938754	nan	1.8677216766	nan	nan	nan	nan	nan	nan	nan	-0.304717028529	nan	0.656945405844	nan
CALM3_K116	1.23157213522	-1.57826749876	-0.402539126277	-2.58864929909	-2.65294253948	-3.10272756161	-3.14892680059	0.883288077579	-0.375482595066	-3.7273188163	-3.0182659597	0.00627647106051	0.0492298723597	1.27080759221	-0.164306669162	-0.260313353349	-0.0841097404456	-0.00435969520179	-0.578917526807	1.17482080342	-2.35626927085	1.18525320907	-2.83118161451	0.0959564362856	-1.13543572192	-0.941805946938	-2.18152893378	-0.37805537187	-0.829519435535	-1.08147018766	0.0289263633849	0.921754856511	-1.81486974193	1.29146225644	-3.48024971608	-2.65978362164	1.78242505268	-2.28005409611	-2.50882280021	1.97649114257	-1.47046821988	-0.29525534633	-0.315143740332	0.682796436311	-1.67131569178
CALML3_K116	nan	nan	nan	-3.87093746531	1.42828364324	2.05291190702	-2.90320868124	nan	nan	-1.91306752536	nan	0.0233055747057	nan	nan	-0.482044317842	nan	-0.658057154961	nan	nan	nan	-1.83015017753	1.11294184001	-1.28269089525	0.752696788367	nan	-1.1213551539	-1.99337470172	nan	nan	-0.940363372754	nan	nan	-2.66129364064	nan	-1.68517141177	-2.21163253804	1.33943953046	-1.23241903133	-2.11516306052	0.393684265897	-1.05382456607	nan	-1.18208077813	nan	-2.54407763568
CAMK2A_K300	2.94578398583	-2.81641863378	-0.572600895163	nan	-2.79547120774	-1.46736362189	-0.356961065005	-0.257048296896	-1.32972040243	-1.39101319907	-3.02782334697	nan	0.951558102823	0.867725183272	-0.243596996394	-0.731383629571	-0.646867504732	1.03483993207	-0.392359912375	1.12946058272	-2.0168257242	nan	-1.52717192315	nan	-0.726246381244	-0.694289059548	-1.35079326379	0.287743712653	0.0753187922221	-1.48258636882	-0.436270061944	0.762240016225	-3.42653617709	0.569146005569	-1.92418151648	-2.24602899076	1.97216602742	-0.961804280956	-3.17713268115	nan	-1.6102829823	-2.46435667081	-1.6517963628	0.295205341028	-2.82043975029
CAMK2G_K301	1.6891296986	-2.60103947666	0.220294395605	nan	-1.87437380023	-1.31685524875	-0.88662329495	0.990720993515	-0.82502894408	-1.57886179744	-2.73083462467	nan	2.1206663462	2.51331202702	-0.126459386096	0.0757371010601	-0.279304156729	0.483419444191	0.390534094523	1.36687351166	-2.87137295564	nan	-1.3587655445	nan	0.0108681926377	-0.954693114905	-1.43190842987	0.709510645589	-0.510728231706	-1.00018454289	0.400617488783	0.666260772195	-1.98728926342	0.940278563416	-1.82354259563	-1.01144241609	2.43670539721	-0.689887260022	-1.95558112621	nan	-2.03112796085	-1.77733723277	-1.43994844657	0.266386538358	-2.89186281478
CAP1_K287	nan	-1.67097100937	0.0410409742072	nan	nan	nan	nan	0.610683485978	nan	nan	-2.31879183127	nan	2.48606271325	2.99491662508	nan	-0.070346093949	-0.245491087122	nan	1.45155616952	2.09760777532	nan	nan	nan	nan	-0.410350970643	0.440549369448	nan	nan	0.519378974417	-0.798374652915	-0.132086422501	nan	nan	-0.041361269714	nan	nan	3.07178238936	nan	nan	nan	nan	-0.34026235909	-0.414966104212	0.317531524919	nan
CAST_K261	nan	-3.60975066434	-0.426210955624	nan	nan	nan	nan	-1.18847077809	nan	nan	-3.47560174372	nan	0.0474760869227	1.69063424408	-1.61428436784	-1.29622702498	-0.978782404568	nan	-0.324742929957	0.221247235566	-2.8447543141	nan	nan	nan	-2.4806873621	-1.34564235697	-1.04619163655	nan	-1.33391384033	-2.91927249945	0.446127630297	nan	nan	0.458532791737	nan	nan	0.882950436961	nan	nan	nan	-2.45644941419	-3.24721133838	-1.80372865267	-0.867152965826	-4.14080709391
CAST_K48	nan	nan	0.456975454391	nan	nan	nan	nan	nan	nan	nan	nan	nan	1.16445891016	nan	nan	nan	nan	nan	nan	1.39168476486	nan	nan	nan	nan	0.0251611986918	nan	nan	nan	nan	nan	nan	nan	nan	nan	nan	nan	nan	nan	nan	nan	nan	nan	nan	0.731369889917	nan
CCDC150_K89	1.59136123849	nan	nan	-1.89048309955	nan	nan	nan	nan	0.612266030337	nan	nan	-0.452948876929	nan	nan	nan	nan	nan	0.921208908532	nan	nan	nan	-0.879785557097	nan	-0.998755463687	nan	nan	nan	1.22743608836	nan	nan	nan	0.975171321155	nan	nan	nan	nan	nan	nan	nan	-0.661958669984	nan	nan	nan	nan	nan
CD2AP_K495	nan	nan	-1.16921820319	nan	nan	-1.8487834077	-1.05417231998	nan	nan	-2.36275348402	nan	nan	-0.664520355291	nan	-1.37466558988	nan	nan	nan	nan	-1.05711566611	-3.44674489062	nan	-1.43753970716	nan	-2.27088120425	nan	-2.37206061808	nan	nan	nan	nan	nan	nan	nan	-2.11587997407	nan	nan	nan	nan	nan	-2.26152155156	nan	nan	-1.11644076194	-3.21995729026
CDC5L_K41	nan	nan	nan	nan	nan	nan	nan	nan	nan	nan	nan	nan	nan	nan	-3.19665586709	nan	nan	nan	nan	nan	-5.83379916157	nan	nan	nan	nan	nan	0.0	nan	nan	nan	nan	nan	nan	nan	nan	nan	nan	nan	nan	nan	-5.57091138112	nan	nan	nan	-7.07307013049
CDCA2_K119	nan	nan	nan	nan	nan	-2.09184425199	-1.24920532922	nan	nan	-2.66529211328	nan	nan	nan	nan	nan	nan	nan	nan	nan	nan	nan	nan	-2.71037353262	nan	nan	nan	nan	nan	nan	nan	nan	nan	nan	nan	-2.17601517475	nan	nan	nan	nan	nan	nan	nan	nan	nan	nan
CDK9_K345	nan	nan	nan	nan	nan	nan	nan	2.7432320596	nan	nan	nan	nan	nan	nan	nan	1.98237956602	nan	nan	2.1256990641	nan	nan	nan	nan	nan	nan	nan	nan	nan	nan	nan	1.15743767448	nan	nan	2.25217259456	nan	nan	nan	nan	nan	nan	nan	nan	nan	nan	nan
CDYL_K185	nan	0.7331141247	1.51045040653	nan	-0.799876061404	-0.899988268815	0.500409829911	3.38241063845	nan	-0.920259098984	-1.82718589782	nan	2.2594176013	2.88061884019	1.60367764417	1.84197106707	nan	nan	0.906142790011	2.21436475694	-2.06473569882	nan	-0.32555435475	nan	1.4331448716	nan	-0.805144626958	nan	0.725225727052	nan	1.81823667394	nan	-1.65965559873	2.08981978694	-1.27668438511	-0.480284078649	nan	0.614702296673	-0.673879911991	nan	-0.579849289442	0.100147134993	nan	1.86110101968	-2.3354909738
CEP170_K1077	3.00630436386	nan	nan	nan	-0.9485151914	-0.287105542769	-0.110289301268	1.56487505233	-0.336791871514	-0.822902646829	nan	nan	nan	nan	0.743381880255	0.874994417696	-0.197876049034	2.23026020852	1.52428709944	nan	-2.63233554117	nan	-0.597472717745	nan	nan	0.662551161593	-2.24688747676	1.60753341666	nan	-0.37227173195	0.0734531758949	2.03600738461	-1.49561364112	1.66356466538	-1.23633607001	-1.40640438865	3.06968330977	0.071934688262	-2.18384326271	nan	-1.16934128746	nan	-0.213679380555	nan	-2.9056368174
CLTC_K619	nan	nan	nan	nan	nan	nan	nan	-0.0764287870863	nan	nan	nan	nan	nan	nan	nan	-1.10772290676	nan	nan	0.0871337987162	nan	nan	nan	nan	nan	nan	nan	nan	nan	nan	nan	-0.542010458241	nan	nan	0.117116010609	nan	nan	nan	nan	nan	nan	nan	nan	nan	nan	nan
CNN3_K158	nan	nan	nan	nan	-1.69984505319	-0.995044569025	-0.530504670491	nan	nan	-1.76194553786	nan	nan	nan	nan	nan	nan	nan	nan	nan	nan	nan	nan	-1.49512914473	nan	nan	nan	nan	nan	nan	nan	nan	nan	-1.85885594666	nan	-2.1022874611	-2.9919769808	nan	0.176319918859	-2.02700877282	nan	nan	nan	nan	nan	nan
CPD_K841	nan	nan	nan	nan	nan	nan	nan	nan	nan	nan	nan	nan	nan	nan	-3.61908913216	nan	nan	nan	nan	nan	-6.0511520411	nan	nan	nan	nan	nan	0.0	nan	nan	nan	nan	nan	nan	nan	nan	nan	nan	nan	nan	nan	-5.39365664541	nan	nan	nan	-6.80315444454
CPSF4_K46	nan	nan	nan	nan	-2.54253205545	nan	nan	nan	nan	nan	nan	nan	nan	nan	nan	nan	nan	nan	nan	nan	nan	nan	nan	nan	nan	nan	nan	nan	nan	nan	nan	nan	-2.9959166582	nan	nan	-1.54640008516	nan	-0.411913544238	-2.36761194587	nan	nan	nan	nan	nan	nan
DDX24_K105	nan	nan	nan	nan	nan	nan	nan	1.2031640311	nan	nan	nan	nan	nan	nan	nan	0.623410841239	nan	nan	2.39537930819	nan	nan	nan	nan	nan	nan	nan	nan	nan	nan	nan	2.02489046348	nan	nan	4.18205956787	nan	nan	nan	nan	nan	nan	nan	nan	nan	nan	nan
DENND6A_K510	nan	nan	0.0670210363781	nan	nan	nan	nan	1.02386200086	nan	nan	nan	nan	1.26081148515	nan	nan	0.349065616094	nan	nan	0.508509062642	2.33044364305	nan	nan	nan	nan	1.25064926367	nan	nan	nan	nan	nan	-0.126763968781	nan	nan	1.33882926135	nan	nan	nan	nan	nan	nan	nan	nan	nan	0.564164091594	nan
DHX29_K26	2.09159281219	-2.2405771964	-0.518136913108	nan	-1.35056377937	nan	nan	0.398934250391	-0.119434744323	nan	-2.45417773206	nan	1.12579741707	1.76805875127	-0.2903035261	-0.0296315514539	nan	0.600992202093	0.650263020561	1.40372371638	-2.19160815509	nan	nan	nan	-0.876886017104	nan	-1.57509345975	0.480781646005	0.0570806549101	nan	0.243095472607	0.953615290504	-2.4608081212	1.59985776833	nan	-2.15567927789	nan	-0.905975126111	-3.34937101251	nan	-1.4103364031	-1.18776673696	nan	1.08122530043	-2.05872350369
DIS3_K331	nan	-0.312227565942	1.0188265072	nan	nan	nan	nan	1.703247374	nan	nan	-0.964938030513	nan	1.41504711628	2.90431878871	nan	0.695156775393	nan	nan	1.21948946446	2.30558536882	nan	nan	nan	nan	1.74819231384	nan	nan	nan	1.02373726039	nan	0.742694654678	nan	nan	1.38808952658	nan	nan	nan	nan	nan	nan	nan	0.655098241808	nan	1.65199668575	nan
DNAJC17_K264	nan	-1.6209091953	0.419136287169	nan	nan	nan	nan	1.07695688013	nan	nan	-2.38339571183	nan	0.0947889906873	1.90171349141	nan	0.647635934892	nan	nan	-0.0270437668506	0.321485680047	nan	nan	nan	nan	-1.25684069071	nan	nan	nan	-0.166788555287	nan	0.732614920337	nan	nan	1.72197258558	nan	nan	nan	nan	nan	nan	nan	-1.04625790138	nan	-0.199083204769	nan
DNM1L_K594	nan	-0.879635536423	0.456267198013	nan	nan	-0.932950073204	0.617450919134	1.28352416775	nan	0.169411356405	-2.33286669495	nan	2.44830502111	2.7597950078	nan	-0.0809907048524	nan	nan	1.72552293072	2.4985566007	nan	nan	-0.97039760545	nan	1.43729942705	nan	nan	nan	0.486454127206	nan	0.770260764939	nan	nan	0.852379038247	-1.11409624218	nan	nan	nan	nan	nan	nan	-0.730472396077	nan	1.24533879742	nan
DNTTIP2_K10	nan	nan	nan	nan	nan	nan	nan	0.456542621857	nan	nan	nan	nan	nan	nan	nan	-0.42425977257	nan	nan	-0.270801706504	nan	nan	nan	nan	nan	nan	nan	nan	nan	nan	nan	0.193673282624	nan	nan	1.16955971475	nan	nan	nan	nan	nan	nan	nan	nan	nan	nan	nan
EDF1_K25	4.38215938065	-4.37051748926	1.45370628207	-3.86164394503	nan	-1.01268455035	-0.22950649446	2.39050675085	0.0468722933516	0.32500277284	-2.36266882512	0.963722804983	1.87300552213	3.53913772001	0.351755170699	1.48977890783	-1.30077441375	2.70330884375	2.39559979282	2.4059737707	-2.14536283607	1.48694958712	-0.865076055175	1.06522106823	0.237912268389	-0.233347955805	-1.78729278246	2.27368998657	1.17909863462	-2.49628566995	1.92757915162	2.09342197441	nan	3.25456403385	-1.12153361093	nan	2.69844925842	nan	nan	0.372507904523	-0.664220270125	-0.27857760601	-1.08288003475	2.04786684823	-4.05342107419
EEF2_K407	4.31789342579	-0.649364716816	1.14159311078	-1.36042100408	-1.21431788086	-0.67227103812	0.932510232214	2.23454698686	-0.281766836932	0.587656087092	-1.63765157368	1.66976321493	2.36652502438	2.88828091111	1.42321018823	1.44074440644	-0.146978023124	2.3665978805	1.68398525164	3.19874023405	-1.15584848274	2.56548167694	-0.266874321902	1.92407402272	0.608341464011	0.192326629673	-1.55361142717	3.0093857695	0.939034910891	-0.0678055738718	1.82115805019	2.17080612393	-1.71981284501	3.00497448264	-0.221479123098	-0.845451527458	3.24412168982	-0.0723486761087	-1.51129568311	1.33265659828	-0.558561826425	0.125400578614	0.0189296515871	2.4127334085	-1.45133522329
EEF2_K525	nan	nan	nan	nan	nan	nan	nan	0.716278620945	nan	nan	nan	nan	nan	nan	nan	0.397627095732	nan	nan	-0.545560918487	nan	nan	nan	nan	nan	nan	nan	nan	nan	nan	nan	0.460213070321	nan	nan	1.30320116775	nan	nan	nan	nan	nan	nan	nan	nan	nan	nan	nan
EFHD1_K234	nan	nan	0.336024999386	nan	nan	nan	nan	nan	nan	nan	nan	nan	2.03893630798	nan	-0.0432829000856	nan	nan	nan	nan	0.901153791482	-2.68360726549	nan	nan	nan	-0.142654968938	nan	0.0561859641554	nan	nan	nan	nan	nan	nan	nan	nan	nan	nan	nan	nan	nan	-1.48774017686	nan	nan	0.737808592215	-2.92541759534
EFHD1_K9	1.04446909736	nan	nan	-3.85923781363	nan	-1.12000631974	-1.18053994231	nan	-1.80977353097	-1.5845608573	nan	-0.0228327531262	nan	nan	nan	nan	-0.291295326775	1.08000626607	nan	nan	nan	-0.0175550382747	-0.734857942683	1.0359326223	nan	-1.06327646895	nan	0.99968066388	nan	-0.850559186947	nan	0.95934151165	nan	nan	-1.89947701017	nan	2.43481298799	nan	nan	0.147518901047	nan	nan	-0.935017849614	nan	nan
EI24_K335	nan	-1.86351512173	0.488924497146	nan	-0.487770768063	nan	nan	1.27710661299	nan	nan	-2.40006056256	nan	3.01162057234	2.8812048081	nan	0.436901637703	-0.481169360422	nan	1.59245034349	2.39885049433	nan	nan	nan	nan	1.9716578325	-0.362088884872	nan	nan	0.913245562283	-1.2907805597	0.955946653557	nan	-1.92611360767	1.12168391044	nan	-0.602963542687	2.89619258747	0.914372658625	-2.17327663464	nan	nan	-1.48138958048	-0.685640494056	1.07178650641	nan
ENSA_K60	nan	-8.78658553003	nan	nan	nan	nan	nan	nan	nan	nan	-2.83817255118	nan	nan	3.29578875037	nan	nan	nan	nan	nan	nan	nan	nan	nan	nan	nan	nan	nan	nan	0.565569122541	nan	nan	nan	nan	nan	nan	nan	nan	nan	nan	nan	nan	-1.2026607021	nan	nan	nan
EPB41L1_K432	nan	-2.5159795589	1.10513406139	nan	nan	nan	nan	nan	nan	nan	-1.97330323576	nan	2.77085025375	1.88098014116	nan	nan	nan	nan	nan	0.70505513398	nan	nan	nan	nan	-1.74322259364	nan	nan	nan	-0.2945382214	nan	nan	nan	nan	nan	nan	nan	nan	nan	nan	nan	nan	-1.38309936684	nan	1.07473981308	nan
ETFB_K200	1.86026330055	-0.970041072909	2.52607400041	nan	nan	nan	nan	0.703505425895	-0.735888372724	nan	-1.17126229267	nan	2.56825687032	0.985905871046	1.03775793006	0.61082238166	nan	0.855225499142	2.5370264839	2.13784285565	-0.921725146507	nan	nan	nan	-0.556569527439	nan	-0.884563852395	0.496108488335	0.600926385264	nan	-0.225722586822	0.715815948677	nan	1.65903521185	nan	nan	nan	nan	nan	nan	1.16373187563	-0.754150152402	nan	0.672388489482	-1.8387745533
EZH1_K736	2.06306687426	-1.66370608467	1.03673294578	-4.958765632	-1.8127514065	-0.29614317562	-0.0498834993486	2.48586303634	-0.963346734911	-0.612331545617	-1.88727537419	0.352173769482	1.27674327185	1.84996540287	1.63317253482	1.73314289677	0.0648747642253	0.378965034356	0.876514231999	1.91051829598	-1.74245246038	0.406686727803	-1.06100933028	1.43586146839	2.74126607045	-1.87624426264	-0.903633582074	1.20947142235	0.0936807882161	-0.638639394748	1.40596569288	1.11385151635	-2.30239319478	1.89797312258	-0.962406476461	-0.530804557342	2.7738177673	0.0727432151653	-1.13604654393	-0.267579362068	-0.493759587398	-0.877468071257	-2.05256807651	2.19476646017	-3.11903682266
FEN1_K369	nan	-4.83954790672	nan	nan	nan	nan	nan	nan	nan	nan	-4.37874337023	nan	nan	1.50092746826	nan	nan	nan	nan	nan	nan	nan	nan	nan	nan	nan	nan	nan	nan	1.06472229866	nan	nan	nan	nan	nan	nan	nan	nan	nan	nan	nan	nan	-2.61176652699	nan	nan	nan
FLNB_K1477	nan	nan	nan	nan	nan	nan	nan	-0.283279517404	nan	nan	nan	nan	nan	nan	nan	-1.82718896538	nan	nan	-0.3744757814	nan	nan	nan	nan	nan	nan	nan	nan	nan	nan	nan	-0.195967087707	nan	nan	1.65164367825	nan	nan	nan	nan	nan	nan	nan	nan	nan	nan	nan
GCN1L1_K1663	0.375269902911	-1.39043749794	1.71756989177	-3.72863575801	-0.00477333370463	-0.892440794905	-0.477603823093	2.00600163972	-1.32400305772	-1.14054418686	-2.19597982029	0.00641652719731	2.9855347877	2.17415202759	0.745607005237	0.763190636761	-0.143811196027	0.253750308881	1.50921745792	2.83327545615	-2.45020004289	0.153104060656	-1.12394777625	-0.0153391615472	1.38935242858	-0.571067335938	-1.10557846022	1.08957661891	0.309206181903	-1.11613044913	0.924184536788	0.174878821598	-2.31250447575	1.75971389792	-1.87122314766	-2.0058374745	4.09933084602	0.423837125418	-2.24800944998	-0.465428324768	-1.02742918723	-1.63393707654	-1.20646052584	1.52864172362	-2.91739254267
GOLGA5_K74	nan	nan	-0.762258688103	nan	nan	nan	nan	nan	nan	nan	nan	nan	0.879467697569	nan	nan	nan	nan	nan	nan	1.29476246603	nan	nan	nan	nan	-0.237589942479	nan	nan	nan	nan	nan	nan	nan	nan	nan	nan	nan	nan	nan	nan	nan	nan	nan	nan	0.250816694551	nan
GPKOW_K315	nan	nan	0.619748650443	nan	nan	nan	nan	nan	nan	nan	nan	nan	1.01587648254	nan	nan	nan	nan	nan	nan	1.07904885441	nan	nan	nan	nan	-0.388950497025	nan	nan	nan	nan	nan	nan	nan	nan	nan	nan	nan	nan	nan	nan	nan	nan	nan	nan	1.14108248229	nan
H1FX_K188	nan	nan	nan	nan	nan	-1.51494330631	2.48885707334	nan	nan	0.728121913129	nan	nan	nan	nan	nan	nan	nan	nan	nan	nan	nan	nan	-1.83129398958	nan	nan	nan	nan	nan	nan	nan	nan	nan	nan	nan	-0.912935669598	nan	nan	nan	nan	nan	nan	nan	nan	nan	nan
H3F3A_K27	-0.712236455268	-4.06378388307	-2.92953702856	-5.6429736315	-5.27657678724	-2.43787927407	-0.581306680671	-1.83974378293	-3.95790867503	-2.1402818346	-5.34294961678	-2.04685440671	-0.614178113844	-1.37007064419	-2.13635529459	-3.21310982129	-3.9544201025	-2.29228286392	-2.13934558228	-1.30574517105	-5.5774475959	-1.06562209627	-2.88889877668	0.289134021619	-1.98522494707	-4.82957777963	-7.67141774329	-1.06467626581	-2.43178995653	-4.00085767903	-2.22662630829	-2.49380038515	-4.76593939095	-1.70411988131	-3.23473988644	-2.99318121376	0.138759310076	-1.55799150343	-3.47524472171	-2.36120819386	-4.77715224657	-4.24298372398	-4.99391988355	-2.39997872385	-5.93937668682
H3F3A_K36	-1.08476366279	-4.64814724617	-2.62061709856	-3.9098670173	-4.50982658909	-2.75306373591	-0.644372612921	-1.7449892437	-4.47493778491	-1.32432010002	-5.92863117745	-2.05176941144	-0.722420229587	-1.51642248823	-2.21114951043	-2.75545058678	-4.58995591244	-1.68340792956	-2.9294695563	-1.49098841917	-5.64371094982	-1.71561219897	-2.59268776274	0.351255512693	-2.08012221398	-5.07488478052	-5.78438731406	-2.26203386598	-2.44817095951	-4.20831622302	-2.37338746991	-3.01493023743	-4.48924030777	-1.20719573338	-2.98931294181	-2.89450469459	-0.42908217033	-2.41310389472	-3.1128699419	-2.59162293131	-5.54354590598	-4.81654595467	-4.94147547992	-2.99276670979	-5.88249334231
HBA2_K12	nan	nan	nan	nan	nan	-4.74436730966	-4.73772735983	nan	nan	-6.13062425749	nan	nan	nan	nan	nan	nan	nan	nan	nan	nan	nan	nan	-4.7448719238	nan	nan	nan	nan	nan	nan	nan	nan	nan	nan	nan	-4.58214742676	nan	nan	nan	nan	nan	nan	nan	nan	nan	nan
HBB_K18	nan	-5.54512083411	nan	nan	nan	-5.02935222306	-5.5889080856	0.0	nan	-10.2186492371	-5.74603916422	nan	nan	-3.53617142652	nan	-3.67898048467	nan	nan	-3.31884704509	nan	nan	nan	-2.67121831022	nan	nan	nan	nan	nan	-4.38278044711	nan	-4.43244918643	nan	nan	-3.77639046273	-5.37884776409	nan	nan	nan	nan	nan	nan	-4.69751046344	nan	nan	nan
HELZ2_K1564	nan	nan	-0.171088290722	nan	nan	nan	nan	nan	nan	nan	nan	nan	3.08959150745	nan	nan	nan	nan	nan	nan	2.1322706607	nan	nan	nan	nan	0.358073736052	nan	nan	nan	nan	nan	nan	nan	nan	nan	nan	nan	nan	nan	nan	nan	nan	nan	nan	-0.300185577128	nan
HIST1H1B_K27	nan	-3.705961035	0.90727593099	-1.59200829109	-1.19310871348	2.83201348329	5.71642347895	nan	nan	5.0634556937	-3.44819911194	0.77262113316	3.0726778722	2.06515005794	2.66791270473	nan	nan	nan	nan	3.16228896287	-2.83133405755	1.7506553597	1.32348997893	4.64752595411	2.91571890196	nan	-2.13210316367	nan	2.03911817679	nan	nan	nan	-2.55687973979	nan	0.98326011737	1.91621140755	nan	3.06921033371	0.770380608494	1.12443931718	-1.24180530538	-0.896362362918	nan	1.70744427363	-1.45828920029
HIST1H1B_K37	nan	nan	nan	nan	-2.02279353722	-1.92749403796	-0.18134901819	nan	nan	-2.19102059957	nan	nan	nan	nan	nan	nan	nan	nan	nan	nan	nan	nan	-1.98409371539	nan	nan	nan	nan	nan	nan	nan	nan	nan	-3.1004946575	nan	-3.15086971324	-1.58352857498	nan	-1.74524801166	-2.70017760857	nan	nan	nan	nan	nan	nan
HIST1H1C_K27	nan	nan	nan	nan	-2.84526931512	0.205343242272	3.84969535373	nan	nan	1.34437767409	nan	nan	nan	nan	nan	nan	nan	nan	nan	nan	nan	nan	0.0	nan	nan	nan	nan	nan	nan	nan	nan	nan	-3.58572704039	nan	-0.938362148295	0.893821147038	nan	2.69000439426	0.0532831810242	nan	nan	nan	nan	nan	nan
HIST1H1D_K26	nan	nan	nan	nan	-1.46594325688	-2.65558269136	2.3804624471	nan	nan	1.35487008167	nan	nan	nan	nan	nan	nan	nan	nan	nan	nan	nan	nan	-1.99571122858	nan	nan	nan	nan	nan	nan	nan	nan	nan	-1.62671939338	nan	-0.589144915583	-1.11662615404	nan	2.39433223445	-2.57788283478	nan	nan	nan	nan	nan	nan
HIST1H1E_K26	nan	-5.10866438848	-2.63856554473	nan	-3.98966055888	-1.44076329691	4.14905057661	-1.38276302594	nan	1.7715635885	0.0	nan	0.634502112903	-0.637611104024	0.00686679544571	-0.663580991021	nan	nan	-2.66918940188	0.447009427282	-8.52356101508	nan	0.0	nan	0.0903713888668	nan	-2.08168971171	nan	-0.0239735385557	nan	-3.11192553753	nan	-3.82345114845	-4.12366117793	0.399470024084	0.406857428655	nan	3.21101028864	-0.313069682027	nan	0.0	-4.49611225281	nan	-3.06473188276	-4.77127466869
HIST1H1E_K32	nan	nan	-3.95760400653	nan	nan	-1.82497592234	3.1206363464	nan	nan	1.19347481442	nan	nan	0.300220850594	nan	-0.679483894248	nan	nan	nan	nan	-0.228936624837	-6.20927289317	nan	0.0	nan	1.2555495637	nan	-4.44627670728	nan	nan	nan	nan	nan	nan	nan	-1.26328094841	nan	nan	nan	nan	nan	-6.33139776234	nan	nan	-2.53624425236	-5.64458805664
HIST1H1E_K34	nan	nan	nan	nan	nan	-1.30166451749	0.353962941844	nan	nan	-1.54882823743	nan	nan	nan	nan	nan	nan	nan	nan	nan	nan	nan	nan	-1.62054420396	nan	nan	nan	nan	nan	nan	nan	nan	nan	nan	nan	-1.59897322143	nan	nan	nan	nan	nan	nan	nan	nan	nan	nan
HIST1H2BC_K21	nan	nan	-0.0407349412022	-3.73106993044	-2.92638375454	0.1351814041	1.71696285283	nan	nan	0.889996995892	nan	-0.220723458124	0.429090956575	nan	nan	nan	nan	nan	nan	0.772849349321	nan	0.749231267688	-0.611721859311	1.86451747379	1.84663673885	nan	nan	nan	nan	nan	nan	nan	-2.87657520096	nan	-0.703871998831	-1.17311997795	nan	0.802919908494	-2.12557781912	-0.151520194811	nan	nan	nan	0.953549438423	nan
HIST1H2BC_K6	nan	nan	nan	nan	nan	-1.45938793351	-0.855513037323	nan	nan	-1.28235584947	nan	nan	nan	nan	nan	nan	nan	nan	nan	nan	nan	nan	-1.70621683799	nan	nan	nan	nan	nan	nan	nan	nan	nan	nan	nan	-1.57714071714	nan	nan	nan	nan	nan	nan	nan	nan	nan	nan
HIST1H3A_K23	nan	-2.1273005801	0.235603405673	nan	-2.0182703374	0.884348781853	2.78977083727	2.8210236996	nan	0.511410579465	-2.11371715411	nan	1.911851376	2.17438597184	1.43801715963	-0.018350279175	0.295350569995	nan	0.62441537138	2.2289108823	-2.19693184269	nan	-1.35974235482	nan	1.6701195891	0.441617011454	-2.01144117758	nan	1.44693945382	0.0125441167143	1.5532895233	nan	-2.13223699427	2.25467470349	-0.215099312371	0.584127124545	3.8304329404	1.08703114783	-1.39495914584	nan	-2.61369148156	-1.66688865956	-1.15571777224	0.677367567719	-3.02740002092
HIST1H3A_K27	2.29627580962	-1.39177925277	0.118647754584	-2.01663291049	-2.06928783093	0.274521962666	1.40414209598	2.15828380884	-1.80685701235	-0.378391202234	-1.34338461763	3.38227966103	1.92904873238	1.03506798441	0.609258203681	-0.716260845082	-2.10111027436	1.23765480213	1.14529094706	1.92910688913	-2.90103354614	2.5070474081	-0.242872432718	3.4344841039	0.129873108054	-0.452710946624	-2.95699658554	1.28264782527	0.057717307052	-2.14321114087	0.654356075455	0.319760775735	-2.73012710756	1.72524906262	-1.35214575101	-1.10869118319	3.28275236569	1.08365781176	-1.55330374943	1.35541962036	-2.34098678469	-1.75692531859	-2.40663268883	0.684306411852	-3.00784615072
HIST1H3A_K36	5.44319147951	-0.83188510537	1.3990310902	-2.20005949269	-1.43505719444	-0.966483867866	0.930896245404	3.48350785888	0.537847580962	-0.128708587627	-2.46275571046	2.61810319307	2.50911963325	1.45111729788	0.401782629479	0.808937497063	-2.03480309639	4.97378449269	-1.16752541573	1.59094128066	-3.46534035363	2.75675135273	-0.372258130368	4.52286491759	0.70917995875	-0.964619118568	-3.01931537721	4.28895597189	0.852847505929	-2.66139837389	0.381707179976	3.05297943213	-2.68416948175	3.34003369076	-1.68561922392	-0.860231244778	2.70590755689	-0.917663539036	-1.41906587125	2.22757174294	-4.02241717766	-1.51583907549	-2.34343256547	0.424924157889	-3.50180863061
HIST1H3A_K37	1.90115669016	-1.98850462018	nan	-2.15614127359	-0.92095508636	-0.68724521145	1.23977290218	1.19384690494	-2.8955034253	0.256192978099	-3.42518385351	0.480453298324	nan	0.216940152064	0.623085362446	-1.11356143832	-1.85484690313	0.830240487082	-2.08021563809	nan	-3.46198105468	1.0060455197	-0.0657273247329	3.25863749738	nan	-1.58677401922	-3.03153373913	0.277492821617	-0.352264895863	-2.88082864039	-1.43326736376	-0.49671278191	-1.71597673533	1.3694462787	-1.20732770422	-0.922890311576	2.32526301197	-0.46612747269	-1.06017515917	0.700192034244	-5.03999942388	-2.45364355993	-2.6450487502	nan	-3.3652725183
HIST1H3A_K4	5.28073391269	0.0	2.98462197167	-0.225040797021	2.14674100943	3.17669430354	6.95783054911	2.05199699674	0.0	6.77438839453	-5.25266069037	-0.3421115506	5.03185768041	4.43238738468	3.52319338475	2.15218736088	-2.15883894646	4.10449613918	2.59490762574	5.66424084361	-4.7480367337	0.573364383033	3.63966749332	5.41935704417	3.48266272702	0.927772157977	-1.02697151527	5.674747652	4.01652305566	-0.121120275052	-1.1517169733	0.0	1.87153166229	-0.368379248647	4.19168671952	4.55260361568	3.87040492069	6.94637395977	4.58052205612	1.82697634536	0.0	-0.836038856866	-2.33671266694	3.09473594193	-2.88258835701
HIST1H3A_K79	-1.00212557507	-4.91445142258	-1.86348397913	-4.92025806372	-3.97441477247	-2.19248310426	-1.30074902687	-1.22781162245	-3.09478116425	-1.9447733447	-4.77723580421	-0.792269548917	-1.30586470015	-1.51302936803	-2.37217338202	-2.25604856488	-3.31549235877	-1.28440032717	-2.34141252566	-1.28956351949	-4.51005879439	-0.423290729192	-1.88711153132	1.14216634323	-2.07440085909	-3.8119555008	-6.0721849161	-2.37121251557	-2.36574972693	-3.3565591533	-1.99237117143	-2.22830752708	-3.96826906427	-1.26994433486	-2.53027486239	-2.39232197953	0.563588071894	-2.13003842468	-3.39991368151	-1.05162853865	-4.1779900485	-3.96093604646	-3.86465706944	-2.10863468459	-5.68010186292
HIST1H3A_K9	1.89916312673	-1.72460184558	3.6619411841	-2.22615728401	-3.5254939001	3.73843968766	6.54871051126	6.01615133223	-0.202068036314	5.37723345276	1.13499359349	6.0242553941	7.98370281718	4.40652298705	4.39620246123	3.58675192777	-2.04545775465	3.87539973644	5.3208656722	6.31677917411	-1.06321002401	4.02048845504	2.71366099719	6.84290191091	6.60676274689	0.834356151965	0.0478101504508	4.47557747625	3.09944873884	1.06221378335	3.68291699082	0.726758159326	-4.09921514457	3.61685898996	3.35446870411	2.88366643292	5.18529977835	3.08761115815	0.864986891082	2.46623109384	-8.88108650289	-0.0110305691025	-2.86972827051	3.32925568023	-1.62987849861
HIST1H4A_K20	nan	nan	nan	nan	-2.8182796089	-1.06544641183	0.957528841387	nan	nan	-0.657920510509	nan	nan	nan	nan	nan	nan	nan	nan	nan	nan	nan	nan	-1.07938326243	nan	nan	nan	nan	nan	nan	nan	nan	nan	-3.28264556761	nan	-0.693097242544	-0.362327400654	nan	-0.155171559234	-0.371970930588	nan	nan	nan	nan	nan	nan
HN1L_K184	1.11473024206	-3.35443039742	0.203710118913	nan	nan	nan	nan	0.646899237657	-1.7230251014	nan	-3.26108055278	nan	2.53499107169	2.10541597727	0.595443611334	-0.85811342843	-0.967237630078	0.457381229143	1.06249840209	2.36868413223	-2.56560655479	nan	nan	nan	0.758939964053	-1.25286155349	-1.26837007656	0.406761179792	-1.75143530111	-1.89868401782	0.212488962902	0.103120889825	nan	0.780947015761	nan	nan	2.31402059021	nan	nan	nan	-1.54825343347	-2.545200696	-1.6801446968	0.123790087754	-2.94205383512
HNRNPL_K34	2.62048070846	-1.72575163359	0.861252411517	0.359513541937	-0.936429209907	-0.80684142795	0.657695096019	2.04785854492	-0.552583389746	-0.192705035244	-1.00664412679	2.63780826885	2.09066333718	2.5419643676	3.63038414179	0.203383688836	0.181589787407	0.944737678277	1.79288200552	1.74760264271	-0.983941133238	2.29685013521	-0.627880237167	3.2301258983	2.07418820026	0.00214874715639	-0.475823583526	1.98479424395	0.501860749329	-0.453234054837	0.757043041594	0.309401770636	-2.14720581404	1.66314271282	-1.39532830286	1.45531458845	3.50112100139	0.282244182089	-0.735384916824	1.22243756479	-4.34937660338	-1.10706536387	-0.709173089428	1.03643652651	-2.2946224913
HNRNPU_K181	nan	nan	nan	nan	-1.98036616866	nan	nan	0.980603776938	nan	nan	nan	nan	nan	nan	nan	-0.264089213181	nan	nan	1.42249321902	nan	nan	nan	nan	nan	nan	nan	nan	nan	nan	nan	-0.831109775781	nan	-1.80186919229	0.382093927217	nan	-1.05254097889	nan	-0.177884662578	-0.2718203031	nan	nan	nan	nan	nan	nan
HTATSF1_K234	4.33586285929	0.65213556539	3.2568165355	nan	0.336050882911	1.47016084221	1.33240538931	1.70045800638	-0.481986052606	0.577662544152	-0.555259792537	nan	3.16301990138	4.98829045392	1.67121457156	2.2624506395	-0.437131786671	2.84293738176	3.31313738122	3.56823821918	-0.986223347458	nan	0.448146699574	nan	2.05151356036	1.15616336415	1.54856732947	2.27017204402	2.78982586096	0.323143443223	0.99307932009	3.90961700091	0.299822569794	1.90080508403	0.582027927794	0.737987735863	2.68626722616	2.4237877633	-0.0995478287358	nan	1.39067853419	2.09013507987	0.834789209723	4.29317609716	-2.78752311896
KHDRBS1_K432	nan	-3.24891935635	nan	nan	nan	nan	nan	0.277751413442	nan	nan	-1.46162662748	nan	nan	1.29165770484	nan	-0.99951990729	nan	nan	-0.409483443097	nan	nan	nan	nan	nan	nan	nan	nan	nan	-0.277795599615	nan	-0.948795563716	nan	nan	-0.120280615621	nan	nan	nan	nan	nan	nan	nan	-1.61553043463	nan	nan	nan
KIAA1598_K169	0.542880061937	nan	nan	nan	nan	nan	nan	nan	-0.983379205363	nan	nan	nan	nan	nan	nan	nan	-1.3112011552	-0.420711594947	nan	nan	nan	nan	nan	nan	nan	-1.47570256397	nan	0.31518996576	nan	-1.73829164894	nan	-0.570193253279	nan	nan	nan	nan	1.95324893098	nan	nan	nan	nan	nan	-2.17561854809	nan	nan
KIN_K135	nan	nan	nan	nan	nan	nan	nan	1.32475555331	nan	nan	nan	nan	nan	nan	nan	1.84646018071	nan	nan	-0.355374681237	nan	nan	nan	nan	nan	nan	nan	nan	nan	nan	nan	-0.121062741376	nan	nan	0.266238277271	nan	nan	nan	nan	nan	nan	nan	nan	nan	nan	nan
KMT2A_K623	nan	nan	nan	nan	nan	-0.580978722119	0.212129591562	nan	nan	0.0286741632388	nan	nan	nan	nan	nan	nan	nan	nan	nan	nan	nan	nan	-1.07468526577	nan	nan	nan	nan	nan	nan	nan	nan	nan	nan	nan	-1.28447987387	nan	nan	nan	nan	nan	nan	nan	nan	nan	nan
LAMA3_K1023	6.07062463192	2.65515546214	nan	5.19819179507	nan	nan	nan	nan	6.17788418977	nan	0.0	4.37352173836	nan	5.98116113506	5.92082856719	nan	3.97811090718	5.5036862152	nan	nan	3.4292539165	7.53366531453	nan	3.73119594258	nan	4.88308144078	5.27380122064	6.01723699017	5.03896693988	3.26677838045	nan	4.18340170888	nan	nan	nan	nan	6.96562139848	nan	nan	8.76653034979	6.53782899786	4.45078446568	4.14224163033	nan	6.41854633949
LASP1_K75	1.90955271047	-3.70126770058	1.44475102278	-4.09330630375	-2.64353614291	-2.845768586	-2.10816726441	0.167491433829	-1.4241665033	-2.81958315193	-3.14453544761	0.180658958963	1.75430923498	2.9052566199	-0.542162313375	-0.0410939018354	-0.296672912869	0.574104731852	0.0178245083325	1.51629887318	-3.43008735972	1.15159028588	-2.32289789004	0.32727066388	-0.927139502899	-0.574488843064	-0.695829490871	0.834100638701	-0.201003644543	-1.29279677534	-0.101984759051	0.826407234673	-4.05109067379	0.23055434371	-3.39370665399	-3.5248949132	2.27176769171	-2.35918975143	-3.95153519214	-0.0144931719986	-1.97288620714	-1.87425561579	-1.37170280368	0.615185994934	-3.48613989776
LGALS8_K204	nan	-1.85630384231	nan	nan	nan	nan	nan	0.392323441692	nan	nan	-2.27242398767	nan	nan	1.8027304767	nan	0.118873467256	nan	nan	1.55687846074	nan	nan	nan	nan	nan	nan	nan	nan	nan	1.04264450324	nan	-0.376051089875	nan	nan	3.20189067255	nan	nan	nan	nan	nan	nan	nan	-0.198312879891	nan	nan	nan
MAP2K4_K45	nan	nan	-0.524456101629	nan	nan	nan	nan	nan	nan	nan	nan	nan	1.18619217723	nan	nan	nan	nan	nan	nan	1.95266397627	nan	nan	nan	nan	-0.763230875828	nan	nan	nan	nan	nan	nan	nan	nan	nan	nan	nan	nan	nan	nan	nan	nan	nan	nan	0.959357191323	nan
MAP4_K871	nan	nan	-0.651574804242	nan	nan	nan	nan	-0.594817366099	nan	nan	nan	nan	-0.339250512974	nan	nan	-1.19560642595	nan	nan	-0.562785915488	0.39550642542	nan	nan	nan	nan	-0.735060615979	nan	nan	nan	nan	nan	-0.720698244832	nan	nan	0.128458974047	nan	nan	nan	nan	nan	nan	nan	nan	nan	-0.134860399232	nan
MAP4_K938	nan	nan	-0.898170698951	nan	-4.10411861556	nan	nan	nan	nan	nan	nan	nan	-0.18861475755	nan	nan	nan	nan	nan	nan	0.405567102427	nan	nan	nan	nan	-1.77159636573	nan	nan	nan	nan	nan	nan	nan	-3.3528415611	nan	nan	-2.94124749192	nan	-2.2083123198	-3.5380339917	nan	nan	nan	nan	-0.135974302152	nan
MSH6_K1092	nan	nan	nan	nan	-2.1385844226	-1.59389906953	-0.554282822633	nan	nan	-1.26673203418	nan	nan	nan	nan	nan	nan	nan	nan	nan	nan	nan	nan	-0.492321551429	nan	nan	nan	nan	nan	nan	nan	nan	nan	-2.13170937354	nan	-1.6546013962	-1.66315929473	nan	-0.471302320483	-1.7246317279	nan	nan	nan	nan	nan	nan
MTHFSD_K41	nan	-1.37167840578	nan	nan	-1.79118397504	nan	nan	0.988898179201	nan	nan	-2.50486717739	nan	nan	2.18418344119	nan	-0.512770591213	nan	nan	0.60523815317	nan	nan	nan	nan	nan	nan	nan	nan	nan	-0.125613985128	nan	-0.170361295477	nan	-2.80123797163	0.977540701435	nan	-2.25448147074	nan	-1.67123919894	-2.91005086686	nan	nan	-0.854172671206	nan	nan	nan
MYH9_K1918	1.93449789284	-3.07914586	1.49539724608	nan	-3.80275260552	-1.61194510704	-0.953189232999	0.602389744773	-2.66478698363	-2.49050080553	-2.92151943622	nan	3.82004838104	2.68284353144	0.504566027908	0.121687188502	-0.243512113794	0.325205611479	0.642590690916	4.19424043401	-2.4424644368	nan	-2.2715194959	nan	-0.0358439324268	-1.22727935777	-1.15707498092	1.3207723203	-0.552701483464	-1.1132937816	1.00934521004	2.17047443074	-3.24114179303	0.115876915719	-3.29388912284	-2.70465560268	2.39485204543	0.46663586519	-4.58216336932	nan	-2.61849850129	-0.730722779243	-0.819131919356	0.88490243758	-2.76165481909
NAA30_K102	nan	-1.09384093444	nan	nan	nan	nan	nan	nan	nan	nan	-1.90646983764	nan	nan	3.40647445423	nan	nan	nan	nan	nan	nan	nan	nan	nan	nan	nan	nan	nan	nan	1.37677766059	nan	nan	nan	nan	nan	nan	nan	nan	nan	nan	nan	nan	-0.407631471212	nan	nan	nan
NCAPG_K995	3.5462121153	-0.571313001469	0.635137436414	nan	-0.00271482415586	nan	nan	2.29592434559	-0.995256691568	nan	-0.973798123182	nan	2.49655427573	2.52218184526	1.66103826517	1.37226449155	nan	1.45831439476	2.27875074742	2.15637066522	-1.60687676554	nan	nan	nan	0.0655861320387	nan	-0.946194219639	1.70011212811	1.13325982986	nan	1.64600696528	1.69136144508	-0.161546285243	2.77681295363	nan	-0.667267749454	nan	0.633877000183	-1.12225291466	nan	-0.326913862263	0.446542162994	nan	2.24252262584	-2.57036276531
NCL_K132	nan	-1.57658625484	nan	nan	nan	nan	nan	1.99809501166	nan	nan	-1.84817788679	nan	nan	2.44632674662	nan	0.81465164258	nan	nan	1.83889737817	nan	nan	nan	nan	nan	nan	nan	nan	nan	0.520893969348	nan	0.966029875218	nan	nan	1.91998401958	nan	nan	nan	nan	nan	nan	nan	0.369777739009	nan	nan	nan
NCL_K71	3.84652858723	-3.3258981242	2.18927816839	-3.6726994495	-0.5342039092	0.198369095601	1.62422726873	2.89591495237	-0.747161618469	1.77425451731	-1.1307702395	2.98227468568	2.25175235749	4.00797186226	1.15866486163	2.25021950996	0.315046394162	2.05799824717	3.08258311482	2.88413787518	-1.9447286107	3.66592941623	0.570716117913	3.55059915968	2.05643578542	0.653209761387	-1.37643226977	3.29505357952	1.94397465083	0.018996978689	2.73025851244	2.04985024351	-1.09308149119	3.01371779878	0.179221708847	0.685689312077	5.10809125861	1.09264056663	-0.302943401895	1.55298648841	-0.667474181849	-0.306655027304	-0.750588322281	3.02319446038	-2.43503203363
NCL_K80	nan	-1.38861675722	nan	nan	-0.16009684339	0.782340046164	2.242774297	nan	nan	2.20818277515	-0.571654455751	nan	nan	4.58218301909	nan	nan	nan	nan	nan	nan	nan	nan	1.12080837694	nan	nan	nan	nan	nan	2.58764217244	nan	nan	nan	-0.776657921658	nan	0.750854089055	0.814246791783	nan	1.20615068446	0.0337760927008	nan	nan	0.704897164617	nan	nan	nan
NCL_K96	nan	-2.10945156363	1.19002639827	nan	-0.766133780227	0.0723937405275	1.7306442448	2.91351668294	nan	1.68698109102	-0.704035975324	nan	1.46481108597	4.61741528443	0.3009825512	1.59178792895	-0.00608905455891	nan	1.92458347822	2.14619108058	-3.21283446888	nan	0.607973055951	nan	0.92870821711	0.332666324018	-3.04293695766	nan	2.44390211714	0.161430735196	2.11009942741	nan	-1.81980671788	1.92246727919	0.14791711933	0.133015122593	4.33969751697	0.884236450677	-0.720002441835	nan	-1.89169130458	0.00624141954027	-0.910749070794	2.17680614559	-4.24993743127
NEFM_K102	nan	nan	nan	nan	nan	nan	nan	nan	nan	nan	nan	nan	nan	nan	0.893465200202	nan	nan	nan	nan	nan	-2.13578591351	nan	nan	nan	nan	nan	-2.21234711592	nan	nan	nan	nan	nan	nan	nan	nan	nan	nan	nan	nan	nan	-1.40800063742	nan	nan	nan	-2.34884517647
NEK4_K622	nan	-2.2322934184	0.347520112695	nan	nan	nan	nan	nan	nan	nan	-1.68029859492	nan	0.808932654874	1.42318535925	nan	nan	nan	nan	nan	1.65286936747	nan	nan	nan	nan	-0.296853759088	nan	nan	nan	-0.616266182513	nan	nan	nan	nan	nan	nan	nan	nan	nan	nan	nan	nan	-1.4991248563	nan	0.609115045831	nan
NME3_K29	3.40153713338	-2.55823824652	1.75731777601	nan	nan	-1.66197120236	-0.458657346494	3.06693248815	-0.4065501653	-1.31482525042	-2.47329730517	nan	2.10835735623	2.62509986899	2.04226220405	1.56731567056	nan	1.67550370188	1.73073749278	2.55332933343	-1.9079971387	nan	-1.19194557059	nan	-0.950472588481	nan	-1.49097346797	3.10738874935	1.33295725583	nan	1.25185208416	1.02737167014	nan	2.85767187553	-1.47385875012	nan	nan	nan	nan	nan	-1.72647570084	-0.852424904331	nan	1.67199894321	-1.73207554735
NNT_K430	nan	-4.57750068164	nan	nan	nan	-5.48854308354	-5.38465836996	-5.67247519107	nan	0.0	-6.04675771496	nan	nan	-2.36965237784	-3.40226818261	-4.06766704456	-4.52455538591	nan	-3.3389216976	nan	-5.29050545955	nan	-4.96917866942	nan	nan	-7.3400807481	-7.18139697282	nan	-3.23216624341	-5.17469707432	-3.52397274547	nan	nan	-3.01423804574	-5.37351510986	nan	-2.19288091903	nan	nan	nan	-4.4956059255	-4.30648279765	-5.03029049308	nan	-5.55454205317
NPM1_K223	3.22434166533	-4.76101592213	0.331889256981	-1.62069069587	-0.44570652994	-2.80456427494	-2.24846249197	1.47064921741	-0.465948467329	-2.21396631709	-1.81053505248	2.56590874675	1.2500752388	3.9558021079	0.276124340761	0.465886472442	-1.60567187497	1.92053038557	2.05099932655	1.72205283231	-2.26180310639	2.57713971595	-2.55877807114	0.213843169968	-0.434942219429	0.280599408486	-2.9007377876	0.692520495152	1.14253413783	-0.808228983404	0.692830154784	1.84315236819	-2.40225923783	2.97673212299	-1.7920296788	-2.25537863393	2.26810531304	-0.784572684333	-3.55031184387	0.626820028591	-1.09798032989	-0.301957134702	-0.0677117142761	1.47971856671	-3.98738700965
NUP153_K294	nan	nan	nan	nan	nan	nan	nan	0.637613842916	nan	nan	nan	nan	nan	nan	nan	-0.833286506155	nan	nan	0.0776945255159	nan	nan	nan	nan	nan	nan	nan	nan	nan	nan	nan	0.042530768495	nan	nan	-0.127019432303	nan	nan	nan	nan	nan	nan	nan	nan	nan	nan	nan
OTUD4_K1040	nan	-2.81292642824	0.606655031613	nan	-5.63163157364	-2.32373941416	-1.82311834901	2.12030215542	nan	-2.29853763759	-3.31552416566	nan	1.20344928133	1.34173366225	-2.13331427862	0.491982186578	nan	nan	1.60240244308	1.62527156434	-3.75250319657	nan	-2.25952646271	nan	-0.121607853021	nan	-6.52859659297	nan	-0.688819418948	nan	1.20616685703	nan	-5.79538979899	1.88076205531	-4.37551435771	-2.06528456041	nan	-2.7140909056	-3.68118481837	nan	-3.50146558543	-1.35263038881	nan	2.09726071829	-4.30147770304
PABPC1_K188	nan	-1.3785760892	nan	nan	nan	nan	nan	1.55483115769	nan	nan	-2.08430955788	nan	nan	1.78625733119	nan	1.06618887086	nan	nan	1.45325741252	nan	nan	nan	nan	nan	nan	nan	nan	nan	-0.394193521506	nan	1.21107903356	nan	nan	1.59648933387	nan	nan	nan	nan	nan	nan	nan	-0.792244655721	nan	nan	nan
PABPC4_K375	nan	-1.56575876821	nan	nan	nan	nan	nan	nan	nan	nan	-2.76399510393	nan	nan	1.59052400818	nan	nan	nan	nan	nan	nan	nan	nan	nan	nan	nan	nan	nan	nan	-0.466248546357	nan	nan	nan	nan	nan	nan	nan	nan	nan	nan	nan	nan	-1.12140221754	nan	nan	nan
PARP1_K508	nan	-8.29843949789	-0.809406832799	nan	nan	nan	nan	nan	nan	nan	-5.25180378886	nan	0.315313866251	1.18653346924	nan	nan	nan	nan	nan	2.29783725818	nan	nan	nan	nan	0.751697821992	nan	nan	nan	-0.501405175747	nan	nan	nan	nan	nan	nan	nan	nan	nan	nan	nan	nan	-1.53600364846	nan	0.880853094833	nan
PARP1_K654	nan	nan	nan	nan	nan	-0.121771082672	0.0809538465318	nan	nan	-0.610558512977	nan	nan	nan	nan	nan	nan	nan	nan	nan	nan	nan	nan	-0.581380034851	nan	nan	nan	nan	nan	nan	nan	nan	nan	nan	nan	-0.977827625667	nan	nan	nan	nan	nan	nan	nan	nan	nan	nan
PARVA_K266	nan	nan	nan	nan	-0.479797147557	nan	nan	nan	nan	nan	nan	nan	nan	nan	nan	nan	nan	nan	nan	nan	nan	nan	nan	nan	nan	nan	nan	nan	nan	nan	nan	nan	-0.198401724286	nan	nan	0.248293207892	nan	-0.274780381471	0.252333564744	nan	nan	nan	nan	nan	nan
PATZ1_K272	nan	nan	-1.05949625405	nan	nan	nan	nan	nan	nan	nan	nan	nan	-0.186801676098	nan	nan	nan	nan	nan	nan	0.212079227113	nan	nan	nan	nan	-0.526728678446	nan	nan	nan	nan	nan	nan	nan	nan	nan	nan	nan	nan	nan	nan	nan	nan	nan	nan	-0.551335674264	nan
PCNP_K70	nan	-3.60667208091	nan	nan	nan	nan	nan	nan	nan	nan	-3.51919990184	nan	nan	1.92897868636	nan	nan	nan	nan	nan	nan	nan	nan	nan	nan	nan	nan	nan	nan	-1.12951283994	nan	nan	nan	nan	nan	nan	nan	nan	nan	nan	nan	nan	-1.73489943556	nan	nan	nan
PDAP1_K126	nan	nan	-0.118808018402	nan	nan	nan	nan	nan	nan	nan	nan	nan	0.957448876205	nan	nan	nan	nan	nan	nan	1.6879704247	nan	nan	nan	nan	0.0573861301951	nan	nan	nan	nan	nan	nan	nan	nan	nan	nan	nan	nan	nan	nan	nan	nan	nan	nan	0.48504912905	nan
PHF10_K206	nan	nan	-0.842673600822	nan	-2.91820937044	-0.598526975375	0.566788134479	-0.420192720747	nan	-0.0564474080873	nan	nan	-0.506664501296	nan	nan	-1.33452091071	nan	nan	-0.556003423534	0.04263746817	nan	nan	-0.39055221165	nan	-0.174532121702	nan	nan	nan	nan	nan	-1.40247453181	nan	-2.92662419462	-0.184354056078	-0.697267708424	-1.67432546252	nan	-1.42037652784	-2.01509114564	nan	nan	nan	nan	0.231128222886	nan
PIK3C3_K287	1.34526482679	-2.52188577624	0.263382148102	-4.45351314179	-1.93301090457	-1.50814415707	-0.463058394775	1.22142482722	-1.53048241857	-1.00810717011	-3.76840672219	0.0268419866773	-0.311173433061	-0.486017210349	-0.0236970556659	-0.477534855535	-1.43748747082	0.170813310478	-0.562594272734	0.203851281659	-2.47998352268	1.49372182441	-1.03441942866	1.65057162298	-0.225437730905	-2.30263891248	-3.13165534948	1.25369915847	-1.46118510641	-2.10661068664	-0.382723830409	0.21832654773	-3.30355178284	1.83271599088	-1.87610447658	-1.91393704788	1.90019496933	-0.985016280213	-2.6528985014	0.692452759342	-2.53958628584	-2.05856655602	-2.37777151801	0.457049985893	-3.95709678618
PIP4K2C_K390	2.7665089481	-2.72210641772	1.76119142963	-1.51615834502	0.708149295416	2.40766754105	3.99689276681	3.17547695158	-0.781132766399	3.3792981674	-2.17068038723	2.14877158751	2.87553190492	2.16636291897	nan	2.4167883674	1.23829100855	1.30428727526	2.52292591233	2.67122664791	nan	2.77866786681	1.16253069551	2.68176675185	2.98946877902	0.309548613925	nan	3.61947609093	0.897714934602	-0.394691765337	1.33153535608	1.82839991675	-0.938922172099	1.98120488952	1.12669020661	0.926137244819	3.27118326501	2.29031258213	-0.235232443389	0.961710202499	nan	-1.61908543272	-1.21045731444	5.19252238792	nan
PLEC_K4480	nan	-2.06534528599	-0.590605631107	nan	nan	nan	nan	nan	nan	nan	-0.652102623088	nan	-0.49456175059	0.225933145035	nan	nan	nan	nan	nan	-0.91703879827	nan	nan	nan	nan	-2.04992381439	nan	nan	nan	-1.40285996561	nan	nan	nan	nan	nan	nan	nan	nan	nan	nan	nan	nan	-2.84106043644	nan	-0.955743942236	nan
PLEKHA6_K41	nan	-2.77044348247	nan	nan	nan	nan	nan	nan	nan	nan	-1.71467121559	nan	nan	4.22730702705	nan	nan	nan	nan	nan	nan	nan	nan	nan	nan	nan	nan	nan	nan	1.46310389117	nan	nan	nan	nan	nan	nan	nan	nan	nan	nan	nan	nan	-0.980946226511	nan	nan	nan
PLIN4_K89	nan	0.0	-1.62014828822	nan	nan	nan	nan	nan	nan	nan	-2.7480059447	nan	0.579922098632	2.57647321531	nan	nan	nan	nan	nan	-0.664123671066	nan	nan	nan	nan	-1.40238962463	nan	nan	nan	-1.81594276846	nan	nan	nan	nan	nan	nan	nan	nan	nan	nan	nan	nan	-2.37084528134	nan	-1.25560274405	nan
POLR2B_K1052	2.36411109832	-1.15927351299	1.35168568107	-3.25294300985	-0.883086739543	-1.19856711593	0.262730877471	2.41248529254	-1.60459068509	-0.166120638529	-2.08021209313	1.10247374334	1.56564461505	2.81859817607	1.4092245482	0.804257116319	-0.0863597939862	0.944211931	1.25762113516	2.03518127479	-2.1240231611	2.03308532397	-0.894448504706	1.36850020205	0.9975260896	-0.328721893831	-1.16787915012	1.57813235521	0.541197788214	-0.918941416105	0.872741985352	0.892681731889	-1.71743643517	1.98385913256	-1.50382476924	-1.56579956099	3.54572663729	-0.591716463137	-1.86397958728	1.29674676158	-0.898683471591	-0.180383307546	-1.03875698136	2.03089649264	-2.16890597405
POLR3B_K1013	2.45950529874	-2.68720830453	1.42905892843	nan	-0.0493179815394	-0.901636366398	0.299038755034	2.59121980683	-2.41196522868	0.369432341947	-2.08099202917	nan	2.12264113673	3.11629405848	0.955277085272	1.03545217194	-0.976125736059	0.239764895961	2.15642960671	2.34894855918	-1.93345131392	nan	-0.759152698607	nan	1.37238432075	-1.32595481634	-1.52704720363	1.3501083331	0.944725065057	-1.27601765866	1.56643756125	0.854747935637	-1.16860479641	3.17214433122	-1.16538018676	-0.901736837464	3.18889587165	1.11480104827	-0.373661862758	nan	-0.237091820773	-0.882576095779	-1.68096867244	2.51934308727	-2.1805126292
PPIL4_K460	nan	-1.82966708446	nan	nan	nan	nan	nan	0.999495543207	nan	nan	-2.66297315737	nan	nan	1.41354478118	nan	0.29470088009	nan	nan	0.407340201829	nan	nan	nan	nan	nan	nan	nan	nan	nan	-0.0396030613199	nan	0.388713474151	nan	nan	1.58472301934	nan	nan	nan	nan	nan	nan	nan	-1.11345387729	nan	nan	nan
PRCC_K225	nan	-4.20931778416	nan	nan	nan	nan	nan	1.71081391536	nan	nan	-2.40994761632	nan	nan	2.79491876453	nan	0.686901610213	nan	nan	1.65155180219	nan	nan	nan	nan	nan	nan	nan	nan	nan	-0.178404507265	nan	1.00021170459	nan	nan	2.00376672547	nan	nan	nan	nan	nan	nan	nan	-1.45372448723	nan	nan	nan
PRDX1_K192	nan	-3.43688924439	-1.4311629108	nan	nan	nan	nan	-0.721606374257	nan	nan	-2.97698919144	nan	-0.938726279973	0.126274588239	nan	-0.526029368182	nan	nan	0.823343172425	-0.982251475016	nan	nan	nan	nan	-2.18760908736	nan	nan	nan	-1.23827823207	nan	-1.13285131646	nan	nan	1.21473143601	nan	nan	nan	nan	nan	nan	nan	-2.08082519492	nan	-0.660156351597	nan
PRKDC_K2694	nan	-3.50644341805	-0.747284415053	nan	-0.878118836254	nan	nan	2.65526596692	nan	nan	-2.82107475902	nan	0.822433127547	2.73085456619	0.249167072383	-0.241431282475	-0.845593477284	nan	2.23785278674	1.67509996259	-0.857974049697	nan	nan	nan	0.666144994828	-1.29261466487	-1.15122568095	nan	-0.425085492984	-1.55632225171	0.622714519192	nan	-2.36561846735	1.06045590756	nan	-2.26229862807	2.68042818465	0.284902892395	-1.81676542865	nan	-1.10574836312	-1.04410674281	-1.20639164006	0.0932488925437	-3.0548150637
PRPF3_K361	nan	nan	nan	nan	nan	0.381196700459	2.30010868204	nan	nan	1.43220977442	nan	nan	nan	nan	nan	nan	nan	nan	nan	nan	nan	nan	-0.421661318238	nan	nan	nan	nan	nan	nan	nan	nan	nan	nan	nan	0.342386948327	nan	nan	nan	nan	nan	nan	nan	nan	nan	nan
PTRF_K312	-2.03529407009	-5.03936499208	-4.93873001245	nan	0.0	-4.39048154703	-4.24933474533	-4.15895661747	-4.33683846426	-6.86614611247	-6.54009763109	nan	-2.44291709169	-2.77845465548	-3.2760080463	-3.5901037643	-5.9282925915	-2.69776988691	-3.33516677603	-0.775215010994	-6.00479003752	nan	-5.24901761916	nan	-4.68408965658	-6.35220925047	-10.8986280547	-3.10843526245	-2.85110880007	-5.99057759661	-2.63615715823	-3.7500592492	-6.7797099191	-2.04257598681	-4.88770824845	-4.57689261484	-2.61700678337	-5.1947403325	-5.22702768141	nan	-5.18862104574	-5.87240905006	-4.23472988839	-3.70832519263	-6.36961333508
RAB11A_K24	nan	-1.45403986953	nan	nan	nan	nan	nan	nan	nan	nan	-2.41019134238	nan	nan	1.22976340377	nan	nan	-0.493195823554	nan	nan	nan	nan	nan	nan	nan	nan	-0.441427451835	nan	nan	-0.742840200753	-1.33773184542	nan	nan	nan	nan	nan	nan	1.81872552487	nan	nan	nan	nan	-1.3601453774	-0.982534628069	nan	nan
RACGAP1_K614	4.45931042715	-1.69522720401	1.75377410643	nan	nan	nan	nan	3.91933011488	-5.10234996629	nan	-1.44668202059	nan	3.09766858042	2.80810662833	1.37019498991	3.10906562135	-0.792271428542	3.03611027092	4.74118684576	3.69498270161	-2.43674643381	nan	nan	nan	1.63819068122	0.745542690211	-0.732454833445	3.2689161879	1.8206215294	-0.877486056391	1.74687715227	1.98298199608	nan	4.50213229789	nan	nan	3.91325204728	nan	nan	nan	-0.624687814857	0.109275123441	-0.0646049630637	2.84336874469	-3.48768320205
RAD54B_K226	nan	nan	0.413774247775	nan	-2.01414784905	nan	nan	3.21349802735	nan	nan	nan	nan	0.620146817112	nan	1.08586571287	1.45921029701	nan	nan	1.26620878417	1.31391315481	-1.7167717767	nan	nan	nan	0.538565277315	nan	-1.38009768534	nan	nan	nan	1.07343675778	nan	-2.64460956404	2.27086403696	nan	-0.751298701524	nan	-0.424977030518	-2.04971930281	nan	-1.01339331268	nan	nan	0.439093326691	-1.97171720404
RALGAPA2_K679	1.62558649725	-4.64987200672	0.945031192753	-3.07289704978	-1.00599483714	-2.01727556613	0.291427671526	0.561741835008	-1.40951592187	0.922469688127	-2.16530282829	1.42184832072	0.452187201159	3.68808491222	-0.953748523235	0.739775291972	0.00152534881567	0.105437495513	2.84909464086	1.02106476044	-2.63918569952	1.79807544324	-0.858971495364	1.82507957871	-0.00297568612251	-0.799496382028	-2.75102218321	0.388994057934	0.0308965336073	-1.62708680481	-0.156351019391	1.28822218165	-3.20257830869	0.305159483956	-1.76987874876	-3.02323562655	1.81634460443	-1.33685984992	-2.74254251176	0.525426992112	-3.28264833445	-1.40396532543	-1.25080115913	1.82676593638	-4.02447507361
RAN_K134	nan	nan	nan	nan	nan	nan	nan	1.36948001695	nan	nan	nan	nan	nan	nan	nan	0.170392485042	nan	nan	1.44394288376	nan	nan	nan	nan	nan	nan	nan	nan	nan	nan	nan	0.440480168083	nan	nan	1.67530253474	nan	nan	nan	nan	nan	nan	nan	nan	nan	nan	nan
RAPH1_K134	nan	nan	1.33356022522	nan	nan	nan	nan	nan	nan	nan	nan	nan	1.62136778271	nan	nan	nan	nan	nan	nan	2.27483174285	nan	nan	nan	nan	-0.166738171279	nan	nan	nan	nan	nan	nan	nan	nan	nan	nan	nan	nan	nan	nan	nan	nan	nan	nan	0.543723794632	nan
RASAL1_K399	nan	nan	1.74292098803	nan	-0.107721691196	-0.0292768542738	-0.854170613643	0.98372840519	nan	-1.03762521858	nan	nan	1.10650932878	nan	nan	0.119524446059	nan	nan	1.44986482161	0.904081816804	nan	nan	-0.0723219725662	nan	0.480399461905	nan	nan	nan	nan	nan	0.138401214204	nan	-1.68841539575	1.31384787088	-1.8793360465	-1.16145704585	nan	-0.757242734303	-2.14980067296	nan	nan	nan	nan	0.815060270043	nan
RBMX_K217	nan	nan	nan	nan	nan	nan	nan	1.30867039655	nan	nan	nan	nan	nan	nan	nan	0.450299531744	nan	nan	1.38534545982	nan	nan	nan	nan	nan	nan	nan	nan	nan	nan	nan	1.25622610535	nan	nan	1.60721929447	nan	nan	nan	nan	nan	nan	nan	nan	nan	nan	nan
RECQL_K313	nan	nan	nan	nan	nan	-2.2238377317	-0.832362144276	nan	nan	-1.24612940695	nan	nan	nan	nan	nan	nan	nan	nan	nan	nan	nan	nan	-1.88380006134	nan	nan	nan	nan	nan	nan	nan	nan	nan	nan	nan	-2.31211290925	nan	nan	nan	nan	nan	nan	nan	nan	nan	nan
RICTOR_K1367	nan	nan	nan	nan	nan	nan	nan	-0.479242114073	nan	nan	nan	nan	nan	nan	nan	-1.35432848023	nan	nan	-0.294454733761	nan	nan	nan	nan	nan	nan	nan	nan	nan	nan	nan	-0.659773316855	nan	nan	-0.0117817061087	nan	nan	nan	nan	nan	nan	nan	nan	nan	nan	nan
RICTOR_K986	nan	nan	nan	nan	nan	nan	nan	0.404041788187	nan	nan	nan	nan	nan	nan	nan	-0.801829342318	nan	nan	0.49359013773	nan	nan	nan	nan	nan	nan	nan	nan	nan	nan	nan	-0.218535277471	nan	nan	0.425750766745	nan	nan	nan	nan	nan	nan	nan	nan	nan	nan	nan
RNF214_K136	2.53487112417	nan	0.180698033847	nan	nan	nan	nan	1.04329920607	0.203793600778	nan	nan	nan	1.59660091157	nan	-0.290499288681	-0.164052736508	-1.16637413308	1.67282904854	1.68702719201	1.73135674341	-3.71958636952	nan	nan	nan	-0.0490959373656	0.0292200055741	-1.84783099916	1.96501850186	nan	-1.73688060668	0.337150792013	1.67328445057	nan	1.41677573118	nan	nan	3.42713220168	nan	nan	nan	-1.9933257428	nan	-0.742494266375	0.250092540604	-3.14177752153
RPA1_K163	1.76044832106	nan	-0.0236073747486	nan	-1.97412739495	-0.630577969262	0.75378380656	2.05394574203	-0.578819568609	0.367666994846	nan	nan	0.497845508406	nan	nan	0.648909130583	-0.378881754373	0.856210915353	1.05039699452	0.783131939439	nan	nan	-1.27888643494	nan	0.420130694942	-0.591880853118	nan	1.37069829367	nan	-0.215672816713	0.677478546708	1.12022199333	-2.51820367734	1.15466327001	-1.14115886825	-1.05948688484	2.63361707071	-0.135076040008	-0.863418542405	nan	nan	nan	-1.17706932213	0.712164525616	nan
RPL29_K5	4.37503228646	nan	6.708135237	-1.9906292343	1.68420046775	-1.15473831536	2.53769188327	nan	-8.79062176648	1.2643739904	nan	6.50861188826	8.65106776704	nan	5.17272294847	nan	nan	1.87257165054	nan	8.90320069252	-0.335675258308	7.22754896718	-0.385828316168	3.59787442344	5.36793462672	nan	1.48407130995	3.4037088521	nan	nan	nan	1.19308282116	-0.775545546985	nan	-1.77800719296	0.720988025563	nan	0.295291089587	-2.27091137661	5.58260007223	1.51230367526	nan	nan	7.62954665744	0.921912694567
RPL36A_K53	0.903591218256	-2.44747327366	-0.583157709826	-5.27070088641	-2.3736004551	-2.85192700042	-1.01632927154	1.11789018709	-2.47852944719	-1.91402402635	-3.80982629581	0.944999191481	1.24090433324	0.532268143583	-3.08804570728	-0.981689459189	-2.51032052004	-0.119484646696	-0.0813326297292	0.720524331725	-3.41978434715	1.20329422087	-2.42193687223	-0.125211420049	-1.23582237486	-1.41152783216	-2.4644974586	0.702386850592	-1.91903198926	-2.26904677113	-0.0533594888318	-0.0651207294367	-2.40554960031	1.0942737505	-2.98725428148	-2.17000655925	-0.993814632783	-1.4593405778	-2.87796089989	0.316193116209	-1.94186234261	-1.81578764417	-1.09653689964	-0.0515922511797	-2.94427947634
RPL5_K164	2.74284454363	-0.750070995366	1.26061288442	nan	-0.517146539143	-1.35853973964	-0.501483523886	3.46321335002	-1.71241452534	-1.39204366032	-2.39061437781	nan	2.29625326287	3.67348417454	1.66560619482	0.467425167883	-2.18786592524	0.981511848572	0.247068119762	3.13014059729	-3.19603654303	nan	-1.93158630798	nan	0.700631446587	-0.590251169337	-0.219750950071	2.47039587779	0.723775140662	-1.93551043121	1.4490308553	1.04032661911	-2.3563877227	3.18202147357	-2.32530878689	-3.20513909954	4.25719492463	-0.464706107766	-2.51346359655	nan	-1.37323376762	-0.11968493216	-2.56388201724	0.922192225985	-3.00930805195
RTF1_K587	0.904197843935	-1.14912965707	-0.338470878181	nan	-0.30855825295	nan	nan	2.35621989709	-1.04180624632	nan	-1.92889688429	nan	0.600280997974	1.8500319785	0.903771664445	1.09057184952	nan	0.0458412347595	1.221012956	0.895554620277	-1.5926318123	nan	nan	nan	-0.326912310879	nan	-1.24814111554	0.207545923249	-0.333743996343	nan	1.76682833348	0.0224017747881	-0.717314515419	2.39469304381	nan	0.407771552395	nan	0.932040486133	-0.530925002031	nan	-0.825404728136	-0.775140676734	nan	0.151880031149	-2.3549127144
SAMM50_K255	nan	nan	0.560994082821	nan	nan	nan	nan	nan	nan	nan	nan	nan	1.14588117192	nan	nan	nan	nan	nan	nan	1.44366808839	nan	nan	nan	nan	0.277409681672	nan	nan	nan	nan	nan	nan	nan	nan	nan	nan	nan	nan	nan	nan	nan	nan	nan	nan	0.933256697603	nan
SARG_K252	0.682307814152	-2.1262509342	nan	nan	nan	nan	nan	-3.05255422928	-6.75007048245	nan	-4.436771514	nan	nan	1.05653221323	nan	0.240577628212	-0.709151612175	-1.5958994457	-0.912579475776	nan	nan	nan	nan	nan	nan	-1.6847488935	nan	-1.58656873231	-2.73590730472	-0.753235496778	1.76605790804	2.66024340333	nan	-4.8239205548	nan	nan	0.373596953977	nan	nan	nan	nan	-4.01411244294	2.01948476976	nan	nan
SARG_K308	nan	-1.63538419696	2.51357082487	nan	nan	nan	nan	nan	nan	nan	-2.55076691939	nan	1.63036110111	1.95889640301	nan	nan	nan	nan	nan	1.75109843675	nan	nan	nan	nan	-1.09507480521	nan	nan	nan	-0.913142306744	nan	nan	nan	nan	nan	nan	nan	nan	nan	nan	nan	nan	-1.63125678628	nan	1.34826137143	nan
SARG_K480	nan	-4.30517945145	-1.01431162895	nan	-5.07540911647	-2.66338427572	-2.44575419147	-3.47766016591	nan	-3.35810122758	-4.93146359264	nan	-2.27808183632	-1.17028176013	-2.31350118582	-2.60832151325	-2.39860797133	nan	-2.27034621856	-1.68619609506	-4.01604773549	nan	-2.96640532658	nan	-2.66948668454	-3.29336259173	-4.43257716991	nan	-3.16060427846	-2.88447245111	-1.80350371451	nan	-5.04854297018	-1.82426259994	-3.22513514569	-4.14796918582	0.168192773802	-4.01687643974	-5.09590291972	nan	-3.35622759541	-4.23999725182	-1.46267556718	-1.49006834775	-4.7601675384
SARG_K511	nan	-2.58104874007	-0.10921810924	nan	-5.23588267977	nan	nan	-1.75700977294	nan	nan	-4.18128685941	nan	-1.33179960544	-0.085246239189	-2.6826890756	-1.73001777559	nan	nan	-2.02597272321	-0.97405540448	-4.61492505027	nan	nan	nan	-3.47788825523	nan	-8.19940397708	nan	-2.39668254507	nan	-0.976769894189	nan	-4.18923314756	-1.40589520491	nan	-3.82406808425	nan	-3.57940542338	-4.20424606358	nan	-3.93696850887	-2.71376220809	nan	-0.504958307888	-5.25921671177
SCCPDH_K242	nan	-2.79017490147	nan	nan	nan	nan	nan	nan	nan	nan	-2.37645476813	nan	nan	0.939587368229	nan	nan	nan	nan	nan	nan	nan	nan	nan	nan	nan	nan	nan	nan	-1.25151036861	nan	nan	nan	nan	nan	nan	nan	nan	nan	nan	nan	nan	-1.93632400283	nan	nan	nan
SCEL_K109	-0.813606853713	-0.460288354525	-1.48955603071	-3.69888579992	-3.48485979035	-4.00176800053	-4.34019331752	-2.0694414006	1.18276694927	-6.11932780735	-5.20215370066	0.446349683755	-0.545913069252	-0.309860667554	-4.05779157748	1.22399582711	-0.109070082077	0.0	-1.27728243231	-0.0999395441531	-2.76851873295	1.49610536864	-4.10833867582	0.200470639062	-3.15625118599	-1.26960376108	-1.58035976781	0.0	-2.03250595357	-0.741069119995	0.963370570736	2.5812258329	-5.13205522293	-1.78903165171	-4.48112375546	-4.69155601013	1.3833246547	-4.0793321289	-4.95277615175	0.122178076677	-2.65759087215	-5.9619224464	0.565301920882	0.643036852338	-5.42973201315
SCRIB_K383	nan	nan	0.356238914178	nan	nan	nan	nan	nan	nan	nan	nan	nan	0.607773644012	nan	nan	nan	nan	nan	nan	0.942983914351	nan	nan	nan	nan	0.125245745142	nan	nan	nan	nan	nan	nan	nan	nan	nan	nan	nan	nan	nan	nan	nan	nan	nan	nan	0.620165657596	nan
SEPT9_K3	nan	nan	nan	nan	nan	nan	nan	nan	nan	nan	nan	nan	nan	nan	6.03775348853	nan	nan	nan	nan	nan	2.32775192302	nan	nan	nan	nan	nan	-0.216043606666	nan	nan	nan	nan	nan	nan	nan	nan	nan	nan	nan	nan	nan	1.90063411329	nan	nan	nan	2.46436520573
SETDB1_K1170	nan	-2.72174615085	nan	nan	nan	nan	nan	nan	nan	nan	-0.811199586482	nan	nan	4.41364302712	nan	nan	nan	nan	nan	nan	nan	nan	nan	nan	nan	nan	nan	nan	1.60851325458	nan	nan	nan	nan	nan	nan	nan	nan	nan	nan	nan	nan	-0.287084986552	nan	nan	nan
SF3B1_K177	nan	nan	nan	nan	nan	nan	nan	2.094014621	nan	nan	nan	nan	nan	nan	nan	0.779389116556	nan	nan	1.5496942817	nan	nan	nan	nan	nan	nan	nan	nan	nan	nan	nan	0.814664093832	nan	nan	1.87205230269	nan	nan	nan	nan	nan	nan	nan	nan	nan	nan	nan
SF3B1_K240	nan	-2.9568809521	-0.105343000097	nan	nan	nan	nan	nan	nan	nan	-2.36137798473	nan	0.80863042219	2.20707412638	nan	nan	nan	nan	nan	1.07536160343	nan	nan	nan	nan	0.118868031574	nan	nan	nan	-0.0842299289379	nan	nan	nan	nan	nan	nan	nan	nan	nan	nan	nan	nan	-1.01796088621	nan	0.744427120011	nan
SH3GLB2_K7	nan	nan	nan	nan	nan	-1.57586286516	-1.62831562398	nan	nan	-1.90399909444	nan	nan	nan	nan	nan	nan	nan	nan	nan	nan	nan	nan	-1.31906999316	nan	nan	nan	nan	nan	nan	nan	nan	nan	nan	nan	-2.05784213114	nan	nan	nan	nan	nan	nan	nan	nan	nan	nan
SLC25A12_K451	0.597116701687	-7.22082738714	-0.238640996919	-5.70568586629	-6.7373726939	nan	nan	-3.63680697369	-1.1931831136	nan	-6.95965826373	-0.22475327104	1.67970264211	-0.165760402299	nan	-4.57597680661	nan	0.929956845548	-3.53762933262	1.00599000672	nan	-0.229654503485	nan	1.06815314287	1.76286312173	nan	nan	-0.693698443628	-3.15217499908	nan	-2.948320765	0.0	-5.39189593124	-2.35497234521	nan	-4.83134917133	nan	-5.22347365076	-4.19898302101	-0.933662851723	nan	-5.26112318707	nan	1.91511940443	nan
SLC25A13_K453	nan	nan	-3.52399603478	nan	-1.31761484566	nan	nan	nan	nan	nan	nan	nan	-2.90125783345	nan	nan	nan	nan	nan	nan	-2.15762182849	nan	nan	nan	nan	-3.54797884972	nan	nan	nan	nan	nan	nan	nan	-2.09941071156	nan	nan	-1.13722403344	nan	-0.529149216028	-2.84308887921	nan	nan	nan	nan	-1.81908775974	nan
SLC25A3_K112	0.896754702935	-2.02828309539	-1.60599022017	-0.77571991679	-1.80789725956	-2.53992254637	-1.61361390321	-0.107401501382	0.446036044816	-1.03958011614	-3.20736081896	0.670457363346	0.0145637763273	0.190702991621	-1.12798542889	-0.0402219668574	nan	1.10140464658	1.145947473	-0.502625023543	-2.87979103771	0.910082840787	-1.81200925533	0.95769481235	-1.36624757927	nan	-2.49616306661	1.24851552199	-0.701390731283	nan	-0.935551815982	0.640759797022	-1.62498770334	0.151478340606	-2.27819774309	-2.26163394049	nan	-1.42647561684	-2.81590358282	0.510833998209	-2.03979201233	-2.1172545724	nan	-0.567153863605	-1.95661260043
SLC25A4_K147	nan	-1.79574555581	nan	nan	nan	nan	nan	nan	nan	nan	-2.83546233099	nan	nan	2.12303546773	0.909402840127	nan	nan	nan	nan	nan	-2.65031888851	nan	nan	nan	nan	nan	-0.626106301173	nan	0.154502850216	nan	nan	nan	nan	nan	nan	nan	nan	nan	nan	nan	-1.55633006362	-0.465221107303	nan	nan	-2.41355103003
SLC25A5_K147	nan	-2.02929675963	0.431207479365	nan	-1.7639265294	-1.43066947176	-1.71810249581	nan	nan	-1.51991251718	-2.65284247025	nan	0.9926695203	2.34723666623	-0.0152364832121	nan	nan	nan	nan	1.2643317959	-2.80477549235	nan	-1.6932737914	nan	0.58734091188	nan	-0.523908634232	nan	0.491555242066	nan	nan	nan	-2.67944566549	nan	-1.77646100878	-2.10206073582	nan	-1.2050595773	-3.38908502139	nan	-1.48394612015	-1.79257208961	nan	1.56712304133	-3.31075321177
SLC25A5_K166	nan	-2.52753314879	0.974950921195	nan	-1.58823199283	-2.47315958582	-2.26361625517	0.906619216047	nan	-2.10682849867	-3.71571735923	nan	-0.410207616133	3.04722465872	-0.0707752289248	-0.57383372054	-1.47485204147	nan	-0.46700809832	0.259105998451	-3.04872083174	nan	-2.48096039527	nan	1.03145652353	0.319031856902	-1.11736090217	nan	0.152711946284	-1.65019946298	0.662790177195	nan	-4.37593781554	-0.267205517638	-2.68890779745	-3.71682710875	3.11275441651	-1.74601902919	-4.86378932993	nan	-0.925629428805	-1.7243374584	-1.13474862556	2.59657148124	-2.80553739698
SLC25A5_K52	0.970866917955	-5.7289634931	0.242508121874	-2.88694386491	0.094330279237	-0.391468886718	3.14446288756	0.476099252586	-2.10468628692	0.480174933815	-1.15740236037	1.42515170708	2.92474783045	3.03240099961	2.33603264315	-0.319330927546	-1.09786109919	-0.384058153648	2.11726163241	2.52507360901	-2.08365346271	0.367558137795	0.073279048387	2.86099712245	3.1616158459	-2.03374588463	-0.611990498621	2.42048548097	0.396261938894	-1.51361203124	0.824566738138	1.85360808404	-0.877304176733	4.0936812327	1.11331664875	0.624008250586	2.80627572415	1.87010325271	0.641043586866	0.538048860873	-2.58444472956	-0.380814957974	-1.2224607855	2.51852755463	-0.413248279332
SLC25A6_K147	1.72885938411	-1.2956453671	-0.616896913488	nan	-2.25412418393	nan	nan	1.05694451254	-0.918244225233	nan	-2.69733576266	nan	0.280643040542	1.32545126043	-0.330532351992	-0.77664529268	nan	1.46189798223	-0.0506137308582	0.30856197059	-2.95979378346	nan	nan	nan	0.112934344651	nan	-1.25388931453	1.00180382601	-0.101123412436	nan	0.011988465749	0.457018967766	-2.37819452594	0.24410786499	nan	-1.55326633517	nan	-0.890188436235	-2.51415939275	nan	-1.54062440282	-1.42730286095	nan	0.849316026032	-2.9033039608
SLC25A6_K52	1.06928859698	-3.36490957399	2.31989792829	-4.13648828338	-2.85208537618	-1.7053627926	0.577096536707	0.529716626929	0.764374894442	-0.0187410616017	-3.26422202254	-0.0888690411975	0.97749673223	1.40164222127	1.90492057557	-1.68990900653	-0.859655794218	0.422381663556	2.21006994732	0.800882313556	-2.84116492397	-0.215513752815	-0.697068390642	2.13006487655	0.00709142672256	-1.03658704854	-1.5364318658	1.44220525918	-0.407226850497	-1.05127247688	2.15783976885	1.33504152599	-2.79921629802	3.77844993034	-0.812421464187	-0.136775600143	4.01841985891	0.42879227834	-0.885719108189	0.0168093515812	-0.995315282976	1.18635778949	-1.05904822182	0.549209975701	-1.28218448004
SLC4A2_K274	nan	nan	nan	nan	nan	nan	nan	nan	nan	nan	nan	nan	nan	nan	-1.22528399264	nan	nan	nan	nan	nan	-1.92276341545	nan	nan	nan	nan	nan	-2.09024065264	nan	nan	nan	nan	nan	nan	nan	nan	nan	nan	nan	nan	nan	-1.93922477148	nan	nan	nan	-3.15854491472
SMARCC2_K592	7.98992471836	0.0	3.5163064891	nan	0.604852651464	-3.48814428249	0.830526642392	4.7979419348	1.56643877536	1.94264534807	-2.25214938629	nan	1.06885922073	4.30383493815	3.38524065739	6.79777779295	-1.03633398728	6.06382615717	4.35534531153	2.67080600822	-3.54119360672	nan	1.31968954099	nan	2.49082346464	2.05534167974	1.75478225013	4.57278064363	0.761290118871	0.229640101578	4.36083994125	6.41649425503	-0.69471386967	5.37952814162	1.14934826471	1.6883548825	5.41322736767	3.45130760909	-1.25125132536	nan	1.52957303434	-0.150112230394	3.29725838019	2.05011782016	-2.33883740403
SMC4_K93	nan	nan	0.0397820595566	nan	nan	nan	nan	nan	nan	nan	nan	nan	1.34302049269	nan	nan	nan	nan	nan	nan	0.870449820498	nan	nan	nan	nan	0.625859808756	nan	nan	nan	nan	nan	nan	nan	nan	nan	nan	nan	nan	nan	nan	nan	nan	nan	nan	0.551604147681	nan
SRCIN1_K982	nan	-3.68943539826	nan	nan	nan	nan	nan	nan	nan	nan	-3.11163727082	nan	nan	2.26533427387	nan	nan	nan	nan	nan	nan	nan	nan	nan	nan	nan	nan	nan	nan	-0.760776507426	nan	nan	nan	nan	nan	nan	nan	nan	nan	nan	nan	nan	-1.67853301757	nan	nan	nan
SRP14_K107	nan	nan	nan	nan	nan	nan	nan	4.41988608376	nan	nan	nan	nan	nan	nan	nan	0.178903813563	nan	nan	0.259072925217	nan	nan	nan	nan	nan	nan	nan	nan	nan	nan	nan	0.520307554479	nan	nan	0.184292943903	nan	nan	nan	nan	nan	nan	nan	nan	nan	nan	nan
SSBP1_K122	nan	nan	-0.698839469801	nan	-3.00018447816	-2.41301478738	-2.06364106475	nan	nan	-2.20497766812	nan	nan	-0.222189548925	nan	nan	nan	nan	nan	nan	0.0451691064728	nan	nan	-2.12842613123	nan	-0.0335025840479	nan	nan	nan	nan	nan	nan	nan	-3.08530960735	nan	-2.64875339113	-2.44901151422	nan	-1.56456954137	-1.27671930193	nan	nan	nan	nan	0.955852902415	nan
SSH3_K598	nan	-1.41430521394	0.332233251196	nan	nan	nan	nan	nan	nan	nan	-3.44088061361	nan	0.808775633195	1.43914531743	nan	nan	nan	nan	nan	1.4331175257	nan	nan	nan	nan	-0.00603500563922	nan	nan	nan	-0.268165071156	nan	nan	nan	nan	nan	nan	nan	nan	nan	nan	nan	nan	-1.50496505249	nan	0.505100741468	nan
SUB1_K53	nan	-1.24698119447	nan	nan	nan	nan	nan	3.52706392945	nan	nan	-1.31064559073	nan	nan	3.38467990435	2.06919314204	2.7312012946	nan	nan	3.1824401375	nan	-0.615359444115	nan	nan	nan	nan	nan	-0.157310582878	nan	1.28370161306	nan	2.36228278714	nan	nan	3.48542626746	nan	nan	nan	nan	nan	nan	0.501512781267	0.551071799572	nan	nan	-1.46467193485
TCF25_K545	nan	nan	nan	nan	nan	nan	nan	nan	nan	nan	nan	nan	nan	nan	nan	nan	-2.40378425417	nan	nan	nan	nan	nan	nan	nan	nan	0.4845004041	nan	nan	nan	1.10133447045	nan	nan	nan	nan	nan	nan	5.27644588747	nan	nan	nan	nan	nan	-5.78973923322	nan	nan
TLN1_K428	3.67112736041	-1.92050638002	0.0990619105884	nan	nan	nan	nan	1.02377478697	-3.84011063512	nan	-3.021131214	nan	1.43679902408	2.0492764816	0.155982841826	-0.0892161854084	nan	1.87255372592	0.72274387351	1.798474299	-3.233700564	nan	nan	nan	-0.704799389231	nan	-2.29314805698	2.00625009253	-0.278287758766	nan	0.219339647066	1.15671968423	nan	0.66584930721	nan	nan	nan	nan	nan	nan	-1.46076665211	-0.126494841932	nan	0.999759233987	-3.14138310952
TNKS1BP1_K1644	1.95723918152	-2.13043714636	1.23332311419	nan	-0.391256355088	-1.21575871937	-0.238093294386	1.14586535936	-0.466949934179	-1.30022706053	-1.70427733013	nan	2.56351600006	4.75612450445	0.679450522199	0.666436885254	-0.526634495563	0.302165206478	1.49067398571	2.92973911919	-2.33657727712	nan	-1.174822888	nan	-0.230380046703	-0.138474339446	-0.926504931358	1.11040398443	1.27348927302	-1.76650542739	1.41520592188	1.59246310622	-1.44813585793	1.29911764371	-1.59412246902	-2.62159883154	1.50833844432	-0.76960588871	-2.03157707365	nan	-1.12468869056	-0.307325212756	-0.847352238055	1.17463617481	-1.45021901148
TP53I11_K43	nan	nan	nan	nan	-3.86961569374	nan	nan	nan	nan	nan	nan	nan	nan	nan	nan	nan	nan	nan	nan	nan	nan	nan	nan	nan	nan	nan	nan	nan	nan	nan	nan	nan	-3.69857397365	nan	nan	-3.77980504674	nan	-2.59464743079	-3.28064967587	nan	nan	nan	nan	nan	nan
TPI1_K231	1.89065962756	-1.88075928353	0.735814629214	nan	nan	-1.78007441063	-1.2404745458	0.709615253832	-0.53536201709	-2.25804550238	-2.70557952219	nan	1.64201621525	1.47361797245	nan	1.4105288372	-0.532988511468	0.805472934882	1.11387266774	1.73870821742	nan	nan	-1.81243998787	nan	-0.136585441967	-0.679137881997	nan	0.833177152475	-1.05302392215	-1.08932717605	1.92252502284	0.679548970308	nan	2.85534911458	-1.9567034977	nan	1.73520388002	nan	nan	nan	nan	-0.966109343915	-0.985252854964	1.63027351816	nan
TPP2_K467	nan	nan	nan	nan	nan	nan	nan	-0.863711214771	nan	nan	nan	nan	nan	nan	nan	-0.0225407064271	nan	nan	-1.44434078947	nan	nan	nan	nan	nan	nan	nan	nan	nan	nan	nan	2.48260321585	nan	nan	-0.94780712926	nan	nan	nan	nan	nan	nan	nan	nan	nan	nan	nan
TRIM25_K437	1.85579504045	nan	nan	nan	nan	nan	nan	nan	-1.18967212152	nan	nan	nan	nan	nan	nan	nan	nan	-0.0656512743475	nan	nan	nan	nan	nan	nan	nan	nan	nan	0.618014211491	nan	nan	nan	1.37210895224	nan	nan	nan	nan	nan	nan	nan	nan	nan	nan	nan	nan	nan
TXNRD1_K138	nan	nan	0.336131247006	nan	nan	nan	nan	1.04017463054	nan	nan	nan	nan	2.44858709389	nan	0.816820176014	0.246057675323	nan	nan	3.4519256845	1.37003760594	-1.60429617339	nan	nan	nan	0.588471778397	nan	-0.995339887546	nan	nan	nan	-0.614958230597	nan	nan	1.65983362271	nan	nan	nan	nan	nan	nan	-0.743717141285	nan	nan	0.804122787364	-2.75444874155
TXNRD1_K150	nan	nan	nan	nan	nan	nan	nan	1.31407045491	nan	nan	nan	nan	nan	nan	nan	0.0954504067946	nan	nan	3.02193223499	nan	nan	nan	nan	nan	nan	nan	nan	nan	nan	nan	0.21408669118	nan	nan	2.16516030089	nan	nan	nan	nan	nan	nan	nan	nan	nan	nan	nan
UBE2C_K18	3.0782441491	-0.255537801858	4.13094829193	-2.97308592231	-0.334881452062	0.167089225456	1.7197362507	7.1985713032	-3.13057020229	0.279488009857	-1.22583553409	0.735497754166	3.75120174106	3.29387116672	3.06195346962	5.2990663638	0.818323201725	0.799671856077	5.40617157412	4.63363481915	-0.358424855371	1.3518378171	-1.30103058908	1.08562647237	3.23171737093	0.186573364227	0.88795191052	3.08450102223	2.53041375392	-1.56525259118	3.3752703608	0.699214406815	-0.361953265599	6.34861747714	-0.131252296945	-0.494554126581	5.39450395046	1.58618600486	-0.251038784274	1.90989174475	0.241350946028	0.956370757163	-1.72646298068	3.24262134864	-0.26350785691
UBE2K_K18	2.25519413521	-0.450739339108	1.36984835685	nan	nan	-0.911709078355	-0.281782233462	2.78942845256	0.13196481019	-0.561437862265	-1.95394725334	nan	1.01217418718	2.10423069177	1.1605819355	0.95426514574	-0.0405180227364	1.36610821546	1.13669548115	1.69109616758	-1.21884836106	nan	-0.405394890725	nan	0.216863657979	0.438082664184	-0.886745737834	1.55046585761	-0.351582728638	0.161111909302	1.67496377216	1.76156840717	nan	2.79151860075	-1.10447600822	nan	3.68640352723	nan	nan	nan	0.474402603112	-0.101367588997	-0.851227850143	2.56800187455	-2.68141998221
UBXN6_K15	nan	nan	-0.235387193586	nan	nan	nan	nan	nan	nan	nan	nan	nan	0.314789110704	nan	nan	nan	nan	nan	nan	1.60051093027	nan	nan	nan	nan	0.486757753849	nan	nan	nan	nan	nan	nan	nan	nan	nan	nan	nan	nan	nan	nan	nan	nan	nan	nan	0.343431132163	nan
UTP14A_K298	3.84029874758	-0.90877304279	0.209096440603	nan	nan	nan	nan	4.05526213411	-0.196001121282	nan	-1.0156872608	nan	1.71804042661	5.02937722599	3.36467362884	0.759732219421	0.276169064908	1.97419906857	1.81030628591	2.54207310561	-2.14882175429	nan	nan	nan	1.1607081418	0.867189397324	-0.184585528237	3.56081027634	2.05051028924	0.0187326004527	1.0254589619	2.55207351445	nan	4.48027104327	nan	nan	4.5510914866	nan	nan	nan	0.148554099353	1.61524743588	-0.0163291076759	1.41642882605	-1.87899292053
VCP_K315	nan	nan	nan	nan	nan	nan	nan	nan	nan	nan	nan	nan	nan	nan	4.90086855241	nan	nan	nan	nan	nan	0.821649776762	nan	nan	nan	nan	nan	1.40852642689	nan	nan	nan	nan	nan	nan	nan	nan	nan	nan	nan	nan	nan	1.11051645268	nan	nan	nan	0.142076605211
VCX_K13	nan	nan	nan	nan	nan	nan	nan	-0.747652579799	nan	nan	nan	nan	nan	nan	nan	-1.33560501663	nan	nan	1.95567313288	nan	nan	nan	nan	nan	nan	nan	nan	nan	nan	nan	-0.438458012436	nan	nan	-0.172716631928	nan	nan	nan	nan	nan	nan	nan	nan	nan	nan	nan
VDAC2_K277	0.753138919866	nan	nan	nan	nan	nan	nan	nan	-1.26885546545	nan	nan	nan	nan	nan	nan	nan	nan	-0.341856170718	nan	nan	nan	nan	nan	nan	nan	nan	nan	0.56767626117	nan	nan	nan	-0.357535813241	nan	nan	nan	nan	nan	nan	nan	nan	nan	nan	nan	nan	nan
WAC_K79	nan	nan	nan	nan	nan	nan	nan	nan	nan	nan	nan	nan	nan	nan	3.24538773927	nan	-1.06371371515	nan	nan	nan	-0.426661816348	nan	nan	nan	nan	2.75534058883	0.784885820379	nan	nan	1.18084797612	nan	nan	nan	nan	nan	nan	5.56985865608	nan	nan	nan	1.20067729863	nan	1.95302403554	nan	-2.71068318603
WBP11_K169	2.57148695107	-1.62416726182	0.772182566547	nan	-1.42200589338	nan	nan	1.82248430889	-1.11229737743	nan	-1.79489977585	nan	1.2657849581	1.94657512494	0.914699556972	0.212172272007	-1.08646313151	1.2670733088	1.35933542157	1.42220796889	-1.58695013631	nan	nan	nan	0.782926684899	-0.633591793045	-1.2801687471	2.35434641224	0.331103155279	-0.982365172713	0.234132732587	1.25820037667	-2.14220433986	1.1332651211	nan	-1.03689670844	3.15568097689	-0.0243348020226	0.491105328102	nan	-1.28233744472	-0.714828228643	-1.08097575538	1.77577045908	-3.01557812362
WDR74_K311	nan	nan	nan	nan	nan	nan	nan	0.412548963115	nan	nan	nan	nan	nan	nan	nan	-0.0799492084655	nan	nan	0.108598477722	nan	nan	nan	nan	nan	nan	nan	nan	nan	nan	nan	-0.316872603119	nan	nan	0.867461055085	nan	nan	nan	nan	nan	nan	nan	nan	nan	nan	nan
WHSC1_K1207	nan	nan	2.60849465191	nan	-1.34497015877	-1.76274439422	-1.37543159663	2.86184511545	nan	-1.55771700756	nan	nan	2.93566109426	nan	2.26859500751	1.79961521522	1.23774396299	nan	1.67539801693	3.70249400797	-2.02720316792	nan	-1.64341148955	nan	4.41125690278	0.822350241463	0.749706215587	nan	nan	-0.421985319581	2.14545156064	nan	-1.98378544281	2.06598193455	-1.765814631	-1.06593573544	3.23268706504	-0.804332256378	-2.16619000478	nan	-0.744448508326	nan	-0.742239403571	2.88301376032	-0.951289593271
XRCC5_K209	1.6760079454	nan	nan	nan	nan	nan	nan	nan	-0.987234938013	nan	nan	nan	nan	nan	nan	nan	nan	0.751780705537	nan	nan	nan	nan	nan	nan	nan	nan	nan	0.989999519196	nan	nan	nan	0.840001935855	nan	nan	nan	nan	nan	nan	nan	nan	nan	nan	nan	nan	nan
ZC3H8_K71	nan	nan	nan	nan	nan	nan	nan	2.29110613084	nan	nan	nan	nan	nan	nan	nan	0.888751334554	nan	nan	0.112022139148	nan	nan	nan	nan	nan	nan	nan	nan	nan	nan	nan	2.37710536883	nan	nan	4.48707348027	nan	nan	nan	nan	nan	nan	nan	nan	nan	nan	nan
ZFP91_K174	nan	-6.93245582437	-0.0961258975567	nan	nan	-1.94412119824	-1.72691140844	0.968509571564	nan	-2.21996025294	-3.03604832976	nan	1.45487171568	2.75090214963	-0.204026821086	1.11957940227	nan	nan	2.12961556475	1.69692689073	-3.27093426795	nan	-2.124332362	nan	-0.357286553683	nan	-2.66089558835	nan	-0.301883180488	nan	0.697038847229	nan	nan	2.27519072194	-2.36751036981	nan	nan	nan	nan	nan	-1.19866859898	-1.11086483823	nan	0.871474884842	-4.18857500602
ZNF518B_K482	nan	nan	nan	nan	-2.22357135803	-1.54238249681	-0.0998835837696	nan	nan	-1.22097132054	nan	nan	nan	nan	nan	nan	nan	nan	nan	nan	nan	nan	-1.2501449877	nan	nan	nan	nan	nan	nan	nan	nan	nan	-2.91551992148	nan	-1.38069843346	-1.49004801344	nan	-0.142096894055	-2.2368378389	nan	nan	nan	nan	nan	nan
ZNF644_K582	nan	-2.86166509711	-0.0367496839289	nan	nan	-1.45103231718	0.0244266999874	1.27766956601	nan	-0.703785738973	-2.56011278208	nan	0.490950501794	2.22819811705	0.214257798309	-1.07753282006	nan	nan	0.486240117847	0.886773032089	-3.02232713743	nan	-1.32275122132	nan	0.676817058187	nan	-2.35553305225	nan	0.0308712952329	nan	-0.0890634560786	nan	nan	0.662849909542	-1.48697074124	nan	nan	nan	nan	nan	-2.09096549038	-0.894887190492	nan	0.935404223402	-3.2134495734
ZYX_K272	nan	nan	nan	nan	-3.61242835894	nan	nan	0.507668660772	nan	nan	nan	nan	nan	nan	nan	-0.896494302876	nan	nan	1.48472428904	nan	nan	nan	nan	nan	nan	nan	nan	nan	nan	nan	-0.281454304957	nan	-3.38519932879	-0.60066698851	nan	-2.63292961646	nan	-2.63412379597	-2.2128595965	nan	nan	nan	nan	nan	nan
