	H1417	DMS79	H128	H209	H524	
HIST1H1D_Kme1_K35	nan	nan	nan	nan	nan	
HIST3H3_Kme1_K10	nan	nan	nan	nan	nan	
MSH6_Kme1_K1092	-1.26673203418	-1.59389906953	-0.554282822633	-0.492321551429	-1.6546013962	
HIST1H3A_Kme1_K27	-0.378391202234	0.274521962666	1.40414209598	-0.242872432718	-1.35214575101	
PIP4K2C_Kme1_K390	3.3792981674	2.40766754105	3.99689276681	1.16253069551	1.12669020661	
HIST1H1C_Kme1_K34	nan	nan	nan	nan	nan	
SSBP1_Kme1_K122	-2.20497766812	-2.41301478738	-2.06364106475	-2.12842613123	-2.64875339113	
HSPA1B_Kme1_K561	nan	nan	nan	nan	nan	
HIST2H2BE_Kme1_K21	nan	nan	nan	nan	nan	
HIST1H2BK_Kme1_K6	nan	nan	nan	nan	nan	
SLC25A4_Kme1_K52	nan	nan	nan	nan	nan	
DBNL_Kme1_K164	nan	nan	nan	nan	nan	
HIST1H2BH_Kme1_K21	nan	nan	nan	nan	nan	
HBB_Kme1_K18	-10.2186492371	-5.02935222306	-5.5889080856	-2.67121831022	-5.37884776409	
RPL29_Kme1_K5	1.2643739904	-1.15473831536	2.53769188327	-0.385828316168	-1.77800719296	
EEF1A1_Kme1_K62	nan	nan	nan	nan	nan	
H3F3A_Kme1_K36	-1.32432010002	-2.75306373591	-0.644372612921	-2.59268776274	-2.98931294181	
SLC25A3_Kme1_K112	-1.03958011614	-2.53992254637	-1.61361390321	-1.81200925533	-2.27819774309	
CAMK2A_Kme1_K300	-1.39101319907	-1.46736362189	-0.356961065005	-1.52717192315	-1.92418151648	
PTRF_Kme1_K312	-6.86614611247	-4.39048154703	-4.24933474533	-5.24901761916	-4.88770824845	
MYH9_Kme1_K1918	-2.49050080553	-1.61194510704	-0.953189232999	-2.2715194959	-3.29388912284	
HIST2H3D_Kme1_K5	nan	nan	nan	nan	nan	
HIST1H1B_Kme1_K109	nan	nan	nan	nan	nan	
HIST1H3A_Kme1_K23	0.511410579465	0.884348781853	2.78977083727	-1.35974235482	-0.215099312371	
AHNAK_Kme1_K2127	nan	nan	nan	nan	nan	
AHNAK_Kme1_K3229	-100	-4.73665330027	-4.86485793425	-4.77610440067	-5.25122652217	
CAMK2B_Kme1_K301	nan	nan	nan	nan	nan	
AHNAK_Kme1_K1205	-11.3090128102	-5.01275592567	-5.48286433218	-5.56368713247	-5.78683168912	
H1FX_Kme1_K146	nan	nan	nan	nan	nan	
HIST2H3D_Kme1_K38	nan	nan	nan	nan	nan	
HIST2H2BD_Kme1_K21	nan	nan	nan	nan	nan	
H2BFS_Kme1_K6	nan	nan	nan	nan	nan	
CDYL_Kme1_K185	-0.920259098984	-0.899988268815	0.500409829911	-0.32555435475	-1.27668438511	
WIZ_Kme1_K967	nan	nan	nan	nan	nan	
PIP4K2B_Kme1_K385	nan	nan	nan	nan	nan	
AHNAK_Kme1_K1791	-8.47241495029	-4.4948800343	-4.59213494618	-5.03099113114	-5.09138490816	
HBA2_Kme1_K12	-6.13062425749	-4.74436730966	-4.73772735983	-4.7448719238	-4.58214742676	
H3F3A_Kme1_K79	nan	nan	nan	nan	nan	
CNN3_Kme1_K158	-1.76194553786	-0.995044569025	-0.530504670491	-1.49512914473	-2.1022874611	
GCN1L1_Kme1_K1663	-1.14054418686	-0.892440794905	-0.477603823093	-1.12394777625	-1.87122314766	
SH3GLB2_Kme1_K7	-1.90399909444	-1.57586286516	-1.62831562398	-1.31906999316	-2.05784213114	
HIST2H3D_Kme1_K80	nan	nan	nan	nan	nan	
NCL_Kme1_K80	2.20818277515	0.782340046164	2.242774297	1.12080837694	0.750854089055	
NCL_Kme1_K96	1.68698109102	0.0723937405275	1.7306442448	0.607973055951	0.14791711933	
H3F3C_Kme1_K5	nan	nan	nan	nan	nan	
EEF1A2_Kme1_K55	nan	nan	nan	nan	nan	
PIP4K2A_Kme1_K375	nan	nan	nan	nan	nan	
HIST1H2BC_Kme1_K6	-1.28235584947	-1.45938793351	-0.855513037323	-1.70621683799	-1.57714071714	
AHNAK_Kme1_K1663	nan	nan	nan	nan	nan	
EFHD1_Kme1_K9	-1.5845608573	-1.12000631974	-1.18053994231	-0.734857942683	-1.89947701017	
H3F3A_Kme1_K27	-2.1402818346	-2.43787927407	-0.581306680671	-2.88889877668	-3.23473988644	
HIST1H2BJ_Kme1_K21	nan	nan	nan	nan	nan	
TPI1_Kme1_K231	-2.25804550238	-1.78007441063	-1.2404745458	-1.81243998787	-1.9567034977	
HIST1H2BC_Kme1_K21	0.889996995892	0.1351814041	1.71696285283	-0.611721859311	-0.703871998831	
SLC25A6_Kme1_K52	-0.0187410616017	-1.7053627926	0.577096536707	-0.697068390642	-0.812421464187	
AHNAK_Kme1_K4603	nan	nan	nan	nan	nan	
HIST1H3A_Kme1_K9	5.37723345276	3.73843968766	6.54871051126	2.71366099719	3.35446870411	
RPA1_Kme1_K163	0.367666994846	-0.630577969262	0.75378380656	-1.27888643494	-1.14115886825	
CAMK2D_Kme1_K301	nan	nan	nan	nan	nan	
H3F3C_Kme1_K24	nan	nan	nan	nan	nan	
HIST2H3D_Kme1_K28	nan	nan	nan	nan	nan	
HIST1H1E_Kme1_K106	nan	nan	nan	nan	nan	
HIST1H2BD_Kme1_K21	nan	nan	nan	nan	nan	
HIST3H3_Kme1_K5	nan	nan	nan	nan	nan	
HIST2H2BC_Kme1_K21	nan	nan	nan	nan	nan	
HIST1H1D_Kme1_K26	1.35487008167	-2.65558269136	2.3804624471	-1.99571122858	-0.589144915583	
HIST1H1C_Kme1_K27	1.34437767409	0.205343242272	3.84969535373	-100	-0.938362148295	
SLC25A12_Kme1_K451	nan	nan	nan	nan	nan	
H1FX_Kme1_K188	0.728121913129	-1.51494330631	2.48885707334	-1.83129398958	-0.912935669598	
AHNAK_Kme1_K2194	-100	-5.47299615796	-5.95957174801	-5.77918069689	-6.41150237969	
SCEL_Kme1_K109	-6.11932780735	-4.00176800053	-4.34019331752	-4.10833867582	-4.48112375546	
AHNAK_Kme1_K1865	nan	nan	nan	nan	nan	
EDF1_Kme1_K25	0.32500277284	-1.01268455035	-0.22950649446	-0.865076055175	-1.12153361093	
HIST1H2BJ_Kme1_K6	nan	nan	nan	nan	nan	
HIST3H2BB_Kme1_K21	nan	nan	nan	nan	nan	
HIST1H3A_Kme1_K79	-1.9447733447	-2.19248310426	-1.30074902687	-1.88711153132	-2.53027486239	
HIST1H1B_Kme1_K37	-2.19102059957	-1.92749403796	-0.18134901819	-1.98409371539	-3.15086971324	
OTUD4_Kme1_K1040	-2.29853763759	-2.32373941416	-1.82311834901	-2.25952646271	-4.37551435771	
HNRNPL_Kme1_K34	-0.192705035244	-0.80684142795	0.657695096019	-0.627880237167	-1.39532830286	
NPM1_Kme1_K223	-2.21396631709	-2.80456427494	-2.24846249197	-2.55877807114	-1.7920296788	
POLR3B_Kme1_K1013	0.369432341947	-0.901636366398	0.299038755034	-0.759152698607	-1.16538018676	
HIST2H3D_Kme1_K10	nan	nan	nan	nan	nan	
NME3_Kme1_K29	-1.31482525042	-1.66197120236	-0.458657346494	-1.19194557059	-1.47385875012	
CD2AP_Kme1_K495	-2.36275348402	-1.8487834077	-1.05417231998	-1.43753970716	-2.11587997407	
CALM3_Kme1_K116	-3.7273188163	-3.10272756161	-3.14892680059	-2.83118161451	-3.48024971608	
HIST1H4A_Kme1_K20	-0.657920510509	-1.06544641183	0.957528841387	-1.07938326243	-0.693097242544	
EZH1_Kme1_K736	-0.612331545617	-0.29614317562	-0.0498834993486	-1.06100933028	-0.962406476461	
EZH2_Kme1_K735	nan	nan	nan	nan	nan	
AHNAK_Kme1_K1999	nan	nan	nan	nan	nan	
RPL36AL_Kme1_K53	nan	nan	nan	nan	nan	
HIST1H2BK_Kme1_K21	nan	nan	nan	nan	nan	
HIST3H3_Kme1_K37	nan	nan	nan	nan	nan	
AHNAK_Kme1_K4139	-2.65058665529	-2.76686731941	-2.3168115953	-2.36461876439	-4.42993609519	
HIST1H3A_Kme1_K36	-0.128708587627	-0.966483867866	0.930896245404	-0.372258130368	-1.68561922392	
H2BFS_Kme1_K21	nan	nan	nan	nan	nan	
AHNAK_Kme1_K4529	-100	-5.00326010011	-5.69054676919	-5.31346111662	-5.75980892952	
POLR2B_Kme1_K1052	-0.166120638529	-1.19856711593	0.262730877471	-0.894448504706	-1.50382476924	
HIST2H3D_Kme1_K24	nan	nan	nan	nan	nan	
TNKS1BP1_Kme1_K1644	-1.30022706053	-1.21575871937	-0.238093294386	-1.174822888	-1.59412246902	
HSP90AB3P_Kme1_K480	nan	nan	nan	nan	nan	
ZFP91_Kme1_K174	-2.21996025294	-1.94412119824	-1.72691140844	-2.124332362	-2.36751036981	
H3F3A_Kme1_K23	nan	nan	nan	nan	nan	
SLC25A5_Kme1_K147	-1.51991251718	-1.43066947176	-1.71810249581	-1.6932737914	-1.77646100878	
HIST2H2BE_Kme1_K6	nan	nan	nan	nan	nan	
RPL5_Kme1_K164	-1.39204366032	-1.35853973964	-0.501483523886	-1.93158630798	-2.32530878689	
SLC25A5_Kme1_K52	0.480174933815	-0.391468886718	3.14446288756	0.073279048387	1.11331664875	
ZNF644_Kme1_K582	-0.703785738973	-1.45103231718	0.0244266999874	-1.32275122132	-1.48697074124	
DNM1L_Kme1_K594	0.169411356405	-0.932950073204	0.617450919134	-0.97039760545	-1.11409624218	
PIK3C3_Kme1_K287	-1.00810717011	-1.50814415707	-0.463058394775	-1.03441942866	-1.87610447658	
HIST1H2BO_Kme1_K21	nan	nan	nan	nan	nan	
CDCA2_Kme1_K119	-2.66529211328	-2.09184425199	-1.24920532922	-2.71037353262	-2.17601517475	
HIST4H4_Kme1_K21	nan	nan	nan	nan	nan	
HIST1H1D_Kme1_K107	nan	nan	nan	nan	nan	
SLC25A5_Kme1_K166	-2.10682849867	-2.47315958582	-2.26361625517	-2.48096039527	-2.68890779745	
LASP1_Kme1_K75	-2.81958315193	-2.845768586	-2.10816726441	-2.32289789004	-3.39370665399	
H3F3A_Kme1_K4	nan	nan	nan	nan	nan	
HIST3H3_Kme1_K38	nan	nan	nan	nan	nan	
HIST1H1A_Kme1_K109	nan	nan	nan	nan	nan	
NNT_Kme1_K430	-100	-5.48854308354	-5.38465836996	-4.96917866942	-5.37351510986	
H3F3A_Kme1_K9	nan	nan	nan	nan	nan	
EEF1A1_Kme1_K55	nan	nan	nan	nan	nan	
HIST1H1E_Kme1_K34	-1.54882823743	-1.30166451749	0.353962941844	-1.62054420396	-1.59897322143	
WHSC1_Kme1_K1207	-1.55771700756	-1.76274439422	-1.37543159663	-1.64341148955	-1.765814631	
SMARCC2_Kme1_K592	1.94264534807	-3.48814428249	0.830526642392	1.31968954099	1.14934826471	
PRPF3_Kme1_K361	1.43220977442	0.381196700459	2.30010868204	-0.421661318238	0.342386948327	
ASH2L_Kme1_K301	nan	nan	nan	nan	nan	
HIST1H1E_Kme1_K32	1.19347481442	-1.82497592234	3.1206363464	-100	-1.26328094841	
EEF1A1_Kme1_K172	nan	nan	nan	nan	nan	
HMGB1_Kme1_K128	nan	nan	nan	nan	nan	
HIST1H3A_Kme1_K37	0.256192978099	-0.68724521145	1.23977290218	-0.0657273247329	-1.20732770422	
HIST1H1C_Kme1_K106	nan	nan	nan	nan	nan	
HMGB1_Kme1_K173	nan	nan	nan	nan	nan	
HIST1H2BN_Kme1_K21	nan	nan	nan	nan	nan	
KMT2A_Kme1_K623	0.0286741632388	-0.580978722119	0.212129591562	-1.07468526577	-1.28447987387	
HIST1H2BL_Kme1_K21	nan	nan	nan	nan	nan	
CEP170_Kme1_K1077	-0.822902646829	-0.287105542769	-0.110289301268	-0.597472717745	-1.23633607001	
RPL36A_Kme1_K53	-1.91402402635	-2.85192700042	-1.01632927154	-2.42193687223	-2.98725428148	
ZNF518B_Kme1_K482	-1.22097132054	-1.54238249681	-0.0998835837696	-1.2501449877	-1.38069843346	
HTATSF1_Kme1_K234	0.577662544152	1.47016084221	1.33240538931	0.448146699574	0.582027927794	
HIST2H3D_Kme1_K37	nan	nan	nan	nan	nan	
H3F3C_Kme1_K10	nan	nan	nan	nan	nan	
PARP1_Kme1_K654	-0.610558512977	-0.121771082672	0.0809538465318	-0.581380034851	-0.977827625667	
UBE2K_Kme1_K18	-0.561437862265	-0.911709078355	-0.281782233462	-0.405394890725	-1.10447600822	
AKAP13_Kme1_K1670	-3.3806023339	-4.77102721503	-2.96864895723	-4.32703275925	-3.9258800026	
EEF1A1_Kme1_K165	nan	nan	nan	nan	nan	
HIST1H1E_Kme1_K26	1.7715635885	-1.44076329691	4.14905057661	-100	0.399470024084	
PHF10_Kme1_K206	-0.0564474080873	-0.598526975375	0.566788134479	-0.39055221165	-0.697267708424	
AHNAK_Kme1_K1932	nan	nan	nan	nan	nan	
CALML3_Kme1_K116	-1.91306752536	2.05291190702	-2.90320868124	-1.28269089525	-1.68517141177	
CAMK2G_Kme1_K301	-1.57886179744	-1.31685524875	-0.88662329495	-1.3587655445	-1.82354259563	
HIST1H1B_Kme1_K27	5.0634556937	2.83201348329	5.71642347895	1.32348997893	0.98326011737	
BIRC6_Kme1_K1250	-0.747803757636	-1.08539649331	0.0974601790249	-0.894628581345	-1.40091581584	
HIST3H3_Kme1_K28	nan	nan	nan	nan	nan	
RASAL1_Kme1_K399	-1.03762521858	-0.0292768542738	-0.854170613643	-0.0723219725662	-1.8793360465	
AHNAK_Kme1_K1333	-5.75021005294	-4.01193197746	-3.68178059874	-4.04349075983	-4.4067519181	
AHNAK_Kme1_K4859	-100	-5.0304474604	-5.80265569796	-4.50763868836	-5.26303139336	
SARG_Kme1_K480	-3.35810122758	-2.66338427572	-2.44575419147	-2.96640532658	-3.22513514569	
HIST1H3A_Kme1_K4	6.77438839453	3.17669430354	6.95783054911	3.63966749332	4.19168671952	
EEF2_Kme1_K407	0.587656087092	-0.67227103812	0.932510232214	-0.266874321902	-0.221479123098	
HIST3H3_Kme1_K80	nan	nan	nan	nan	nan	
EEF1A2_Kme1_K62	nan	nan	nan	nan	nan	
AHNAK_Kme1_K3681	-5.71892604112	-3.98238504062	-3.99239925133	-4.33537845796	-4.16322155635	
NCL_Kme1_K71	1.77425451731	0.198369095601	1.62422726873	0.570716117913	0.179221708847	
RALGAPA2_Kme1_K679	0.922469688127	-2.01727556613	0.291427671526	-0.858971495364	-1.76987874876	
RECQL_Kme1_K313	-1.24612940695	-2.2238377317	-0.832362144276	-1.88380006134	-2.31211290925	
UBE2C_Kme1_K18	0.279488009857	0.167089225456	1.7197362507	-1.30103058908	-0.131252296945	
WIZ_Kme1_K1139	nan	nan	nan	nan	nan	
