	H2228	H3122	HCC78	H661	H1781	
H2BFS_AcK_K16	nan	nan	nan	nan	nan	
GSN_AcK_K661	0.753925894449	0.439369173385	-0.134584488765	3.57919566726	0.910591110932	
HIST1H2BD_AcK_K16	nan	nan	nan	nan	nan	
EP300_AcK_K1546	nan	nan	nan	nan	nan	
HIST1H3A_AcK_K79	-1.81202159918	-1.74265580257	-3.14467985566	1.95740528598	-1.82498671108	
STMN4_AcK_K97	nan	nan	nan	nan	nan	
DBI_AcK_K55	-3.19632176224	-2.9541467864	-2.73061846075	0.812394670008	-2.42081753399	
NOLC1_AcK_K415	0.346506049085	1.25752294786	-0.0743420848845	4.33337249502	1.39660926388	
FAH_AcK_K241	0.0108827340051	-3.08360389285	-2.71819043715	-0.362974055072	-2.72049435215	
WDR1_AcK_K115	-0.449620049293	-2.96180154303	-1.99797003242	1.20519653542	-1.3876351257	
HIST1H2BM_AcK_K13	nan	nan	nan	nan	nan	
WDR70_AcK_K509	1.23966883965	0.636801087549	-0.0898413646595	3.24615834529	0.953279183747	
HIST4H4_AcK_K92	nan	nan	nan	nan	nan	
HIST3H3_AcK_K80	nan	nan	nan	nan	nan	
WBP11_AcK_K13	-0.415301227737	-0.363166007286	-1.24038308757	2.71361926477	-0.596435451672	
HIST2H2BD_AcK_K17	nan	nan	nan	nan	nan	
KHSRP_AcK_K266	-1.50113704658	-1.10453510657	-2.15090920765	1.42737089155	-1.18964232552	
KRT79_AcK_K159	nan	nan	nan	nan	nan	
HIST1H2BO_AcK_K13	nan	nan	nan	nan	nan	
ALB_AcK_K426	-3.71303543358	-3.25269591314	-3.96309380165	-0.504006921937	-3.31177112638	
NNT_AcK_K394	-0.839863001114	-1.76237338369	-1.95496492468	0.501655081022	-1.29415222038	
TUBA1B_AcK_K352	nan	nan	nan	nan	nan	
A2M_AcK_K1162	-0.155152417528	-0.85030339454	-0.936532423438	2.24482563922	-0.982433243394	
SDHA_AcK_K624	-1.3926573731	-1.07087446216	-2.74523804416	3.4289390501	-1.37975932287	
DDX5_AcK_K501	2.00377058535	2.10334671892	1.74389081175	4.64223112879	1.81729244334	
ALB_AcK_K460	-100	-5.17680580455	-5.09607529127	-1.90975896369	-4.79899784847	
HIST2H2AC_AcK_K6	nan	nan	nan	nan	nan	
NUCKS1_AcK_K188	0.762419129947	0.538227820167	-0.342500634077	3.23285661735	1.6638419687	
LMNB1_AcK_K379	nan	nan	nan	nan	nan	
ALB_AcK_K257	-4.67036204858	-3.91623991096	-4.36183340398	-1.00590254497	-3.94178111302	
CBR1_AcK_K211	1.32855319311	-1.05954299697	-1.32387208879	2.03653193955	0.086905719176	
TARDBP_AcK_K84	-1.80304787275	-2.1223307719	-3.89522054043	6.09494246198	-100	
HLA-C_AcK_K267	nan	nan	nan	nan	nan	
EEF1D_AcK_K15	1.01922189757	0.101980598673	-0.47481644373	2.78180334014	0.783967114402	
PHB2_AcK_K89	-0.116974783817	-0.763727623393	-1.46642758685	1.44914963974	-0.697062122785	
HIST2H2AA3_AcK_K10	nan	nan	nan	nan	nan	
HIST1H2AD_AcK_K10	nan	nan	nan	nan	nan	
NUDT9_AcK_K329	-0.368762114847	-0.700631077994	-0.986768524763	1.82301714809	-0.927739322211	
HIST1H2BL_AcK_K121	nan	nan	nan	nan	nan	
NAP1L2_AcK_K260	1.40490171008	-100	-3.18198330839	0.376432869558	-2.19687726709	
HIST1H2BC_AcK_K13	nan	nan	nan	nan	nan	
ACTA2_AcK_K330	nan	nan	nan	nan	nan	
HIST1H2BL_AcK_K16	nan	nan	nan	nan	nan	
PHF20L1_AcK_K737	-0.0333841274454	-0.263342726257	-0.998713433053	2.06881096208	-0.198876304714	
HIST1H2BN_AcK_K12	nan	nan	nan	nan	nan	
VCP_AcK_K754	-1.62031839232	-1.91109392128	-1.99929150005	1.86878676191	-1.39321159441	
CREBBP_AcK_K1588	nan	nan	nan	nan	nan	
OTUD7B_AcK_K505	0.0368387083913	-0.0902788784072	-0.881566897431	2.62795831242	1.13277922392	
GSTM1_AcK_K32	-1.20654248702	-1.71656417871	-5.04530204105	5.38969678111	-2.85897663352	
HIST3H3_AcK_K10	nan	nan	nan	nan	nan	
JADE2_AcK_K38	nan	nan	nan	nan	nan	
EEF1A2_AcK_K30	nan	nan	nan	nan	nan	
HIST1H4G_AcK_K13	nan	nan	nan	nan	nan	
TUBA4A_AcK_K352	1.1637056814	-1.43011165489	-1.58390019059	1.93302898511	-0.459826787256	
HIST1H2BK_AcK_K12	0.953583660767	0.388147842678	-0.814114975612	3.17979907372	1.36332600947	
HIST1H2BB_AcK_K11	nan	nan	nan	nan	nan	
TUBA3E_AcK_K311	nan	nan	nan	nan	nan	
KRT8_AcK_K11	-0.430303275935	2.08502571477	-0.427357254269	1.24110686066	1.77399446237	
EEF2_AcK_K857	-2.0904705145	-2.9392795794	-2.45329238727	0.471681347398	-2.27833101793	
HIST1H1E_AcK_K106	-0.372514028182	-0.797744320219	-1.17375141631	2.38802263975	-0.984619508612	
EZR_AcK_K60	-0.770263690792	-0.290122905452	-0.116191459322	1.36098591629	-0.127399168549	
CFL1_AcK_K114	0.264947210902	0.0537297501834	-0.104102968914	2.76929988749	0.523740533598	
CTTN_AcK_K235	-1.00887721202	0.896938566233	-1.14371950727	0.805910762182	-0.970695299197	
RPS3_AcK_K108	-0.313174324916	-1.61380849691	-1.74621186086	1.72838875708	-1.74692726116	
EEF1A1_AcK_K36	nan	nan	nan	nan	nan	
ATP5B_AcK_K522	-1.49634140525	-1.7560853268	-2.28481664037	0.491276802277	-1.72334321381	
EEF1A1_AcK_K386	1.04087272394	0.609937573885	0.240500773355	4.05176368883	0.820320964635	
HIST1H2BB_AcK_K12	nan	nan	nan	nan	nan	
NBN_AcK_K544	-0.118070559574	-0.46692019926	-0.356761749699	2.81339701809	0.619144983367	
NAT10_AcK_K426	0.0740935127425	0.496653041099	-1.0390598639	3.03715176475	-0.784095525867	
MRE11A_AcK_K609	1.09496815397	0.724712254493	0.650609133943	2.98439258217	1.13545779553	
KRT75_AcK_K159	nan	nan	nan	nan	nan	
ECH1_AcK_K231	-1.0442009131	-1.74991154111	-2.12733990825	1.92101479161	-1.06295308008	
PCNP_AcK_K152	-0.326981905131	0.789589025551	0.309107089489	3.71159568442	1.45922069259	
PSMA7_AcK_K52	0.287732295149	-0.518205068967	-0.933733335879	1.90483226935	-0.382843312102	
HIST1H2AI_AcK_K5	nan	nan	nan	nan	nan	
RPL26L1_AcK_K77	-1.18776329171	-0.679649454597	-1.92588719223	2.4422636493	-1.82310525581	
CREBBP_AcK_K1741	-0.373253042563	0.139041907901	-1.46806600344	2.53094621151	0.786881334667	
H2AFX_AcK_K9	nan	nan	nan	nan	nan	
TUBA8_AcK_K311	nan	nan	nan	nan	nan	
KRT3_AcK_K208	nan	nan	nan	nan	nan	
MYC_AcK_K148	-0.536897605201	0.605661873478	-0.805591877645	2.39379477661	-0.396265329875	
PNPT1_AcK_K250	-1.90407354842	-2.26163566054	-3.15567484645	0.224088442259	-2.32062854371	
FH_AcK_K80	-1.4382371393	-2.18508289048	-2.1838241633	0.485397499947	-1.62686364908	
HNRNPU_AcK_K565	0.204201832878	0.0732934167871	0.808798894548	3.65560940137	0.441462258075	
NCBP2_AcK_K151	-0.489248087534	-0.0384485578165	-0.934510810136	3.89425313897	0.28967565347	
HIST2H3D_AcK_K5	nan	nan	nan	nan	nan	
ALDOC_AcK_K147	nan	nan	nan	nan	nan	
ASPN_AcK_K137	-100	-5.00245219677	-5.56664941534	-3.05911862199	-5.10015653349	
ACAA2_AcK_K137	-0.363322548352	-2.77854610095	-2.77225127323	0.318131634149	-1.12440558931	
HIST1H2BK_AcK_K17	nan	nan	nan	nan	nan	
EEF1A2_AcK_K36	nan	nan	nan	nan	nan	
CYFIP2_AcK_K189	nan	nan	nan	nan	nan	
HIST1H4A_AcK_K8	-0.474776301875	-0.459634585192	-2.59419404752	1.995702696	-1.17293443005	
ACTB_AcK_K328	-4.43099016829	-3.32163279367	-3.11819271503	-0.253064984278	-3.28425738124	
ACTBL2_AcK_K329	nan	nan	nan	nan	nan	
RBM22_AcK_K416	-0.450523163065	-0.202817611144	-1.46266393121	2.30057109654	-0.563853892753	
ACTA1_AcK_K330	nan	nan	nan	nan	nan	
PKM_AcK_K266	-1.18983188416	-2.14365004045	-2.76597945873	0.0120025430183	-2.88765926426	
HNRNPA1L2_AcK_K52	nan	nan	nan	nan	nan	
ECI2_AcK_K359	-0.747639447123	-1.37467059215	-1.95225092697	1.80975108102	-0.780777119109	
RBM4B_AcK_K139	-1.6955465675	-0.833474686951	-1.68361349628	1.63415345594	-0.372263391725	
CLU_AcK_K123	-100	-5.40565383132	-5.69641684474	-3.01077049982	-5.1227802727	
HMGB2_AcK_K182	0.956060920149	-0.0352793532124	-0.146015330158	2.63258231364	0.708550733718	
SYNCRIP_AcK_K576	nan	nan	nan	nan	nan	
ENO1_AcK_K193	-0.222017639289	0.0984563547435	-1.30231094646	1.08259749399	-0.286200847533	
ZYX_AcK_K279	-0.806419742433	-1.03262724894	-2.06335777077	1.89037529479	-0.259755286871	
CT45A8_AcK_K140	nan	nan	nan	nan	nan	
TUBA1C_AcK_K394	nan	nan	nan	nan	nan	
HIST4H4_AcK_K17	nan	nan	nan	nan	nan	
HIST1H1D_AcK_K107	nan	nan	nan	nan	nan	
KRT77_AcK_K181	nan	nan	nan	nan	nan	
ALB_AcK_K499	-0.867648251237	-1.81350180699	-1.55174383957	1.05200238269	-0.927259285767	
APCS_AcK_K162	-5.00321623166	-4.60556992237	-5.31142411404	-2.09325368704	-4.45261007618	
NPM1_AcK_K157	2.18115312897	2.71475215679	2.01142850385	4.22496356183	2.45464104311	
BGN_AcK_K209	-2.79018715533	-3.34852044088	-3.21082308477	-0.135109980728	-2.844524786	
KRT6B_AcK_K180	nan	nan	nan	nan	nan	
JADE2_AcK_K32	nan	nan	nan	nan	nan	
DLD_AcK_K273	-2.70068909609	-2.12468313257	-2.71944857247	-0.303353860654	-1.18320779435	
DOCK6_AcK_K1871	-0.086876197038	-0.188970216352	-0.789034720628	2.60787645162	-0.188042437385	
APRT_AcK_K167	-1.35569283673	-2.13758087713	-0.868496631681	1.46041011681	-1.00206175043	
DCN_AcK_K280	-0.473161675018	-1.55324363942	-1.96173061414	1.93976536049	0.0344780328666	
HSP90AA5P_AcK_K252	nan	nan	nan	nan	nan	
KRT6B_AcK_K173	nan	nan	nan	nan	nan	
HIST1H2AE_AcK_K6	nan	nan	nan	nan	nan	
KRT3_AcK_K215	nan	nan	nan	nan	nan	
HIST2H2BC_AcK_K21	nan	nan	nan	nan	nan	
SLC25A24_AcK_K336	-1.29886655909	-2.85478647461	-2.79349596755	-0.0882405358946	-1.92642693375	
TNPO3_AcK_K594	-1.07753435893	-1.17238312068	-1.65934591291	1.46165660951	-0.872104306252	
LAMA5_AcK_K3099	-2.68255875975	-3.30077988558	-3.67368198782	0.465665620237	-2.93175029133	
KANSL1_AcK_K180	-0.627494042415	0.517519751676	-0.281202812906	2.51661892783	0.457282886923	
TPI1_AcK_K225	-1.29932147609	-1.66702160931	-1.63407163132	1.51472617209	-1.52365188819	
HIST1H2BB_AcK_K15	nan	nan	nan	nan	nan	
CTTN_AcK_K87	-0.823056304968	-0.708432956946	-1.31259659242	1.19403409292	-0.84670296501	
H2BFS_AcK_K17	nan	nan	nan	nan	nan	
TUBA4A_AcK_K311	nan	nan	nan	nan	nan	
MEAF6_AcK_K74	3.35464051211	3.36251353687	2.98733088271	4.46526739824	3.10593956284	
FAM49B_AcK_K207	-1.73554484645	-1.22066110395	-2.31964438355	2.98575927582	-1.42596563458	
HBD_AcK_K145	nan	nan	nan	nan	nan	
ENSA_AcK_K114	-0.848587898325	-0.0144860623278	-1.63839327026	1.74538539036	-0.219428236109	
RALY_AcK_K165	-0.236932413274	0.0701662742547	-0.858187565339	2.94274044034	0.493674399488	
KRT72_AcK_K142	nan	nan	nan	nan	nan	
C12orf10_AcK_K40	-1.1216633052	-0.8690558156	-2.52259001191	2.05866214633	-0.381716327252	
CT45A5_AcK_K140	nan	nan	nan	nan	nan	
GSTM2_AcK_K32	nan	nan	nan	nan	nan	
KAT6A_AcK_K415	-0.813694707075	-1.19736130963	-1.61867599966	2.20198777735	-1.11315682102	
SUV420H1_AcK_K20	-0.55354358207	0.320106708391	-2.23120736735	1.62404986838	-0.805381171443	
PPAT_AcK_K372	0.22608749037	-0.139819146298	-1.76949361139	3.93936844479	-0.440751614571	
HIST1H2BN_AcK_K21	nan	nan	nan	nan	nan	
HIST1H2BK_AcK_K121	-1.30749950757	-2.44259388779	-3.19428463346	0.750792098531	-2.07561748935	
UBA52_AcK_K88	-1.50817158147	-1.01688964477	-2.2458832427	1.65696214085	-1.47811010099	
PSMC3_AcK_K372	-1.17329348013	-1.14415794222	-100	4.80427713004	-100	
HIST1H2BC_AcK_K12	nan	nan	nan	nan	nan	
HIST1H2BO_AcK_K21	nan	nan	nan	nan	nan	
VIM_AcK_K294	-0.794733934925	-2.73509111564	-3.07904444385	2.14669354848	-2.39520787397	
PSMA2_AcK_K92	-0.267433551629	-0.230044966822	-0.743860648593	2.69971165762	0.0485245177678	
HSPA4_AcK_K560	-1.45320786072	-1.47261588587	-2.69378575473	3.59204534059	-1.55158444675	
VDAC3_AcK_K63	-1.20550341744	-1.86986400452	-1.35489782132	1.70013312665	-2.07177548014	
THOC7_AcK_K36	-1.34035969685	-1.99639407703	-2.23921596057	1.7515262171	-1.34129842317	
BGN_AcK_K288	-2.4154625066	-2.37648238778	-2.83797190798	0.660235781461	-1.9583095273	
HIST1H2BL_AcK_K21	nan	nan	nan	nan	nan	
TKT_AcK_K543	-0.83154506045	-1.6917031967	-1.94415026863	1.400737399	-1.28351577193	
LRRC59_AcK_K73	-0.427314222188	-0.61960783486	-1.29517588089	2.15353746599	-0.500811403569	
HIST2H2BE_AcK_K12	nan	nan	nan	nan	nan	
TIMP3_AcK_K68	-100	-4.63794013862	-5.04413013308	-1.16956942488	-4.35613510199	
KHSRP_AcK_K109	2.25321917966	-0.837750492272	-0.967440476353	2.70631552602	0.43718535278	
RPL4_AcK_K259	-1.63714729803	-1.40995906997	-2.32620833118	1.31078003533	-1.85530376274	
SLC25A5_AcK_K33	nan	nan	nan	nan	nan	
YWHAG_AcK_K50	nan	nan	nan	nan	nan	
RBM4_AcK_K139	nan	nan	nan	nan	nan	
LBR_AcK_K601	-0.649557541897	-0.679505243723	-0.183299650606	2.97710734823	-0.833503903417	
KRT76_AcK_K200	nan	nan	nan	nan	nan	
VDAC2_AcK_K39	-0.200869784166	-1.46099250875	-1.32833268704	1.53807929578	-0.961062765252	
MOB4_AcK_K140	-1.34596292665	-1.08454828641	-2.01633072328	2.72239349011	-1.43664442769	
TPM3_AcK_K249	-3.07712403627	-3.54764698227	-3.18498362926	-0.272931571844	-2.87127633488	
HIST1H2BK_AcK_K21	1.16019694328	1.21981397237	-0.0135323450308	3.85474940335	1.78643792439	
HBB_AcK_K83	-2.13322461549	-3.10050649706	-3.56826293956	0.67531453476	-2.61031607729	
KRT7_AcK_K101	nan	nan	nan	nan	nan	
HIST1H2BM_AcK_K121	nan	nan	nan	nan	nan	
NPM1_AcK_K229	1.78668085973	1.50519126598	-0.00880296508991	3.95199363065	1.32201947191	
HSP90AA1_AcK_K457	nan	nan	nan	nan	nan	
HIST3H2BB_AcK_K16	nan	nan	nan	nan	nan	
NAMPT_AcK_K48	2.07980443588	-0.884270752097	-1.49826795356	1.8159557624	-0.137254593491	
HADHA_AcK_K214	-2.72944537723	-3.4729600377	-3.42737708571	-0.144673106561	-2.60592001614	
HDAC2_AcK_K51	0.0793180398845	-0.828420321786	-3.15933556088	4.59233511361	-1.15445992041	
GAPDH_AcK_K117	-0.86103739621	-1.51232915347	-1.79931224805	0.891033300057	-1.21074911454	
KMT2C_AcK_K1772	-1.15232320633	-1.20365153326	-2.07833956317	1.26192045239	-0.740102980533	
EXOC5_AcK_K297	-2.02804752417	-1.97597250982	-4.24518956282	3.35991138484	-2.72891286553	
HIST1H2BC_AcK_K16	nan	nan	nan	nan	nan	
HIST1H2AH_AcK_K6	nan	nan	nan	nan	nan	
EEF1G_AcK_K401	-0.485918024431	-1.22012587551	-1.12812359561	2.14227795809	-0.957941092921	
VDAC3_AcK_K96	-1.22351920341	-1.80418875841	-1.80174869369	1.63654343046	-2.36407745655	
HIST1H2BD_AcK_K13	nan	nan	nan	nan	nan	
KRT7_AcK_K331	-0.00423572769696	0.180959874597	-0.0019590629182	1.19268512387	-0.924621324724	
LDHA_AcK_K126	1.11098315682	-1.66391544427	-0.407881254197	1.50027178493	-1.12529062222	
GAPDH_AcK_K227	0.294019955944	-0.734350156024	-0.347452092204	1.63545592099	-0.373229957869	
PGK1_AcK_K291	-0.450381580775	-2.0826266202	-1.25854654644	1.69602088006	-1.07882629452	
TUBA3C_AcK_K311	nan	nan	nan	nan	nan	
HIST1H2BJ_AcK_K21	nan	nan	nan	nan	nan	
HBA2_AcK_K17	-1.47283166692	-2.30804911851	-2.23116701588	0.27702158106	-2.09144068251	
KRT6C_AcK_K173	nan	nan	nan	nan	nan	
HNRNPK_AcK_K34	0.490130420132	0.105252563127	-1.36933765471	2.48404311027	0.426602594606	
PRDX1_AcK_K27	-1.1220238383	-0.384136666525	-1.26947501018	1.69477234829	-0.477976162403	
TALDO1_AcK_K314	-1.7921560863	-2.15873254515	-3.1667051373	0.178959494491	-2.20842694641	
H3F3A_AcK_K14	nan	nan	nan	nan	nan	
HSP90Bf_AcK_K230	nan	nan	nan	nan	nan	
PDPK1_AcK_K304	0.219135606543	0.581173663617	-0.154793920356	2.03173460724	1.42150937211	
COL8A1_AcK_K637	-3.74017998682	-3.75675188395	-4.29918742701	-0.175903694258	-3.48180645677	
FASN_AcK_K1704	-3.27749400676	-1.8023549254	-2.46377323636	0.155983228333	-1.4520358978	
H2BFS_AcK_K21	nan	nan	nan	nan	nan	
MYH11_AcK_K78	nan	nan	nan	nan	nan	
RTCB_AcK_K496	-0.362949141066	0.283176342328	-0.66322520785	3.44374214217	-0.0870236065072	
DSTN_AcK_K114	nan	nan	nan	nan	nan	
HIST2H3D_AcK_K10	nan	nan	nan	nan	nan	
NQO1_AcK_K77	0.563342302728	-1.22298264146	-2.34825869825	0.765675671767	-0.563450726283	
G6PD_AcK_K97	0.582929197973	-0.375898448072	-0.46639555228	2.02760192275	-0.0201427528807	
HIST1H2BM_AcK_K16	nan	nan	nan	nan	nan	
KRT79_AcK_K152	nan	nan	nan	nan	nan	
CCT2_AcK_K284	-0.292316138934	-1.41840357609	-1.54964751901	1.51120504133	-1.19385125578	
HIST1H2BH_AcK_K16	nan	nan	nan	nan	nan	
YWHAH_AcK_K50	nan	nan	nan	nan	nan	
HIST2H2BE_AcK_K121	nan	nan	nan	nan	nan	
IDH2_AcK_K384	-1.93334258202	-1.74622917762	-2.38572995287	1.00647173914	-1.93696490536	
RAC1_AcK_K153	-1.06532245316	-1.3874062569	-1.83127931967	1.57376169606	-1.37745311845	
HIST1H2AJ_AcK_K6	nan	nan	nan	nan	nan	
RPS29_AcK_K13	0.55101832517	0.0578193028024	-0.602959689051	2.75193465027	-0.0848100294462	
HMGB2_AcK_K12	nan	nan	nan	nan	nan	
HSPA8_AcK_K524	-0.0180462097293	-0.583880273531	-100	6.11212542545	-2.56105613831	
KRT6A_AcK_K173	nan	nan	nan	nan	nan	
H2BFS_AcK_K121	nan	nan	nan	nan	nan	
TMSB4X_AcK_K12	nan	nan	nan	nan	nan	
MFAP4_AcK_K100	-6.85215358412	-5.29844589594	-6.19959362915	-0.774587484151	-5.40564801658	
MYH9_AcK_K1793	-1.90498153175	-2.14320961733	-6.14342467532	4.03580246669	-4.19569744617	
HSP90B1_AcK_K597	0.712846954077	-0.0421046479664	-0.965147533506	2.66479963393	0.604888097905	
SLC9A3R1_AcK_K34	-0.192034995392	-0.289288310896	-0.682208495344	1.98463612199	0.192231252788	
CTTN_AcK_K272	1.14825130335	2.69444080401	0.0766178891039	2.13085835638	0.135154527389	
CPNE1_AcK_K171	-1.4682943831	-0.838771722426	-2.35747246428	2.43201505476	-0.957425582826	
HIST1H2AH_AcK_K10	nan	nan	nan	nan	nan	
HIST1H2BH_AcK_K21	nan	nan	nan	nan	nan	
SP3_AcK_K593	-0.662617732342	0.0738144301377	-1.26675806698	3.09697718623	0.184052805523	
SP100_AcK_K733	nan	nan	nan	nan	nan	
DHX15_AcK_K786	-0.189498068258	-0.330462344006	-0.969121009626	2.15767197637	0.0779465212612	
KRT4_AcK_K168	nan	nan	nan	nan	nan	
H3F3C_AcK_K19	nan	nan	nan	nan	nan	
TPI1_AcK_K92	-1.02708222625	-1.9162642937	-1.78917669163	0.607010391128	-2.02080642077	
HIST3H3_AcK_K5	nan	nan	nan	nan	nan	
HIST2H2BD_AcK_K16	nan	nan	nan	nan	nan	
CREBBP_AcK_K1595	nan	nan	nan	nan	nan	
PRPH_AcK_K398	nan	nan	nan	nan	nan	
UBN2_AcK_K1148	-0.96975135369	0.742434707809	-1.15128524375	1.98160735135	1.73804370561	
PYCR1_AcK_K215	-0.0174280173145	-0.230147962889	-1.51006514671	2.08467083225	0.408493249894	
SMC3_AcK_K105	0.858894210394	-1.99905552869	-0.196265173529	3.19129655142	1.57089015721	
H3F3C_AcK_K10	nan	nan	nan	nan	nan	
KRT5_AcK_K178	nan	nan	nan	nan	nan	
RBM25_AcK_K283	-1.4271428105	-1.03910788584	-1.64187875944	2.49496055538	-0.483027011963	
HIST1H4A_AcK_K91	-2.18419238641	-2.25761213061	-3.37799576908	1.55451855807	-2.66460392876	
IGHG4_AcK_K202	nan	nan	nan	nan	nan	
HIST1H4G_AcK_K6	nan	nan	nan	nan	nan	
SLC25A6_AcK_K92	-0.795517851623	-0.704129341234	-0.822129747543	2.15913381246	-1.1629443138	
BRPF3_AcK_K322	nan	nan	nan	nan	nan	
HIST1H2BD_AcK_K121	nan	nan	nan	nan	nan	
HIST1H3A_AcK_K4	-0.0504228322257	-0.197335597775	-1.76175366224	1.03368856471	-2.4491849277	
NNT_AcK_K100	-1.82334589935	-2.59629547111	-2.77523834348	0.327703058282	-2.57100146549	
NPM1_AcK_K267	1.27795510728	2.19003930349	0.43943164382	4.21051436988	2.03221215182	
TPR_AcK_K748	1.10866852376	0.102168746726	-0.15576729179	1.28781325023	-0.303475845375	
NUCKS1_AcK_K35	2.11687068004	1.13645981564	0.351334618335	4.4065952517	3.6980967381	
PRDX2_AcK_K29	-5.17216427611	-4.22671868647	-4.21203953794	-2.04089160998	-4.62362951248	
MYH10_AcK_K1649	nan	nan	nan	nan	nan	
HIST2H2BF_AcK_K13	nan	nan	nan	nan	nan	
RPS8_AcK_K128	1.59162301352	-1.00098125723	0.581986775334	3.16581039924	-0.749881837925	
HIST1H2BJ_AcK_K17	nan	nan	nan	nan	nan	
H2AFV_AcK_K5	nan	nan	nan	nan	nan	
CSNK1G1_AcK_K49	-1.41052843682	-0.879480447313	-1.05219551993	2.51700440619	-0.824364540725	
ACTG1_AcK_K328	nan	nan	nan	nan	nan	
YWHAZ_AcK_K11	0.0772964094945	0.272800710418	-0.43214136958	3.34590444847	0.710934502294	
HIST1H2BD_AcK_K21	nan	nan	nan	nan	nan	
HBD_AcK_K83	nan	nan	nan	nan	nan	
KRT8_AcK_K393	nan	nan	nan	nan	nan	
HNRNPM_AcK_K48	0.238023376214	-0.598684524979	-0.883370314599	2.56740970586	-0.165055717995	
HIST1H2AE_AcK_K10	nan	nan	nan	nan	nan	
CT45A9_AcK_K140	nan	nan	nan	nan	nan	
ENO1_AcK_K406	-0.134061611758	-0.668765627237	-1.54300496906	1.58017488737	-0.359976075441	
HIST1H2BN_AcK_K121	nan	nan	nan	nan	nan	
FASN_AcK_K1582	-1.14375127246	1.15183770112	-0.397788287965	1.51405911953	2.05742586326	
YWHAZ_AcK_K49	-1.97962845154	-1.74475746853	-2.58752389991	1.28254848171	-2.18762192253	
ALB_AcK_K598	-5.60206041521	-5.4666979708	-6.36500236299	-1.80494992247	-5.40036968367	
RUNX1_AcK_K43	-0.229878262704	-0.838359620436	-1.33665008877	2.47085711083	-0.465042438032	
COL6A3_AcK_K228	-100	-5.32281069619	-6.07838114546	-0.329218297446	-5.22833705609	
FLNA_AcK_K906	-2.37398517809	-2.87213503018	-2.12157055532	0.575087754024	-2.1744532151	
AHCY_AcK_K408	-2.95469797719	-1.42699147673	-2.49282597198	2.09725320174	-1.14098033964	
CCT7_AcK_K67	-1.2699325018	-1.8493123896	-1.95812242291	1.1836896003	-1.23316543327	
ZC3H14_AcK_K728	-0.971198599092	-1.24673863764	-1.28807382623	2.41014960513	-0.87524016004	
CBLL1_AcK_K29	-0.439711475996	0.498811365493	-0.63650850767	2.91914828953	1.09648601513	
SHMT2_AcK_K464	0.647833945838	0.152056371557	0.799432194993	2.62654852279	1.90740202479	
TUBA1B_AcK_K394	nan	nan	nan	nan	nan	
HIST4H4_AcK_K13	nan	nan	nan	nan	nan	
CSNK1G3_AcK_K48	nan	nan	nan	nan	nan	
KRT2_AcK_K188	nan	nan	nan	nan	nan	
CT45A3_AcK_K140	nan	nan	nan	nan	nan	
ALB_AcK_K549	nan	nan	nan	nan	nan	
HIST2H2BC_AcK_K17	nan	nan	nan	nan	nan	
THOC5_AcK_K24	0.651859289591	1.61720255873	-0.286866801311	4.09213149493	1.70700700165	
ACOT9_AcK_K103	-1.50166839125	-3.88572326878	-2.20414694853	-0.602884319509	-2.89236701133	
PRKDC_AcK_K3631	0.119368821957	-0.281858174387	-0.766676918937	3.03000480784	-0.727535199298	
LMNA_AcK_K171	-1.06748790186	-2.29709878395	-1.92627924197	0.145216398473	-1.82721418392	
HIST2H2BE_AcK_K21	nan	nan	nan	nan	nan	
ACAT2_AcK_K170	-2.02405351685	-1.33971689872	-2.15173191258	1.50901879692	-0.0638134706431	
GAPDH_AcK_K5	-0.207701683852	-0.903819185869	-1.2612083494	1.9262361345	-0.528345803893	
KRT4_AcK_K26	-0.0197778256722	-2.05089240794	-2.98141315726	1.68141307423	2.30120991855	
HIST2H2BE_AcK_K17	nan	nan	nan	nan	nan	
TUBA3C_AcK_K394	nan	nan	nan	nan	nan	
NPM1_AcK_K141	0.64374663547	1.22069035482	0.449640998742	3.44173229718	0.745464335966	
HIST1H2AA_AcK_K9	nan	nan	nan	nan	nan	
VDAC2_AcK_K74	-0.401433647561	-0.549843018726	-0.556175058573	2.09830614144	-0.0740568707987	
IDH1_AcK_K81	-0.983243347197	-1.9534057726	-0.451442575215	1.10011035579	-0.533483461367	
ALDOC_AcK_K200	nan	nan	nan	nan	nan	
HIST2H3D_AcK_K19	nan	nan	nan	nan	nan	
NT5DC1_AcK_K359	0.356806666756	0.399668152504	0.0412916791675	3.40777422741	2.00563408124	
HMGB2_AcK_K128	-1.26014094356	-1.05845504373	-2.31636634211	3.40815178612	-1.67202341543	
CT45A4_AcK_K140	nan	nan	nan	nan	nan	
HIST1H2BM_AcK_K17	nan	nan	nan	nan	nan	
MAPRE2_AcK_K156	-0.516440131258	-1.93168298127	-5.06036402147	5.87384517928	-4.29606384683	
PTMA_AcK_K103	1.29034290668	1.8583169292	0.851901561122	3.71197615566	2.46658630855	
RBM27_AcK_K799	-0.317534867066	0.052613541536	-0.373132207746	3.96661962173	1.20651273017	
PTRF_AcK_K109	-1.2441608134	-2.22120660876	-2.21488946037	0.92020421935	-1.73150439842	
MYH10_AcK_K78	nan	nan	nan	nan	nan	
MSN_AcK_K83	-2.22868409663	-3.05550648384	-2.7337137336	0.6594781568	-2.66571059661	
DHX9_AcK_K16	-0.38192187947	-2.05255405811	-5.90461359339	4.20722212036	-3.12242409615	
HIST1H2BH_AcK_K17	nan	nan	nan	nan	nan	
LMNB1_AcK_K271	-1.00335059372	-1.07726850833	-2.03080990143	1.12260986084	-1.53582790739	
RUNX1_AcK_K24	-0.875245795077	0.556861761439	-1.0578071514	0.093405931124	0.162533711134	
HADHA_AcK_K353	-1.73158534747	-1.29378086203	-1.89541624002	1.54557292331	-1.01889298499	
HBB_AcK_K96	-4.8116611086	-4.02722754748	-4.55447988831	-0.325264995745	-3.91040166262	
KAT6B_AcK_K440	nan	nan	nan	nan	nan	
EIF4A1_AcK_K174	0.224770532194	-0.684169266825	-0.420653266479	2.72883247253	0.293073015799	
HIST1H4A_AcK_K5	0.291444080131	-0.456651824932	-1.95164586633	1.99020144887	-1.24041350263	
ALDOA_AcK_K200	0.246149925529	-0.391905629913	-0.190779577264	2.62349681904	0.209910627102	
HIST1H2BC_AcK_K121	nan	nan	nan	nan	nan	
YWHAQ_AcK_K11	nan	nan	nan	nan	nan	
MIF_AcK_K78	-0.946173872293	-1.40762708027	-1.09526306225	0.447027742956	-0.6966994427	
HIST2H2AB_AcK_K10	nan	nan	nan	nan	nan	
RAI1_AcK_K1093	nan	nan	nan	nan	nan	
FBN1_AcK_K666	-4.13262911841	-5.00686983389	-5.34603870066	-2.61946340251	-4.77736150546	
VARS_AcK_K433	-1.44668172507	-1.73214839886	-1.9820298158	1.47412674696	-0.759709246545	
NFIC_AcK_K280	-1.41678998029	-2.76928942307	-2.77211463887	0.469320663433	-2.16243498905	
HIST3H2A_AcK_K10	nan	nan	nan	nan	nan	
ANXA6_AcK_K9	nan	nan	nan	nan	nan	
STMN2_AcK_K87	nan	nan	nan	nan	nan	
H3F3A_AcK_K23	nan	nan	nan	nan	nan	
HMGB2_AcK_K59	0.339070163162	0.787582221188	-0.978094744581	3.09930958181	0.700528685847	
KRT75_AcK_K166	nan	nan	nan	nan	nan	
ETS1_AcK_K245	0.00670542389632	0.0526528087257	-0.814174148374	2.71698765543	-0.415944004623	
HMGB1_AcK_K59	-1.10532341062	-0.00656857614809	-2.31485431356	2.41957594694	-0.393022635552	
HIST1H2BN_AcK_K16	nan	nan	nan	nan	nan	
ANXA2_AcK_K169	-2.58402140533	-4.18586632297	-3.18600968498	1.37977518137	-3.7712876451	
HIST1H2BC_AcK_K17	nan	nan	nan	nan	nan	
RPS13_AcK_K39	0.237034882124	-0.63669370473	-0.098560971185	3.3446166322	-0.826639554721	
HIST2H2BD_AcK_K13	nan	nan	nan	nan	nan	
KRT5_AcK_K185	nan	nan	nan	nan	nan	
IGHG3_AcK_K252	nan	nan	nan	nan	nan	
APCS_AcK_K98	-4.27321139776	-3.72933076317	-4.48259970523	-0.463357494589	-3.88164702684	
NUDT21_AcK_K23	-0.080172691517	0.835989746385	-0.749275552404	3.01740363707	0.987804825755	
HADHA_AcK_K60	-2.65243260248	-2.56135022461	-2.74152383518	-0.306316942255	-2.10696708819	
ALB_AcK_K97	-3.99038174413	-3.2689321471	-4.26792381064	-0.968220868723	-2.67245663408	
SRSF1_AcK_K174	2.48491051621	1.90016917784	-0.702854870386	5.09019918376	1.18838217732	
KRT8_AcK_K101	0.582850342766	1.96019516719	0.809633283091	0.881786681271	1.47606300329	
H3F3A_AcK_K9	nan	nan	nan	nan	nan	
EWSR1_AcK_K439	-0.535710791183	1.40116284553	-2.06651726607	3.36879365185	0.579038837139	
HIST1H2BL_AcK_K13	nan	nan	nan	nan	nan	
CTTN_AcK_K309	1.2499735223	3.24550944726	0.667194215872	3.39286407433	0.181504769098	
ALB_AcK_K161	-4.66046143791	-5.57616244244	-6.42765307358	-2.14533841014	-5.60713981902	
ACTC1_AcK_K63	nan	nan	nan	nan	nan	
DDX24_AcK_K17	-1.27844030317	-1.33056250385	-1.12918075573	1.63912610331	-0.985282329275	
ALB_AcK_K214	nan	nan	nan	nan	nan	
HIST1H2BN_AcK_K17	nan	nan	nan	nan	nan	
HNRNPL_AcK_K34	1.00477365109	0.721977893031	0.299193602135	4.20347605684	1.72675917392	
HIST2H3D_AcK_K24	nan	nan	nan	nan	nan	
RPL26_AcK_K77	nan	nan	nan	nan	nan	
HIST1H2BA_AcK_K122	nan	nan	nan	nan	nan	
ING4_AcK_K236	-0.832359564916	0.986527794822	-1.64805730855	2.0863000272	-0.212574640323	
RPS27A_AcK_K104	1.48771861177	0.208157392984	-0.449092201512	2.76629384636	0.46781046997	
KRT6C_AcK_K180	nan	nan	nan	nan	nan	
ADAR_AcK_K1115	0.352916687831	-0.79274955451	-1.05779691196	2.42976485003	-0.467106302234	
HIST1H1C_AcK_K168	1.30365444943	-0.842592010244	-1.49227338862	3.23318652849	-0.607488617836	
CACYBP_AcK_K207	-0.832732383811	-0.67694563895	-5.87948605899	4.88032228957	-2.27087098475	
HIST1H2BD_AcK_K12	nan	nan	nan	nan	nan	
LMNA_AcK_K378	-2.07946554562	-2.53129449066	-2.92668482815	-0.0650699238834	-2.64958085361	
HNRNPA1_AcK_K52	-0.65818143815	-0.812954414595	-1.60851090557	2.32430190175	-0.156747469868	
GAPDH_AcK_K194	-1.03058853958	-1.40076022089	-1.78846088578	0.572437692548	-1.1598057267	
HIST1H2AC_AcK_K10	nan	nan	nan	nan	nan	
TUBA1A_AcK_K394	-1.08031876978	-1.77813729413	-2.31454885303	1.82883096071	-1.50314196452	
RNASEL_AcK_K684	-3.03334453002	-2.65232894827	-1.01276206294	-1.36558289861	-0.928861093198	
ACLY_AcK_K540	-3.87257996728	-3.70664362093	-3.21411270284	-0.331927423413	-3.15743550245	
MYH9_AcK_K975	-0.533169350968	-0.69281899705	-1.6714763496	4.11184782883	-1.12112763803	
ECHDC1_AcK_K217	-2.42408816083	-3.06709586107	-3.1259618533	-0.582339092059	-2.76377486055	
HNRNPAB_AcK_K215	0.910013089318	0.162094399909	0.0313168282318	3.37755591562	0.513198923848	
NCOA2_AcK_K780	0.306164893532	0.791322184714	-0.362479974373	2.7343234706	0.923714082795	
HSPD1_AcK_K389	-0.168685329255	-0.769766722595	-1.09617890656	1.74702952274	-0.627173767834	
BRPF1_AcK_K383	-0.600266482067	0.970833125932	-1.17822058967	2.53745426549	0.257321294086	
GOT2_AcK_K52	-0.120641353732	-1.82875726441	0.328076779103	1.65634261052	-0.551182697528	
RRP9_AcK_K25	1.35633572383	2.15140747525	1.05709542772	4.44363431844	1.63032607848	
KRT17_AcK_K172	nan	nan	nan	nan	nan	
XRCC1_AcK_K169	-0.226948591635	-1.00017606373	-1.09920597529	2.08088419416	0.746904799852	
ACTG1_AcK_K61	nan	nan	nan	nan	nan	
ACAT1_AcK_K174	-1.50667681865	-3.17268459189	-1.63668271489	0.533200331607	-2.07788535768	
KRT84_AcK_K175	nan	nan	nan	nan	nan	
SYNRG_AcK_K744	-1.3703503665	-1.2861467339	-2.15319714336	1.31135972148	-0.565017416996	
HIST2H2BE_AcK_K16	nan	nan	nan	nan	nan	
LMNA_AcK_K270	-2.65487945767	-2.31256501014	-2.86878226463	-0.790782491973	-2.74682730633	
HIST1H2BL_AcK_K17	nan	nan	nan	nan	nan	
HIST1H2BH_AcK_K12	nan	nan	nan	nan	nan	
HBD_AcK_K96	-2.93049278286	-1.7001093228	-2.90135591261	0.458181316302	-2.45706486143	
TUBAL3_AcK_K401	nan	nan	nan	nan	nan	
KRT2_AcK_K195	nan	nan	nan	nan	nan	
LGALS3_AcK_K227	-0.348936148266	-0.792924154681	-1.20972609372	0.873967942097	-1.23081263286	
ALB_AcK_K44	-7.46440974947	-4.91986653394	-5.7545877167	-1.88583536618	-4.70099541645	
U2SURP_AcK_K760	1.7160493367	1.61320415763	0.983276350712	4.80803086726	2.99644947451	
GPD2_AcK_K634	-0.383998890303	-1.01160151153	-0.906071184313	1.74321291107	-0.632447147658	
KRT74_AcK_K157	nan	nan	nan	nan	nan	
IGHG2_AcK_K201	nan	nan	nan	nan	nan	
NOP10_AcK_K19	0.835798013307	0.625758405953	0.622760592601	3.71848719966	0.0735709621905	
HIST2H2BF_AcK_K121	-2.22956317151	-1.98502950741	-3.25443255561	-0.000395961884509	-2.61133848983	
ALB_AcK_K223	-5.94787870411	-5.72383708661	-6.47019364602	-2.94039514208	-5.66118898524	
TPR_AcK_K723	0.345058034509	-0.845875444119	-1.25132942503	1.81995932258	-0.897938528511	
RPL37_AcK_K46	0.793343267905	-0.546215719007	-1.15832330188	3.24097353486	-0.936118977099	
ANXA1_AcK_K242	1.25916713231	-4.59013042691	-0.970637866141	3.38561284326	-2.42552875706	
KRT19_AcK_K168	-1.82733513275	1.01397949832	-0.0982748492932	2.03955477795	-2.22591252793	
ALB_AcK_K286	-2.91757309766	-3.49100213411	-3.32955763884	-0.388275601894	-3.31968217929	
HBA2_AcK_K100	-4.1835121198	-3.82200493566	-4.29668199935	-0.708306581508	-3.63968941485	
HIST1H2BB_AcK_K120	nan	nan	nan	nan	nan	
ATRX_AcK_K967	-0.397032061115	-1.27757486671	-1.15535249161	2.79911805952	-0.376136924012	
HIST1H2BJ_AcK_K16	nan	nan	nan	nan	nan	
HIST2H2BD_AcK_K21	nan	nan	nan	nan	nan	
HNRNPR_AcK_K584	2.48573032464	2.4749062742	1.34614625306	5.40220642071	3.3508240472	
RPL5_AcK_K283	1.18843162324	2.8278766961	0.389955274995	4.40974652627	0.771958872214	
TPM2_AcK_K161	nan	nan	nan	nan	nan	
CREBBP_AcK_K1592	nan	nan	nan	nan	nan	
YWHAQ_AcK_K49	nan	nan	nan	nan	nan	
HIST2H2AB_AcK_K6	nan	nan	nan	nan	nan	
TPR_AcK_K854	-1.05838394858	-1.23606865394	-1.78667731784	1.59516746225	-0.488160666	
HIST1H2BL_AcK_K12	nan	nan	nan	nan	nan	
H2AFJ_AcK_K10	nan	nan	nan	nan	nan	
HIST1H2AC_AcK_K6	nan	nan	nan	nan	nan	
NPM1_AcK_K250	1.12936257464	0.886512976348	0.800872443852	3.83287475959	1.14992960637	
SON_AcK_K16	-0.438859006682	-0.00681452876583	-1.24533564874	3.09301660857	1.19599728345	
HBE1_AcK_K145	nan	nan	nan	nan	nan	
PRDX3_AcK_K91	-1.27188231199	-2.51282394395	-2.06464783993	0.135423145356	-1.99603988421	
HIST1H2BJ_AcK_K121	nan	nan	nan	nan	nan	
HNRNPA2B1_AcK_K59	-0.200940330575	-0.628399530888	-1.19500382177	2.04354172932	0.365527969512	
SMEK1_AcK_K655	-0.75189901892	-0.157803528786	-1.72119980354	2.16296424874	0.757000948115	
GSTM4_AcK_K32	nan	nan	nan	nan	nan	
CHRAC1_AcK_K102	-0.0839780362933	0.872763435136	-2.09110955068	2.80474465238	1.72380767887	
ACTA1_AcK_K63	nan	nan	nan	nan	nan	
PARP1_AcK_K654	0.0798599401456	-0.80610853891	-0.943844277869	2.73030756055	0.0561078230937	
HIST3H3_AcK_K15	nan	nan	nan	nan	nan	
GLUD1_AcK_K527	-2.69094460568	-2.59644073339	-3.35652023989	-0.291598114926	-2.66150694689	
MYH10_AcK_K1256	-3.27485841653	-3.35535580489	-3.7395717822	0.372409301562	-3.14548116143	
NAA15_AcK_K95	0.863702213573	0.117342856283	-1.49850636777	5.58147205611	0.0270775174213	
HIST1H1D_AcK_K169	-0.274695302719	-1.87951614462	-2.73838373689	3.20694705678	-4.25193087838	
HNRNPM_AcK_K698	0.746058759536	0.101419539126	-0.222895700743	3.64250713419	0.811231141862	
KRT18_AcK_K372	-1.30942056552	-0.384863167437	-1.62505437549	1.32919644661	-0.713250482131	
SLC25A6_AcK_K33	0.410945221619	-0.15837774931	-0.262785312198	2.99980595688	0.196492919559	
HIST3H2A_AcK_K6	nan	nan	nan	nan	nan	
HIST1H2BO_AcK_K16	nan	nan	nan	nan	nan	
HIST1H2BB_AcK_K20	nan	nan	nan	nan	nan	
CT45A6_AcK_K140	nan	nan	nan	nan	nan	
HMGN2_AcK_K90	-2.50181688537	-1.20017537351	-1.94166275195	0.896489865898	-1.6314833226	
TRAP1_AcK_K424	1.13086591286	-0.587382071504	0.022134736473	1.97209230606	0.416868916175	
P4HB_AcK_K103	0.276167035486	-0.642066791304	-1.19194178288	1.65663984002	-0.363988471962	
HIST1H2BO_AcK_K12	nan	nan	nan	nan	nan	
NEBL_AcK_K23	-2.29164843912	-2.39992296592	-6.76486889373	3.33965523391	-4.08482245901	
ACSS2_AcK_K418	-0.74806303812	-1.86993478706	-1.65749445676	1.65389670279	-0.828989039392	
BRD1_AcK_K523	-1.83253930513	-1.04205772287	-2.58776797649	1.24740522974	-1.01897264179	
SRSF1_AcK_K179	0.333231196918	0.479971519472	-0.950915004779	3.07455591856	0.237774288344	
HBB_AcK_K60	-6.38053306052	-4.73263022408	-5.60352802016	-2.20392594219	-5.25826906527	
HIST2H2BC_AcK_K16	nan	nan	nan	nan	nan	
PPHLN1_AcK_K180	-0.109729321787	0.0117558466688	-0.30128990939	2.89023753102	0.344409397007	
HIST4H4_AcK_K9	nan	nan	nan	nan	nan	
KRT7_AcK_K108	nan	nan	nan	nan	nan	
ARPP19_AcK_K109	0.954622224805	0.473344931032	-0.400244852892	2.93845470204	1.41271646804	
HIST1H3A_AcK_K14	-1.86776834545	-1.42738101192	-2.00813164485	0.738405632473	-2.39890798107	
ALDOA_AcK_K147	-0.32431111852	-0.318485323221	-0.39332418613	1.11703352576	0.197616265162	
TAOK1_AcK_K820	-0.465481126966	-0.0274706236752	-1.05679591243	1.65232155557	0.14590970327	
SPR_AcK_K230	-0.377904778254	-0.475849684658	-0.0470678774914	3.12741013499	0.716829893544	
HIST1H2BK_AcK_K13	nan	nan	nan	nan	nan	
HIST1H4A_AcK_K12	-100	-5.36779540619	-7.85919928603	-3.04693840483	-6.56705102336	
PGK1_AcK_K75	0.738395368977	-0.394594558749	0.109249863619	3.17102716536	0.437651383959	
TUBA4A_AcK_K394	nan	nan	nan	nan	nan	
HMGA2_AcK_K26	-0.554015161699	-0.647940071521	-3.90763815081	4.28234306371	-1.03211770708	
H3F3A_AcK_K4	nan	nan	nan	nan	nan	
GPI_AcK_K142	0.243516540744	-0.4027383872	-0.808520294684	2.6273311611	0.0212786750233	
BCLAF1_AcK_K335	-0.664974222091	0.798361388667	-0.549710840896	2.62618044256	1.11123896034	
VIM_AcK_K402	nan	nan	nan	nan	nan	
NCOA2_AcK_K640	-0.190006252762	-0.0411906236228	-0.56480521005	2.91266800645	1.16597053068	
TPM4_AcK_K125	nan	nan	nan	nan	nan	
PPIA_AcK_K151	3.81094918531	2.54744393596	0.908739449839	3.22993414357	1.58942148111	
FLNA_AcK_K578	-2.02044390518	-3.2542578702	-1.96956761369	-0.318306308115	-2.16531600311	
HLA-A_AcK_K267	1.60894954136	-100	2.43522319734	1.02352972111	-0.918153963606	
RPL3_AcK_K136	1.85704605943	0.037597151098	0.290066329626	3.0244813362	-1.01562524152	
HBA2_AcK_K91	-3.64738467178	-3.50121497526	-3.96150418916	-0.67215676018	-3.25347679688	
CT45A7_AcK_K140	nan	nan	nan	nan	nan	
RUVBL1_AcK_K171	-0.788405473226	-0.949535608458	-0.860949812829	2.32129635759	-0.848926642169	
ACTG2_AcK_K329	nan	nan	nan	nan	nan	
EP300_AcK_K1558	nan	nan	nan	nan	nan	
HIST1H2BN_AcK_K13	nan	nan	nan	nan	nan	
CT45A1_AcK_K140	-1.84542692258	-1.66012929248	-2.95990526123	4.24718726112	-1.81378610995	
NAA50_AcK_K34	-0.541650032606	-0.949303129017	-0.644171417105	2.31162910797	-0.443866983462	
DDX17_AcK_K109	1.38675492512	0.107474035111	-0.603914073402	2.99340213489	0.469411547763	
CREBBP_AcK_K1744	-0.128539061367	0.397697577336	-1.31222935821	2.64524390145	1.01463746935	
HIST1H1B_AcK_K109	nan	nan	nan	nan	nan	
HIST2H2BF_AcK_K16	nan	nan	nan	nan	nan	
HNRNPD_AcK_K243	1.58386814449	0.230860174561	-0.394779952118	3.54858331259	1.27784982314	
CT45A2_AcK_K140	nan	nan	nan	nan	nan	
NEO1_AcK_K904	3.75625902715	-100	-1.30174221278	2.91399594957	-0.657508166502	
KRT7_AcK_K122	-1.01930969498	-0.799579730852	-0.399725237194	-0.397888987837	-0.826739188179	
ACTB_AcK_K61	-0.318197918989	-0.83589017254	-1.22866687581	2.24144596519	-0.722855106209	
ENO1_AcK_K256	2.55367372005	1.89005053334	0.836790565819	3.21509223602	1.97665566899	
HIST1H2BM_AcK_K21	nan	nan	nan	nan	nan	
CAST_AcK_K43	-0.873744755742	-1.32538747968	-1.36024641483	1.52820762053	-0.462819313931	
MYH11_AcK_K1256	-6.08355277805	-4.56261086339	-5.50394253511	-0.310576876576	-4.63244670524	
BRPF3_AcK_K449	-0.457414706302	-0.705831264206	-1.16050783173	2.42852907751	0.570561567462	
SLC25A31_AcK_K104	nan	nan	nan	nan	nan	
CLIC5_AcK_K333	0.175867280633	0.461011741351	-0.277358492712	2.39449180063	0.325985688767	
SHMT2_AcK_K103	0.337078203946	-0.724588059806	-0.285565678471	1.30859429456	0.625220476898	
H2BFS_AcK_K13	nan	nan	nan	nan	nan	
GAPDH_AcK_K334	-0.212146485063	-1.27387632617	-1.91929621326	1.77925649099	-1.09826152006	
HIST1H2BJ_AcK_K12	nan	nan	nan	nan	nan	
MED1_AcK_K1126	1.86959426139	2.15750558073	2.50048017426	6.25846001204	3.83102720743	
KRT73_AcK_K149	nan	nan	nan	nan	nan	
KRT8_AcK_K108	-0.830760901076	-0.261344271123	-1.42752373008	2.1391944374	-0.0692159243329	
SOD2_AcK_K130	-0.391163773958	-5.92305845327	-3.06123066707	-0.40979120128	-3.56514082217	
HSPE1_AcK_K8	0.88945686339	0.876918574413	0.103428200229	3.11203312558	1.11566075391	
BCL9L_AcK_K43	nan	nan	nan	nan	nan	
HIST1H2BH_AcK_K121	nan	nan	nan	nan	nan	
XRCC5_AcK_K703	0.0746095309472	-0.315540934994	-1.7848175287	2.10907116734	-0.434946728732	
HIST1H4A_AcK_K16	-4.90156017742	-3.67874010301	-5.10323345706	-1.36200799604	-4.66164587358	
EP400_AcK_K1553	0.313452943902	0.259529267513	0.0176066215491	2.78077073801	0.647529251732	
BRD2_AcK_K345	-0.791484326774	-0.700656669006	-1.60815848775	1.86539989473	-0.567107373535	
HIST1H2BH_AcK_K13	nan	nan	nan	nan	nan	
HNRNPU_AcK_K592	-0.541594832709	-0.886578291587	-1.38088956991	3.69098158926	-0.63539454518	
HSP90AA1_AcK_K567	nan	nan	nan	nan	nan	
BRIX1_AcK_K276	-0.223249346278	-0.0981537557283	-0.409033509811	2.75256242434	-0.310415405624	
HSP90AB1_AcK_K428	nan	nan	nan	nan	nan	
FIP1L1_AcK_K294	0.604328222903	1.51995119518	0.0630720945193	4.90687490797	1.330930939	
PSMD8_AcK_K298	-0.761215770922	-2.9101262512	-100	3.7386228249	-2.97455215504	
LASP1_AcK_K205	1.35554894415	0.829981636936	0.844060314998	3.19599049872	3.27650531132	
HIRA_AcK_K114	-2.58982234448	-1.52749482884	-2.97374075083	0.899960347309	-1.61322987554	
HIST1H2BO_AcK_K121	nan	nan	nan	nan	nan	
PBK_AcK_K12	0.122324749419	-0.623642827634	-0.596781357604	3.55549626024	0.666042804619	
TPM2_AcK_K248	nan	nan	nan	nan	nan	
PHIP_AcK_K1399	-0.771715112769	-1.19988393164	-1.6579212381	2.5734394074	-0.380870494805	
S100A6_AcK_K47	0.964473859219	1.14211746258	-1.18938312888	2.5883509615	-0.390508421544	
BRD1_AcK_K23	1.10225366635	0.853508297723	-2.61761882573	0.918504077909	-0.36478479453	
ACIN1_AcK_K238	-0.679485547095	0.593188141762	-1.24270699016	2.35071694136	0.998690932747	
SLC25A4_AcK_K92	nan	nan	nan	nan	nan	
CREBBP_AcK_K1591	nan	nan	nan	nan	nan	
KRT7_AcK_K394	nan	nan	nan	nan	nan	
HSP90AB2P_AcK_K332	nan	nan	nan	nan	nan	
HBA2_AcK_K140	-5.97787815286	-5.0423944974	-5.41597837729	-1.67140424804	-4.73551484129	
HLA-A_AcK_K267	nan	nan	nan	nan	nan	
CAP1_AcK_K81	-2.05047138058	-2.13592287776	-2.36440546451	1.13098146547	-1.96559348837	
HIST1H4G_AcK_K17	nan	nan	nan	nan	nan	
PRKCSH_AcK_K376	0.736407306017	-0.595835284279	-0.569682857862	2.08774339862	-0.264524667556	
XRN2_AcK_K641	-0.559505851898	-1.228767051	-1.22660430144	2.09796467295	-0.614506994339	
SCAF11_AcK_K1354	-0.86916801659	-1.69863463903	-0.406619046321	1.9523864166	-1.46846162528	
H2AFZ_AcK_K7	5.14607910049	3.13320686137	2.49134099001	3.83159880932	3.16412970292	
DDX47_AcK_K448	0.361008969373	-0.10625582023	-1.03152342746	3.20088916069	-0.155388918911	
SFN_AcK_K49	nan	nan	nan	nan	nan	
KRT1_AcK_K276	nan	nan	nan	nan	nan	
TUBA1A_AcK_K311	-0.670879794679	-1.36593118586	-2.16960288229	2.81331965954	-1.33555471023	
KRT76_AcK_K193	nan	nan	nan	nan	nan	
CCT8_AcK_K318	0.0936139397977	-0.726261555454	-1.59003332245	3.56725935608	-0.504657644292	
HIST2H2BF_AcK_K21	-0.400338611803	0.522426282707	-1.23835730565	2.15540152285	0.941515338056	
EP300_AcK_K1555	nan	nan	nan	nan	nan	
TUBA8_AcK_K394	nan	nan	nan	nan	nan	
HIST2H3D_AcK_K80	nan	nan	nan	nan	nan	
HDAC1_AcK_K50	nan	nan	nan	nan	nan	
EEF2_AcK_K259	-0.299826959451	-0.648244850126	-0.0612811215663	3.35756428957	-0.164127037522	
WDR33_AcK_K46	0.157224947402	-0.168380343741	-3.17745122217	5.38437334802	-0.889257409906	
PDLIM2_AcK_K282	-3.27527193905	-4.49950229614	-3.75687475208	2.14581561941	-3.59351250773	
HNRNPL_AcK_K59	-0.741174417306	-0.0338204515082	-1.5533710538	1.9918066108	0.210730827854	
HSPA5_AcK_K547	-1.41015245611	-1.54122505023	-100	5.4529510533	-100	
HIST1H2BO_AcK_K17	nan	nan	nan	nan	nan	
ACTG2_AcK_K62	nan	nan	nan	nan	nan	
BGN_AcK_K254	-100	-5.67845641528	-5.86230482228	-2.35080056609	-5.44864161374	
YWHAB_AcK_K51	nan	nan	nan	nan	nan	
NACA_AcK_K2005	-0.195388597019	1.29043347256	-0.385579015729	2.8539218124	0.718692189914	
GTF2F1_AcK_K407	0.645746786231	-0.239854651827	-0.347041892187	3.17324724842	0.544437865049	
HBB_AcK_K145	-4.60423264537	-4.1764724626	-4.73335111581	-1.17382931036	-4.11314872068	
RPS8_AcK_K148	2.43868245028	0.440169903152	-0.0305426500599	3.6243624455	-0.610131880006	
IGHG1_AcK_K205	-100	-5.10804226023	-5.84396809292	-1.66662025148	-4.74980886059	
NUMA1_AcK_K2058	-0.907291203327	-0.728214271828	-0.866807929614	2.33606950547	-0.0376393877689	
CTTN_AcK_K107	-3.87797680283	-1.93908087349	-3.53525535599	-0.831335179357	-3.0257510967	
ALB_AcK_K229	-3.83205011789	-3.92674519341	-3.9521837405	-0.872560654561	-3.62236382557	
ATP5H_AcK_K149	-1.8466819427	-2.33944402826	-2.78528441256	0.429961037645	-2.11800904678	
MDH1_AcK_K239	-2.13534617759	-1.98249019676	-3.4668759417	3.76287975656	-2.09374452831	
RPL35_AcK_K43	-1.27474649886	-0.459267101173	-1.90174233491	2.353838695	-3.81741053198	
HIST1H1B_AcK_K35	-1.23460560617	-2.04747010957	-1.90217776302	2.14257729152	-1.5296423562	
HIST1H1A_AcK_K109	nan	nan	nan	nan	nan	
S100A11_AcK_K103	1.28212995122	2.68355126487	0.395893039893	3.02279283167	2.09043212363	
TK1_AcK_K220	-0.058405498172	-1.16643509926	-0.771457117792	2.27921148765	-0.213485965297	
DOCK7_AcK_K1962	-0.939409158728	-0.987692760062	-0.887138864751	2.69055654825	-0.645097382553	
SFN_AcK_K11	nan	nan	nan	nan	nan	
ZFR_AcK_K509	-0.427314485607	0.926232692141	-1.25569263289	3.39884757312	0.812970548748	
ACTR3_AcK_K348	0.0507286835798	-4.9101480991	-2.24851553584	0.443165755327	-2.59128639826	
H2AFZ_AcK_K11	nan	nan	nan	nan	nan	
EEF2_AcK_K272	-0.880883584844	-1.38454472129	-0.241193209377	3.07886626414	-0.457605999003	
HIST4H4_AcK_K6	nan	nan	nan	nan	nan	
U2SURP_AcK_K88	0.344018917528	0.230397020615	-0.123960327896	3.87226685868	1.01829630325	
HIST3H2BB_AcK_K21	nan	nan	nan	nan	nan	
NAA16_AcK_K95	nan	nan	nan	nan	nan	
PCNA_AcK_K80	0.611580026673	-0.271772848951	1.16246571255	3.42311290252	1.44219832448	
MYH9_AcK_K74	-0.972054354914	-0.767138656921	-0.793191564828	2.41854751974	-0.552294943285	
MDH1_AcK_K107	-2.0459375207	-1.72020332754	-2.28780421453	0.994517978525	-1.61550324337	
PRKDC_AcK_K3455	-0.39027690521	-0.655157218259	-1.27488690598	2.58752800363	-0.775145677739	
CHAMP1_AcK_K617	-0.970202545048	0.0917453021262	-1.78564601289	2.54805150213	-0.110759255968	
GOT2_AcK_K302	1.26830712809	-1.78885143007	0.896754421839	-0.906875744952	-1.04031994457	
HYPK_AcK_K35	-1.91463037653	-3.18831863326	-2.65968651566	0.22061391095	-2.59591471749	
CSNK1G2_AcK_K51	nan	nan	nan	nan	nan	
HBZ_AcK_K100	nan	nan	nan	nan	nan	
PRKDC_AcK_K4048	-0.484157886017	-0.172850736063	-0.818186907614	2.82120531607	-0.520294831018	
HIST1H2BB_AcK_K16	nan	nan	nan	nan	nan	
ACTC1_AcK_K330	nan	nan	nan	nan	nan	
RPL14_AcK_K85	-1.28758190474	-0.54160183723	-1.952069356	2.09123771681	-1.53366012978	
LMNB2_AcK_K393	nan	nan	nan	nan	nan	
CCT4_AcK_K213	-0.158452389159	-0.346956161266	-0.352001429457	2.72657572376	0.0459418154442	
PRELP_AcK_K277	-5.21907408798	-5.06607979674	-5.80816473798	-1.23000432824	-5.0828705571	
COL6A3_AcK_K2464	-7.92622536587	-4.11205790216	-5.40705857896	-1.44905532928	-4.25491384572	
ANXA1_AcK_K161	-0.176003679568	-1.35919943612	-1.71118798062	2.6811313649	-2.29344782334	
ACOT13_AcK_K127	-1.02498717638	-2.14051130721	-3.29350408244	0.467374016996	-1.00834572757	
HIST1H3A_AcK_K23	-0.29655351621	-0.124194199442	-1.37018042437	2.55856315433	-1.16381279697	
PPM1G_AcK_K519	-0.316385971222	-0.341015978927	-0.931289481813	2.54055594685	0.172174081918	
DLD_AcK_K420	-2.2936018782	-1.57822951095	-2.47467809146	0.151550389425	-0.789533256786	
TUBA1B_AcK_K311	nan	nan	nan	nan	nan	
H3F3C_AcK_K15	nan	nan	nan	nan	nan	
RCC2_AcK_K293	-0.685413687165	1.40592698271	-1.51721091527	2.09951565791	1.30451521462	
ANXA1_AcK_K239	0.308674896921	-2.83207951814	-2.37548668315	3.59835301506	-4.63303016247	
PGK1_AcK_K323	-0.738462757666	-2.03944094467	-1.38710539583	1.57995949535	-1.16040146609	
ACYP1_AcK_K25	0.0641412625982	0.337379857605	-0.285457345925	2.94582243666	0.0483903356211	
PSMA8_AcK_K54	nan	nan	nan	nan	nan	
HIST3H2BB_AcK_K13	nan	nan	nan	nan	nan	
DDX5_AcK_K33	0.0106572125566	1.33950981698	-0.0538880036993	4.21358116189	1.69474369779	
HIST2H3D_AcK_K15	nan	nan	nan	nan	nan	
HIST2H2AA3_AcK_K6	nan	nan	nan	nan	nan	
HIST2H2BF_AcK_K17	nan	nan	nan	nan	nan	
ACOT9_AcK_K166	-2.04353374486	-2.91905630799	-2.84927797459	0.732734772299	-2.09752335373	
TIMP3_AcK_K99	-3.99116391725	-3.29977523789	-3.3993921555	0.020395810638	-3.18392514829	
ENO1_AcK_K281	-0.866543943975	-1.29156883171	-1.90463934935	2.18602260557	-1.11209081471	
VIM_AcK_K188	-0.913686845485	-1.2678796213	-100	5.58068454686	-100	
APOE_AcK_K260	-4.38309412515	-3.94655592548	-3.81051031637	0.0680381580769	-4.48936945461	
SLC25A4_AcK_K33	nan	nan	nan	nan	nan	
PGK1_AcK_K48	-0.129429356196	-1.63554158605	-0.7709719423	2.07736850263	-0.624193766247	
ATP5O_AcK_K172	-2.33358826533	-2.87862067517	-2.95580188323	-0.283507233228	-2.66326249298	
TUBA1C_AcK_K311	nan	nan	nan	nan	nan	
ARID1A_AcK_K980	-1.48873050537	-0.581771884108	-1.70811466521	2.46128931345	0.32546418201	
EEF1A1_AcK_K330	1.87070487572	0.947282230671	0.295093069238	5.37198668955	0.193295241537	
RPS26_AcK_K66	-0.113682881541	-0.845858835482	-0.647393405339	2.40862302001	-1.11076622213	
TPM3_AcK_K162	1.07797669058	-0.231129958281	0.133364305314	2.85717255058	-0.0394060754169	
HIST1H2BC_AcK_K21	nan	nan	nan	nan	nan	
GNB2L1_AcK_K130	-0.467053511241	-1.0031433458	-0.806569255646	2.03715711276	-0.759741719253	
SSB_AcK_K354	-0.74297997254	0.0629587008017	-0.842596898637	3.01144884808	0.0937937717513	
HIST1H2AJ_AcK_K10	nan	nan	nan	nan	nan	
AASDHPPT_AcK_K151	1.25341274157	-0.742731425402	1.25594035425	4.2235611902	-0.46451454201	
PBDC1_AcK_K177	0.865764080758	0.706627276653	0.979810512939	4.64397617473	1.53731232054	
ASPN_AcK_K300	-3.02829495111	-2.53699935925	-3.03769275812	0.864525667053	-2.29144048078	
HMGB3_AcK_K12	1.60544246593	0.240877680007	-0.0692676751572	2.4699839508	0.649910033945	
SLC25A5_AcK_K92	nan	nan	nan	nan	nan	
HIST1H2AI_AcK_K9	nan	nan	nan	nan	nan	
HSP90AB1_AcK_K559	nan	nan	nan	nan	nan	
POSTN_AcK_K426	-100	-5.73538194341	-6.20155472229	-3.16607920422	-5.77166701146	
HIST3H2BB_AcK_K17	nan	nan	nan	nan	nan	
TPR_AcK_K713	-0.980496190858	-1.69748858997	-1.9989429003	1.63184354821	-2.12173615662	
CAPZA1_AcK_K19	-1.3107508927	-0.69897144893	-1.60620783187	1.83692078509	-0.901076513318	
MEAF6_AcK_K169	2.65128518325	1.90630532836	1.08544750424	4.06837721156	2.57835320637	
CFL2_AcK_K114	nan	nan	nan	nan	nan	
KRT71_AcK_K147	nan	nan	nan	nan	nan	
SCP2_AcK_K132	-0.202261560814	-1.95351641543	-1.36612170811	2.33668355962	-1.82736298885	
COL6A3_AcK_K1772	-3.83957253387	-2.99589486269	-4.24822522697	-1.03651133121	-2.82358206282	
EP300_AcK_K1554	nan	nan	nan	nan	nan	
HNRNPU_AcK_K551	0.906460374915	-1.25316254788	-1.38893547718	2.06873627837	-0.730792319049	
MYH10_AcK_K1452	nan	nan	nan	nan	nan	
APCS_AcK_K149	nan	nan	nan	nan	nan	
HIST2H2BE_AcK_K13	nan	nan	nan	nan	nan	
ANXA6_AcK_K3	nan	nan	nan	nan	nan	
HIST1H1E_AcK_K168	-1.38742765213	-1.98021643139	-2.88274487656	1.63589734403	-2.64713411002	
HIST1H2AA_AcK_K5	nan	nan	nan	nan	nan	
HIST2H2AC_AcK_K10	nan	nan	nan	nan	nan	
H2AFX_AcK_K5	2.04076347053	0.459204153047	1.0403496574	2.80749177119	0.0133662284428	
HIST3H2BB_AcK_K121	nan	nan	nan	nan	nan	
MYH11_AcK_K1649	nan	nan	nan	nan	nan	
ALB_AcK_K548	nan	nan	nan	nan	nan	
CA1_AcK_K157	-7.20052238891	-5.62370035012	-6.63011579722	-2.36583333027	-5.4395626716	
DDX42_AcK_K806	nan	nan	nan	nan	nan	
KRT8_AcK_K472	1.14562821521	1.94674839837	0.43929613233	2.15500244218	1.64957479445	
HADHA_AcK_K326	-2.16157314843	-2.24564244333	-2.29602874446	0.187927419061	-1.63444439719	
H2AFV_AcK_K12	nan	nan	nan	nan	nan	
LMNA_AcK_K420	3.57545623508	-1.71409316363	-0.429565251492	1.86113981125	-0.277009844055	
PPAT_AcK_K81	-0.999105080901	-0.915283325695	-1.37307705788	2.18256772839	-0.51791356813	
H2AFJ_AcK_K6	nan	nan	nan	nan	nan	
YWHAE_AcK_K50	nan	nan	nan	nan	nan	
HSD17B4_AcK_K46	-0.185892060876	-0.639378925009	-1.30711206053	0.641414964503	-1.12920842985	
H3F3A_AcK_K18	nan	nan	nan	nan	nan	
BCAP31_AcK_K149	-1.20227125061	-1.57394365995	-100	5.9264920139	-100	
MFAP4_AcK_K246	-1.7822061132	-2.42047024042	-3.44303545124	0.187323617828	-2.65025710732	
RPL34_AcK_K36	1.09866010817	-0.2367999894	-0.0279493994164	2.54622600375	-0.706819349404	
VDAC1_AcK_K224	0.129429271702	-1.66388150313	-0.694493626041	1.18778921302	-0.945293776337	
HIST2H2BF_AcK_K12	nan	nan	nan	nan	nan	
KRT6A_AcK_K180	nan	nan	nan	nan	nan	
H3F3C_AcK_K5	nan	nan	nan	nan	nan	
H2BFS_AcK_K12	nan	nan	nan	nan	nan	
SERPINA1_AcK_K298	-5.18024371482	-4.35982594896	-4.68424274225	-1.44164418626	-3.46148613301	
FASN_AcK_K436	-1.34102134174	-0.0485307656012	-1.63316577405	1.16992863858	0.847620906028	
NAA50_AcK_K34	0.608755136538	-0.206484314962	0.168187055696	3.24199486808	0.2665184147	
RAB39A_AcK_K63	-1.00181414235	-1.67542633365	-1.54880160742	1.69725623723	-1.48582795019	
COL6A3_AcK_K2532	-2.19106948551	-0.458784643537	-3.31512718566	0.28550161622	-1.61738974847	
YWHAB_AcK_K13	nan	nan	nan	nan	nan	
MYH9_AcK_K1642	-2.13240455383	-1.92343850662	-2.46504494055	0.885938783107	-2.38422750766	
ICE1_AcK_K1218	-0.742937338795	-0.238727671345	-1.82268211279	2.58090835418	-0.191330649586	
RBPJ_AcK_K8	-1.21800320235	-0.668828305535	-0.893965121995	2.36275393281	0.508015461698	
HUWE1_AcK_K3679	1.16990219482	0.41578410035	0.172568476204	3.83771877171	1.43285057828	
ACTA2_AcK_K63	nan	nan	nan	nan	nan	
PPIA_AcK_K82	0.654769227221	-0.389060903695	-0.494065966197	2.24669979726	0.0188470803363	
HIST1H2AD_AcK_K6	nan	nan	nan	nan	nan	
PSAP_AcK_K414	-2.67917471412	-4.54338073518	-5.28145106079	0.648764139447	-4.89477341951	
ENO1_AcK_K422	0.613728699366	-0.229316433978	-0.861961480041	2.11065506151	0.141983911313	
VAPA_AcK_K174	-1.98465780042	-1.91828796385	-8.60145292691	4.15227756955	-4.32895043424	
HIST1H2BK_AcK_K16	nan	nan	nan	nan	nan	
TALDO1_AcK_K269	-3.15150896867	-2.76952533479	-3.92201459789	-0.919143953139	-3.20846749004	
HMGN2_AcK_K11	0.301471453811	1.15496593549	-1.64376486398	4.07381032259	1.10049425953	
TPM1_AcK_K161	nan	nan	nan	nan	nan	
MMADHC_AcK_K203	-0.937935654224	-1.83295619978	0.30940503405	2.59419291908	-1.85361647354	
HIST1H3A_AcK_K18	nan	nan	nan	nan	nan	
PPIG_AcK_K555	-1.55164936366	-1.55335020142	-2.26172486027	1.22860199895	-1.51606764407	
PPIA_AcK_K155	-1.35691368968	-1.55321565668	-1.9262919077	2.19822361402	-1.10251922315	
CRIP1_AcK_K77	0.682574491638	1.04321608783	-0.187258155032	2.2893363203	2.53395169811	
CLIC6_AcK_K629	nan	nan	nan	nan	nan	
CCT2_AcK_K154	-1.07460084139	-1.3507300086	-1.67790512594	1.2137688818	-1.00070312142	
RPL23_AcK_K13	-0.596546450343	-1.10619588709	-0.959972784995	2.63014549682	-0.840608849429	
RPL10A_AcK_K106	1.32801048962	0.11841565357	0.151702050678	3.61915642988	0.0460693475001	
EEF1B2_AcK_K129	-1.6255035178	-1.69290035064	-2.13301906522	1.82406731439	-1.24702623957	
HIST1H1C_AcK_K106	nan	nan	nan	nan	nan	
RPS3A_AcK_K109	-0.212338624364	0.00883427386815	-0.666192593479	3.57636012577	-0.80061711123	
EEF1A1_AcK_K392	-0.157893046991	-0.341222632713	-0.889555596607	2.85757321405	-0.253870963488	
HMGB3_AcK_K165	-0.362065748149	0.969575726733	-0.356352278973	2.67507435015	2.0228895732	
PRDM10_AcK_K658	-0.665386964031	-0.999943049542	-1.73689376395	2.33770422357	-0.419590740862	
ZNF532_AcK_K266	0.147118799827	-0.85128776757	-0.382534390162	3.13667345486	-0.189842135969	
EEF1A1_AcK_K30	nan	nan	nan	nan	nan	
TPI1_AcK_K43	-1.03150461703	-1.83174133461	-1.89788656885	-0.00570648464668	-1.63127525779	
LDHB_AcK_K7	-1.07623208625	-0.734485351981	-2.02352981517	1.48122630439	-0.915585946494	
MYH9_AcK_K1445	-1.84847778794	-1.85145563527	-2.25013335034	0.141840956053	-2.2181170919	
MYBL1_AcK_K394	-0.999756066153	-1.47422465114	-0.958344423437	2.20585651407	-0.751450983328	
PDAP1_AcK_K172	-0.977472584706	-0.298233953886	-0.652575469047	3.00980282847	1.15635486058	
SNW1_AcK_K170	-0.470482675392	-1.05192843076	-2.14753863304	1.90481876024	-0.323208064063	
ADSL_AcK_K295	-1.8785703943	-2.34553184179	-3.73687156212	1.57482175955	-2.85950708618	
EEF1G_AcK_K220	-1.12440167868	-1.13282207619	-2.05070842179	1.8192818746	-0.570342447407	
BGN_AcK_K219	-7.41772524942	-4.46121662623	-5.69315611145	-1.50640357658	-4.81806167712	
HIST2H2BC_AcK_K13	nan	nan	nan	nan	nan	
SMC2_AcK_K330	-0.400726800095	-0.881261424914	-0.9105259249	3.04442217993	0.0878817243261	
H3F3C_AcK_K24	nan	nan	nan	nan	nan	
RAI1_AcK_K1096	nan	nan	nan	nan	nan	
HNRNPD_AcK_K129	0.990411577231	-1.29578008299	-0.997650404192	2.18855022617	-0.558005706785	
HIST1H2BJ_AcK_K13	nan	nan	nan	nan	nan	
COL4A1_AcK_K1496	-3.77542776855	-3.42596432147	-3.5410887984	-0.680008427144	-3.14595301778	
LIG3_AcK_K883	0.699046416356	0.918546555257	-0.0119440475587	3.20284399494	2.57791319222	
PDIA3_AcK_K466	1.94271921524	0.0435913577598	-0.164638987423	3.09666972387	0.290759969814	
H3F3A_AcK_K79	nan	nan	nan	nan	nan	
PDIA4_AcK_K211	0.265265061834	-0.503561317719	-0.767801118198	3.08387196528	0.768441290755	
HIST1H2BD_AcK_K17	nan	nan	nan	nan	nan	
SIN3A_AcK_K875	-0.414911997164	0.185719367577	-1.03051227754	1.86562977517	0.225106152811	
HBA2_AcK_K41	-6.52441580155	-4.57910299485	-5.25064703226	-1.00957253099	-5.24001697586	
DCN_AcK_K130	-2.77657302207	-2.96036496038	-3.84955514513	-0.0580789142694	-1.99635338098	
HSPE1_AcK_K99	-0.451054366323	-1.90746811107	-1.52363560707	1.14900543616	-1.38978478666	
ENO1_AcK_K81	1.06271131888	0.331411427919	-0.231248727123	2.20345329998	0.578577941899	
EEF1G_AcK_K52	-0.390086716337	-0.538823324159	-1.37499459369	2.54319458307	-0.288885253135	
HIST3H2BB_AcK_K12	nan	nan	nan	nan	nan	
HMGCL_AcK_K324	-0.541947645561	-0.242600318789	-1.59643412171	2.71009014499	-0.205021587356	
H2AFV_AcK_K8	nan	nan	nan	nan	nan	
PKM_AcK_K422	-0.97614932447	-1.60393629644	-1.46032962454	1.46312550387	-1.20311683938	
CYFIP1_AcK_K189	0.278921153841	-0.600634591125	-0.735104505943	2.39086211686	-0.829881197092	
DES_AcK_K407	nan	nan	nan	nan	nan	
SMC3_AcK_K106	nan	nan	nan	nan	nan	
KRT84_AcK_K182	nan	nan	nan	nan	nan	
STMN1_AcK_K53	0.231593071634	-0.436532959854	-0.555649257296	3.43581104278	0.987801702371	
SEC22B_AcK_K43	-0.531946873491	-0.250092132484	-1.12260872579	2.31067209058	-0.215927299615	
HSPA8_AcK_K246	1.51097974486	-1.09681342839	-0.894315756739	3.06336530909	-0.635381926553	
DNAJC7_AcK_K306	0.233900180778	-0.483145792401	-0.170611534587	3.1149877765	-0.0666161100658	
HIST1H3A_AcK_K9	nan	nan	nan	nan	nan	
HMGB1_AcK_K12	-0.564403504135	0.078689966571	-1.52027679283	3.4708177294	-0.157038268752	
RPL29_AcK_K56	0.268688885731	0.703474523014	-100	5.73266862201	1.24195616301	
PSMC6_AcK_K206	-0.525750900136	-1.35509809283	-1.93749906822	1.71396255695	-1.03574910499	
MEAF6_AcK_K69	-0.41259264859	0.272915065782	-0.711881738001	2.64612832295	-0.296676193961	
ALB_AcK_K219	-100	-5.50189204495	-7.05510943671	-2.92943180337	-6.28464895433	
BUD31_AcK_K125	-1.07878022556	-0.343464452158	-2.19120153202	2.81035583797	0.0341140616732	
NUMA1_AcK_K2040	0.401776271361	0.697875538946	0.392052035107	3.81735394605	1.51762541197	
PRKDC_AcK_K3241	-0.792292072185	-0.785996687368	-1.4513649911	2.24574498111	-0.854292975531	
NASP_AcK_K417	-1.38748663919	-2.38357807266	-3.42654981492	0.311814287515	-1.30709261912	
