ptm	Channel 126: Normal Pool	Channel 127: H1650	Channel 128: HCC827	Channel 129: H1975	Channel 130: Calu-3	Channel 131: H2106
H2BFS_AcK_K16	NaN	NaN	NaN	NaN	NaN	NaN
HIST1H2BD_AcK_K16	NaN	NaN	NaN	NaN	NaN	NaN
HIST1H3A_AcK_K79	290.74248	449.18928	520.20227	605.40315	253.04828	234.507
STMN4_AcK_K97	NaN	NaN	NaN	NaN	NaN	NaN
EP300_AcK_K1546	NaN	NaN	NaN	NaN	NaN	NaN
SRRT_AcK_K526	74.484144	66.650832	97.285377	130.459395	73.981668	112.63
NOLC1_AcK_K415	358.207416	975.21408	1790.78368	2429.06235	1020.425142	1088.493
FAH_AcK_K241	388.16652	169.680384	240.756663	234.39273	234.524656	118.7065
DBI_AcK_K55	3706.95864	1233.688176	2846.37374	1838.94645	3873.71622	516.2067
WDR70_AcK_K509	242.46936	533.53872	562.856	530.96175	509.6489	327.662
WDR1_AcK_K115	212.24784	252.21168	251.45302	184.82805	202.1926	70.5105
HIST1H2BM_AcK_K13	NaN	NaN	NaN	NaN	NaN	NaN
HIST3H3_AcK_K80	NaN	NaN	NaN	NaN	NaN	NaN
HIST4H4_AcK_K92	NaN	NaN	NaN	NaN	NaN	NaN
WBP11_AcK_K13	629.301792	1800.495936	2031.839159	2259.23973	1032.647416	821.8917
HIST2H2BE_AcK_K24	NaN	NaN	NaN	NaN	NaN	NaN
HIST2H2BD_AcK_K17	NaN	NaN	NaN	NaN	NaN	NaN
HIST1H2BO_AcK_K13	NaN	NaN	NaN	NaN	NaN	NaN
HIST1H2BH_AcK_K44	NaN	NaN	NaN	NaN	NaN	NaN
PRDX6_AcK_K144	329.792568	384.66576	425.56647	317.947245	288.53148	202.0417
ALB_AcK_K426	4895.941512	497.9748528	1136.89920897	1084.93539	934.6450554	708.9037
SRSF4_AcK_K95	87.070872	132.383952	172.99933	173.73675	92.974158	101.777
TUBA1B_AcK_K352	NaN	NaN	NaN	NaN	NaN	NaN
TUBB8_AcK_K252	NaN	NaN	NaN	NaN	NaN	NaN
DNM2_AcK_K562	685.62816	672.75504	656.27142	660.37785	373.02786	329.413
A2M_AcK_K1162	134.380344	846.22824	362.4855591	453.858075	223.8050312	181.7546
DDX5_AcK_K501	49.435008	266.00976	517.85489	504.5469	159.402648	184.2572
HIST2H2AC_AcK_K6	NaN	NaN	NaN	NaN	NaN	NaN
NUCKS1_AcK_K188	291.294696	732.063312	1568.04179	1235.97474	1528.33298	219.9783
ALB_AcK_K257	3601.17072	86.5059912	410.22156	351.418485	226.55849	258.607
TPM3_AcK_K232	398.496	848.17008	631.38565	781.00275	384.64164	213.459
HLA-C_AcK_K267	NaN	NaN	NaN	NaN	NaN	NaN
PHB2_AcK_K89	113.398992	138.143376	293.35488	113.73912	149.61636	280.453
UBN1_AcK_K826	107.500848	222.11136	258.43237	280.4967	115.603944	544.367
TXNRD2_AcK_K153	914.87256	72.122688	1463.17122	382.0971	337.97748	267.418
HIST1H2AD_AcK_K10	NaN	NaN	NaN	NaN	NaN	NaN
HIST2H2AA3_AcK_K10	NaN	NaN	NaN	NaN	NaN	NaN
HIST1H2BL_AcK_K121	NaN	NaN	NaN	NaN	NaN	NaN
EEF1A2_AcK_K386	273.262248	935.72928	484.30893	440.93445	606.72788	337.883
XRCC6_AcK_K468	135.203208	194.58	207.67551	227.73465	270.73092	378.768
HIST1H2BC_AcK_K13	NaN	NaN	NaN	NaN	NaN	NaN
ACTA2_AcK_K330	NaN	NaN	NaN	NaN	NaN	NaN
HIST1H2BL_AcK_K16	NaN	NaN	NaN	NaN	NaN	NaN
HIST1H2BN_AcK_K12	NaN	NaN	NaN	NaN	NaN	NaN
VTN_AcK_K194	652.50192	211.23072	500.93862	356.0733	291.8185	205.02
HIST3H3_AcK_K10	NaN	NaN	NaN	NaN	NaN	NaN
JADE2_AcK_K38	NaN	NaN	NaN	NaN	NaN	NaN
EEF1A2_AcK_K30	NaN	NaN	NaN	NaN	NaN	NaN
HIST1H4G_AcK_K13	NaN	NaN	NaN	NaN	NaN	NaN
TUBA4A_AcK_K352	26.092752	74.31984	60.866211	61.78986	38.051444	39.6409
HIST1H2BK_AcK_K12	618.361128	1422.3492	1977.99126	2364.61005	2203.58578	2538.687
DNM3_AcK_K568	NaN	NaN	NaN	NaN	NaN	NaN
PSMA3_AcK_K57	246.19896	464.9184	743.08745	738.0219	354.17808	278.964
TUBB2B_AcK_K252	NaN	NaN	NaN	NaN	NaN	NaN
TUBA3E_AcK_K311	NaN	NaN	NaN	NaN	NaN	NaN
HIST1H2BB_AcK_K11	NaN	NaN	NaN	NaN	NaN	NaN
KRT8_AcK_K11	78.63996	251.3016	297.56503	252.44175	350.15674	103.794
DLD_AcK_K277	489.77712	79.178544	875.37149	272.187795	237.368136	366.02
HIST1H1E_AcK_K106	1576.4616	51.303024	184.31763	179.49855	130.411882	137.822
EZR_AcK_K60	346.9998	1305.88416	929.83618	447.28695	1609.09076	252.03
CFL1_AcK_K114	69.580224	173.74464	231.27489	220.38225	160.5521	94.994
XRCC5_AcK_K648	220.3908	326.4696	387.86993	566.47965	346.67676	295.301
RPS19_AcK_K122	112.110768	472.54896	463.15353	434.89314	290.506506	161.8086
RPS3_AcK_K108	265.36104	303.57648	476.23478	357.4461	324.55336	251.643
EEF1A1_AcK_K36	NaN	NaN	NaN	NaN	NaN	NaN
EEF1A1_AcK_K386	464.272368	2317.3344	2311.56555	1766.4768	1468.82358	660.854
ATP5B_AcK_K522	291.668496	92.273616	576.96604	228.3633	173.98493	449.935
TPR_AcK_K755	140.823816	171.75744	216.52085	227.17695	141.27352	274.713
MCU_AcK_K332	240.76584	219.84768	234.14713	233.03445	273.87724	96.7361
NBN_AcK_K544	111.891528	212.298768	301.522088	393.930735	251.108362	296.5003
HIST1H2BB_AcK_K12	NaN	NaN	NaN	NaN	NaN	NaN
APOA1_AcK_K157	1511.8404	0	70.378896	48.43509	262.72978	29.7376
NAT10_AcK_K426	493.580976	762.32448	1055.58362	1157.8248	1045.296212	1438.414
KRT75_AcK_K159	NaN	NaN	NaN	NaN	NaN	NaN
ECH1_AcK_K231	902.998656	426.81384	984.617235	451.0378455	1003.058072	586.4967
RPL30_AcK_K44	166.453728	200.97936	153.029856	193.41465	103.63493	147.295
PCNP_AcK_K152	220.807272	437.00544	612.09946	594.1848	467.12802	226.421
TXN_AcK_K96	116.820648	128.608704	124.0344	123.037035	101.833568	90.8281
PSMA7_AcK_K52	264.28248	172.30752	285.63976	155.230845	356.95992	90.3932
RPL26L1_AcK_K77	827.88888	1494.77184	1899.8483	2353.19205	608.427	1274.88
HIST1H2AI_AcK_K5	NaN	NaN	NaN	NaN	NaN	NaN
H2AFX_AcK_K9	NaN	NaN	NaN	NaN	NaN	NaN
TUBA8_AcK_K311	NaN	NaN	NaN	NaN	NaN	NaN
CREBBP_AcK_K1741	491.6541504	1103.6442672	1447.263937	1492.102887	1052.51707	2029.7603
SLC25A1_AcK_K21	109.136496	383.98608	478.23923	404.82585	518.64834	365.166
HSPD1_AcK_K396	637.13664	204.91632	903.47243	236.148	374.50052	151.416
KRT3_AcK_K208	NaN	NaN	NaN	NaN	NaN	NaN
PNPT1_AcK_K250	244.5072	61.141248	606.35337	99.990165	123.87228	232.716
MYC_AcK_K148	322.780752	247.216032	1251.33225	1204.62045	840.41048	108.8882
FH_AcK_K80	421.272936	76.027104	671.756561	211.340415	159.991042	416.0214
HIST2H3D_AcK_K5	NaN	NaN	NaN	NaN	NaN	NaN
HNRNPU_AcK_K565	168.981792	504.451872	798.055587	1301.485845	213.0101922	1010.3934
ALDOC_AcK_K147	NaN	NaN	NaN	NaN	NaN	NaN
ASPN_AcK_K137	899.9508	0	50.770867	38.978115	21.723812	22.1852
HIST1H2BH_AcK_K24	NaN	NaN	NaN	NaN	NaN	NaN
ACAA2_AcK_K137	966.78792	256.410288	1183.73479	819.489	849.66988	849.401
HIST1H2BK_AcK_K17	NaN	NaN	NaN	NaN	NaN	NaN
EEF1A2_AcK_K36	NaN	NaN	NaN	NaN	NaN	NaN
CYFIP2_AcK_K189	NaN	NaN	NaN	NaN	NaN	NaN
HIST1H4A_AcK_K8	269.17632	328.68576	315.57932	510.1206	472.88734	389.833
ACTB_AcK_K328	2250.063984	1383.19632	1345.79256	1443.2913	882.49988	1156.277
ACTBL2_AcK_K329	NaN	NaN	NaN	NaN	NaN	NaN
LUM_AcK_K69	163.603944	96.613776	153.740832	132.18447	103.415572	127.426
RBM22_AcK_K416	38.478888	81.153216	123.891432	185.2917	64.5478	78.2141
ACTA1_AcK_K330	NaN	NaN	NaN	NaN	NaN	NaN
PKM_AcK_K266	1708.62888	1371.32352	790.66456	1202.44245	1706.7848	444.482
HIST1H2BK_AcK_K25	NaN	NaN	NaN	NaN	NaN	NaN
CARKD_AcK_K140	58.130352	36.283536	92.970738	82.60923	36.322844	37.1605
HNRNPA1L2_AcK_K52	NaN	NaN	NaN	NaN	NaN	NaN
HIST1H2BC_AcK_K44	NaN	NaN	NaN	NaN	NaN	NaN
HIST1H2BC_AcK_K24	NaN	NaN	NaN	NaN	NaN	NaN
CLU_AcK_K123	4806.18096	0	371.046074	286.33737	145.38129	214.332
HMGB2_AcK_K182	462.540792	871.10496	2110.7583	1415.68845	1780.5049	1850.853
ENO1_AcK_K193	1261.772064	7100.61552	1495.437391	1653.153645	1815.489754	925.3801
ZYX_AcK_K279	90.482784	95.725152	82.063149	176.5467	80.006576	18.7216
CT45A8_AcK_K140	NaN	NaN	NaN	NaN	NaN	NaN
TUBA1C_AcK_K394	NaN	NaN	NaN	NaN	NaN	NaN
HIST1H1D_AcK_K107	NaN	NaN	NaN	NaN	NaN	NaN
HIST4H4_AcK_K17	NaN	NaN	NaN	NaN	NaN	NaN
HIST1H2BO_AcK_K24	NaN	NaN	NaN	NaN	NaN	NaN
MDH1_AcK_K298	125.727336	121.429008	177.18533	192.7926	96.291596	103.771
APCS_AcK_K162	6435.80112	1173.56267232	1334.5857686	1517.114445	1337.1530628	1045.77703
ALB_AcK_K499	821.2974	1060.9776	736.97106	1135.47456	699.126776	300.3624
BGN_AcK_K209	54.152952	0	.27590892	0	.00062613376	0
NEFM_AcK_K298	152.294352	185.371056	249.892608	208.349955	138.21019022	1796.818
JADE2_AcK_K32	NaN	NaN	NaN	NaN	NaN	NaN
DLD_AcK_K273	499.71768	60.405696	1038.65769	279.2625	163.62204	559.308
HNRNPA1_AcK_K166	126.74676	208.3968	351.8333	391.9674	268.18492	187.435
DOCK6_AcK_K1871	24.867024	61.921152	88.912572	94.841175	38.784826	28.8909
FAM129B_AcK_K507	816.53712	880.74	1149.01514	868.6623	860.14332	334.85
TUBB1_AcK_K252	NaN	NaN	NaN	NaN	NaN	NaN
HSP90AA5P_AcK_K252	NaN	NaN	NaN	NaN	NaN	NaN
HIST1H2AE_AcK_K6	NaN	NaN	NaN	NaN	NaN	NaN
KRT6B_AcK_K173	NaN	NaN	NaN	NaN	NaN	NaN
MOB4_AcK_K155	72.452016	285.82848	304.23848	287.3706	195.68422	125.068
ZNF318_AcK_K1866	203.66304	219.57264	196.72107	204.90195	116.017602	230.171
HIST2H2BC_AcK_K21	NaN	NaN	NaN	NaN	NaN	NaN
SLC25A24_AcK_K336	1733.68944	315.810432	1936.53376	557.40135	449.88892	527.259
RAB1A_AcK_K61	158.554536	261.95616	205.114	182.97345	463.13214	161.31
KANSL1_AcK_K180	10.944864	12.8389392	24.288138	33.407055	22.480108	17.998
FKBP1A_AcK_K36	177.91872	326.03472	474.27219	684.29625	298.7932	105.639
TPI1_AcK_K225	278.06268	160.888464	227.751727	221.400135	195.23532	134.6232
HIST1H2BB_AcK_K15	NaN	NaN	NaN	NaN	NaN	NaN
KRT7_AcK_K286	43.050504	124.581456	146.571019	114.702885	91.499086	39.4856
H2BFS_AcK_K17	NaN	NaN	NaN	NaN	NaN	NaN
TUBA4A_AcK_K311	NaN	NaN	NaN	NaN	NaN	NaN
MEAF6_AcK_K74	NaN	NaN	NaN	NaN	NaN	NaN
ENSA_AcK_K114	154.404264	61.397136	91.38038	90.55794	85.93018	57.6901
HBD_AcK_K145	NaN	NaN	NaN	NaN	NaN	NaN
RALY_AcK_K165	126.499464	377.53488	362.98255	500.9598	250.79842	460.858
C12orf10_AcK_K40	200.92128	282.58992	354.47692	508.83525	246.21562	89.5497
NUMA1_AcK_K1121	115.605336	104.028912	163.22019	215.7606	124.96371	171.665
CT45A5_AcK_K140	NaN	NaN	NaN	NaN	NaN	NaN
KAT6A_AcK_K415	86.2206072	127.31328	236.501916	184.2753	133.748884	202.6617
SUV420H1_AcK_K20	192.260712	174.73824	467.656539	408.199275	243.430966	492.877
SAMD9_AcK_K1261	40.849368	1292.48208	818.03134	507.97395	805.94166	24.4096
HIST1H2BK_AcK_K121	1169.49168	633.43872	1062.58712	744.3117	575.55412	876.107
HIST1H2BN_AcK_K21	NaN	NaN	NaN	NaN	NaN	NaN
HIST1H2BO_AcK_K21	NaN	NaN	NaN	NaN	NaN	NaN
HIST1H2BC_AcK_K12	NaN	NaN	NaN	NaN	NaN	NaN
VIM_AcK_K294	354.43464	97.40808	122.38737	382.5954	60.723574	71.7046
PSMA2_AcK_K92	145.008864	326.864736	348.987303	240.076815	247.789182	273.0169
FOSB_AcK_K166	162.700272	329.89248	350.46158	688.9674	284.64012	109.056
PSMB9_AcK_K109	888.34536	397.14624	689.69019	572.4873	2209.32768	255.579
BGN_AcK_K288	946.638	0	114.46134	91.20177	109.481484	31.72401
VDAC3_AcK_K63	845.6028	819.00792	2085.748077	893.991615	1069.541368	3060.338
RAB1C_AcK_K58	NaN	NaN	NaN	NaN	NaN	NaN
HIST1H2BL_AcK_K21	NaN	NaN	NaN	NaN	NaN	NaN
C12orf5_AcK_K50	145.104456	164.244816	208.887357	172.29234	139.122418	132.7318
TKT_AcK_K543	868.76496	773.77824	1021.31477	829.04085	1718.1949	338.365
NCL_AcK_K348	473.32992	225.45936	494.74978	344.35005	306.36822	526.093
TIMP3_AcK_K68	1243.44024	146.082096	497.834379	406.82829	435.88994	308.2159
HIST2H2BE_AcK_K12	NaN	NaN	NaN	NaN	NaN	NaN
SLC25A5_AcK_K33	NaN	NaN	NaN	NaN	NaN	NaN
YWHAG_AcK_K50	NaN	NaN	NaN	NaN	NaN	NaN
LBR_AcK_K601	184.28088	369.6768	488.62212	624.261	247.98576	322.16
ANXA2_AcK_K308	252.49224	191.20176	95.707255	125.36634	125.980904	39.4617
VDAC2_AcK_K39	76.383384	196.04592	198.68849	139.66986	269.1725	126.471
TPM3_AcK_K249	2044.602	776.91744	750.27449	976.61355	672.59022	253.846
HIST1H2BD_AcK_K25	NaN	NaN	NaN	NaN	NaN	NaN
HBB_AcK_K83	233.578464	71.012592	115.34845	101.913735	81.502954	78.0944
TMSB4X_AcK_K15	NaN	NaN	NaN	NaN	NaN	NaN
HIST1H2BK_AcK_K21	NaN	NaN	NaN	NaN	NaN	NaN
EIF5AL1_AcK_K68	NaN	NaN	NaN	NaN	NaN	NaN
KRT7_AcK_K101	NaN	NaN	NaN	NaN	NaN	NaN
HIST1H2BM_AcK_K121	NaN	NaN	NaN	NaN	NaN	NaN
HSP90AA1_AcK_K457	NaN	NaN	NaN	NaN	NaN	NaN
NPM1_AcK_K229	538.579944	2475.65232	3426.95906	3630.297	2681.78488	2398.588
HIST3H2BB_AcK_K16	NaN	NaN	NaN	NaN	NaN	NaN
HADHA_AcK_K214	3576.96864	257.38106256	3186.50878	1121.403195	2029.925934	646.2653
KRT18_AcK_K167	79.844352	376.7184	134.308937	218.72235	198.30928	81.6672
GAPDH_AcK_K117	198.462936	577.32768	327.816608	328.222125	256.949422	226.6362
STK17B_AcK_K62	135.886968	398.84832	400.94635	378.17835	208.97568	278.77
HIST1H2AH_AcK_K6	NaN	NaN	NaN	NaN	NaN	NaN
HIST1H2BC_AcK_K16	NaN	NaN	NaN	NaN	NaN	NaN
RPL3_AcK_K366	81.26916	317.63808	204.47644	238.326	159.1518	132.419
EEF1G_AcK_K401	25.269888	104.38848	75.979925	72.390945	42.084308	24.1365
KRT7_AcK_K331	57.180984	208.01808	160.343603	95.77326	128.538026	26.9069
CES1_AcK_K302	297.66072	137.166912	248.79491	190.50075	134.13534	98.8681
HIST1H2BD_AcK_K13	NaN	NaN	NaN	NaN	NaN	NaN
PRDX1_AcK_K35	329.77056	1080.55872	583.86972	585.415875	508.76584	197.8999
LDHA_AcK_K126	624.731016	1674.424224	1247.475978	2026.5366	2175.74862	479.1415
GAPDH_AcK_K227	245.364504	538.947072	525.33334	487.255065	273.664984	431.5388
FDPS_AcK_K123	203.826	317.94336	244.13557	266.1747	402.26398	201.484
PGK1_AcK_K291	459.589536	924.879168	1261.191407	1012.430595	1035.638832	424.6164
TUBA3C_AcK_K311	NaN	NaN	NaN	NaN	NaN	NaN
HIST1H2BJ_AcK_K21	NaN	NaN	NaN	NaN	NaN	NaN
HBA2_AcK_K17	84.662928	122.672304	137.622961	115.187325	80.54472	162.018
KRT6C_AcK_K173	NaN	NaN	NaN	NaN	NaN	NaN
TALDO1_AcK_K314	4604.51376	1094.730336	1868.69641	1335.0249	3740.76142	1098.2346
MYH14_AcK_K1019	NaN	NaN	NaN	NaN	NaN	NaN
HSP90AB3P_AcK_K296	NaN	NaN	NaN	NaN	NaN	NaN
H3F3A_AcK_K14	NaN	NaN	NaN	NaN	NaN	NaN
PDPK1_AcK_K304	86.425584	104.684688	551.86614	239.5305	223.05774	108.657
H2BFS_AcK_K21	NaN	NaN	NaN	NaN	NaN	NaN
MYH11_AcK_K78	NaN	NaN	NaN	NaN	NaN	NaN
PPP1CA_AcK_K141	142.103136	208.52208	194.71984	167.4816	150.39088	144.126
DSTN_AcK_K114	NaN	NaN	NaN	NaN	NaN	NaN
RTCB_AcK_K496	839.466684	1660.66416	3171.07532	3326.10465	1896.42696	2157.109
RPL13A_AcK_K191	444.48768	686.37456	518.75488	708.44235	630.70048	404.976
HIST2H3D_AcK_K10	NaN	NaN	NaN	NaN	NaN	NaN
HIST1H2BM_AcK_K16	NaN	NaN	NaN	NaN	NaN	NaN
KRT79_AcK_K152	NaN	NaN	NaN	NaN	NaN	NaN
HIST1H2BH_AcK_K16	NaN	NaN	NaN	NaN	NaN	NaN
UQCRH_AcK_K85	241.71504	408.47904	348.82582	354.8424	451.87748	307.675
YWHAH_AcK_K50	NaN	NaN	NaN	NaN	NaN	NaN
HIST2H2BE_AcK_K121	NaN	NaN	NaN	NaN	NaN	NaN
IDH2_AcK_K384	1074.2004	323.47296	629.92055	460.1058	364.48938	977.473
RAC1_AcK_K153	277.95936	452.96208	210.0567	258.1986	136.34232	316.106
HSPA1B_AcK_K246	166.571832	268.053264	414.47035	329.164935	692.90328	149.2162
RPS29_AcK_K13	213.919944	744.52032	812.84875	937.7775	403.35474	393.721
HIST1H2AJ_AcK_K6	NaN	NaN	NaN	NaN	NaN	NaN
HMGB2_AcK_K12	NaN	NaN	NaN	NaN	NaN	NaN
H2BFS_AcK_K121	NaN	NaN	NaN	NaN	NaN	NaN
TMSB4X_AcK_K12	NaN	NaN	NaN	NaN	NaN	NaN
KRT6A_AcK_K173	NaN	NaN	NaN	NaN	NaN	NaN
MFAP4_AcK_K100	3218.51712	83.408976	338.35116	449.2323	640.2185	116.5889
MYH9_AcK_K1793	157.778208	147.05568	128.269827	194.0169	134.33634	68.527
HSP90B1_AcK_K597	138.841584	842.93568	201.83604	234.76035	319.6302	252.217
SLC9A3R1_AcK_K34	344.69064	836.00208	458.95948	724.67175	632.4599	371.12
ZSCAN18_AcK_K366	421.56576	312.09984	728.01946	1124.0361	217.97378	228.235
CPNE1_AcK_K171	463.836408	597.951216	868.965622	1354.8216	1213.5174	1024.014
HIST1H2AH_AcK_K10	NaN	NaN	NaN	NaN	NaN	NaN
SP3_AcK_K593	29.229144	57.479328	70.320453	68.085435	46.94824	30.3237
SP100_AcK_K733	NaN	NaN	NaN	NaN	NaN	NaN
H3F3C_AcK_K19	NaN	NaN	NaN	NaN	NaN	NaN
DHX15_AcK_K786	183.87096	249.69888	399.57785	308.814	317.45806	293.587
HIST1H2BH_AcK_K21	NaN	NaN	NaN	NaN	NaN	NaN
TPI1_AcK_K92	1029.22512	1141.72416	1477.17661	577.47855	656.15378	320.664
HIST3H3_AcK_K5	NaN	NaN	NaN	NaN	NaN	NaN
HIST2H2BD_AcK_K16	NaN	NaN	NaN	NaN	NaN	NaN
CREBBP_AcK_K1595	NaN	NaN	NaN	NaN	NaN	NaN
PRPH_AcK_K398	NaN	NaN	NaN	NaN	NaN	NaN
UBN2_AcK_K1148	145.513872	208.42272	760.52214	413.702685	110.255468	2156.427
PYCR1_AcK_K215	65.418528	63.767376	366.70004	76.671045	71.148506	217.103
GLS_AcK_K158	184.25568	131.435856	525.12887	269.3427	104.978146	170.824
TBL1XR1_AcK_K102	75.635616	113.739552	204.242024	344.593425	649.3908	120.4933
H3F3C_AcK_K10	NaN	NaN	NaN	NaN	NaN	NaN
MBTD1_AcK_K115	42.022008	89.01792	108.285863	92.58645	71.46354	126.511
SMC3_AcK_K105	422.068248	1528.205616	1790.29102	1910.8056	1290.2726	2389.586
FASN_AcK_K1871	330.751344	456.48432	680.88832	399.23235	526.285	359.876
HIST1H2BD_AcK_K24	NaN	NaN	NaN	NaN	NaN	NaN
FEN1_AcK_K375	391.558944	1136.25648	1399.04975	1894.98375	2429.85148	475.868
KRT5_AcK_K178	NaN	NaN	NaN	NaN	NaN	NaN
HIST1H4A_AcK_K91	428.9628	252.105696	322.244237	288.568005	925.01406	194.483
CEBPZ_AcK_K695	529.29576	238.3272	536.55665	451.72875	228.97652	279.344
SCPEP1_AcK_K393	144.123672	442.29744	469.26187	562.9404	145.2761	154.921
RPL11_AcK_K67	133.397544	227.32704	239.02382	318.14805	210.29692	203.082
HIST1H2BK_AcK_K24	NaN	NaN	NaN	NaN	NaN	NaN
SFPQ_AcK_K314	42.51828	131.32512	144.592812	131.829885	100.69162	142.654
HIST1H2BD_AcK_K121	NaN	NaN	NaN	NaN	NaN	NaN
HIST1H3A_AcK_K4	112.774368	132.205536	165.139632	199.192455	234.093578	378.462
NNT_AcK_K100	103.50564	19.168704	149.3597	23.319285	45.37173	44.4036
PRDX2_AcK_K29	1916.5272	198.55296	169.82924	318.84765	194.52378	191.87
NPM1_AcK_K267	1082.2592088	8882.58528	4044.469891	3740.38962	3531.2373718	7471.123
TPR_AcK_K748	716.33604	912.594528	2767.334654	1902.02892	1957.369624	2552.636
MYH10_AcK_K1649	NaN	NaN	NaN	NaN	NaN	NaN
RPS8_AcK_K128	256.50492	799.56432	803.58964	983.95935	894.19674	360.908
HIST2H2BF_AcK_K13	NaN	NaN	NaN	NaN	NaN	NaN
HIST1H2BJ_AcK_K17	NaN	NaN	NaN	NaN	NaN	NaN
PGRMC2_AcK_K193	161.706384	283.35024	457.2883	179.28405	232.14964	177.645
H2AFV_AcK_K5	NaN	NaN	NaN	NaN	NaN	NaN
HNRNPK_AcK_K461	68.388768	150.63696	203.00812	139.99491	70.97377	172.882
CSNK1G1_AcK_K49	75.84864	109.122624	274.3762	165.8283	171.57494	88.3973
ACTG1_AcK_K328	NaN	NaN	NaN	NaN	NaN	NaN
TUBB3_AcK_K252	NaN	NaN	NaN	NaN	NaN	NaN
SUMO2_AcK_K42	246.9432	258.78528	413.04711	370.491	365.39656	202.121
YWHAZ_AcK_K11	355.694976	2039.8896	676.807292	823.43184	1277.029648	224.9973
HBD_AcK_K83	NaN	NaN	NaN	NaN	NaN	NaN
KRT8_AcK_K393	NaN	NaN	NaN	NaN	NaN	NaN
HIST1H2BD_AcK_K21	NaN	NaN	NaN	NaN	NaN	NaN
HIST1H2AE_AcK_K10	NaN	NaN	NaN	NaN	NaN	NaN
CT45A9_AcK_K140	NaN	NaN	NaN	NaN	NaN	NaN
HIST1H2BN_AcK_K121	NaN	NaN	NaN	NaN	NaN	NaN
ENO1_AcK_K406	440.31624	981.3888	863.69416	1107.90075	378.64514	697.55
FASN_AcK_K1582	411.3564	974.97648	1910.6836	807.1437	1331.7188	709.513
GOT2_AcK_K59	164.692584	159.373008	711.42358	294.578625	162.62843	353.81
YWHAZ_AcK_K49	368.11488	475.44192	709.96492	720.82065	294.652734	485.683
ALB_AcK_K598	10309.94328	544.5084816	738.319918	661.390125	986.413128	551.908
HSP90AA1_AcK_K362	NaN	NaN	NaN	NaN	NaN	NaN
NOLC1_AcK_K33	139.7046	200.2968	337.76029	300.6399	361.81876	253.164
COL6A3_AcK_K228	320.3004	4.4913744	30.218412	33.128535	22.681644	25.8852
AHCY_AcK_K408	1289.0136	1673.55216	1501.8885	1397.6589	1215.65872	2056.496
CCT7_AcK_K67	93.771888	139.682448	141.560538	112.593855	137.636894	97.8362
KAT6A_AcK_K90	141.83988	164.59632	336.6188	169.62165	199.73102	153.447
SHMT2_AcK_K464	101.472	343.202688	1829.19184	743.1171	605.20966	579.147
H2BFS_AcK_K25	NaN	NaN	NaN	NaN	NaN	NaN
CSNK1G3_AcK_K48	NaN	NaN	NaN	NaN	NaN	NaN
HIST4H4_AcK_K13	NaN	NaN	NaN	NaN	NaN	NaN
TUBA1B_AcK_K394	NaN	NaN	NaN	NaN	NaN	NaN
HIST2H2BF_AcK_K44	NaN	NaN	NaN	NaN	NaN	NaN
CT45A3_AcK_K140	NaN	NaN	NaN	NaN	NaN	NaN
KRT2_AcK_K188	NaN	NaN	NaN	NaN	NaN	NaN
HIST2H2BC_AcK_K17	NaN	NaN	NaN	NaN	NaN	NaN
THOC5_AcK_K24	25.124148	118.941264	181.767712	252.5193	165.12351	219.9892
ACOT9_AcK_K103	1401.97344	201.096576	3368.99262	563.498595	638.526482	489.439
LMNA_AcK_K171	326.79192	210.84336	227.67332	232.41735	225.4751	112.739
ACAT2_AcK_K170	164.665032	273.08736	338.17567	289.64265	466.16724	246.613
HIST2H2BE_AcK_K21	NaN	NaN	NaN	NaN	NaN	NaN
DLAT_AcK_K473	350.8848	106.636896	524.76662	210.1242	114.14321	243.506
PDIA4_AcK_K506	118.995912	374.11488	339.55866	335.48955	400.77122	198.081
NAA50_AcK_K140	325.52268	508.903776	2049.60889	893.743455	843.85428	356.2157
HIST2H2BE_AcK_K17	NaN	NaN	NaN	NaN	NaN	NaN
NUMA1_AcK_K1624	241.8192	473.77872	459.86591	599.1315	291.78634	779.167
TUBA3C_AcK_K394	NaN	NaN	NaN	NaN	NaN	NaN
PSMD9_AcK_K123	34.019328	34.472736	75.16607	46.07955	36.674728	5.8691
DUT_AcK_K251	107.384256	197.28432	120.249773	171.43005	861.3654	238.97
HIST1H2AA_AcK_K9	NaN	NaN	NaN	NaN	NaN	NaN
NPM1_AcK_K141	514.99644	791.06112	1363.45748	1220.4786	1074.23244	766.418
VDAC2_AcK_K74	685.020504	926.142336	2446.69124	1101.035925	1747.63604	1739.994
IDH1_AcK_K81	136.651032	61.132608	151.147927	55.22352	101.595182	34.8869
NT5DC1_AcK_K359	133.114464	391.34592	841.39405	479.3646	817.52328	92.9161
HIST2H3D_AcK_K19	NaN	NaN	NaN	NaN	NaN	NaN
ALDOC_AcK_K200	NaN	NaN	NaN	NaN	NaN	NaN
CT45A4_AcK_K140	NaN	NaN	NaN	NaN	NaN	NaN
MAPRE2_AcK_K156	416.69544	541.793664	520.736951	276.4493655	7490.97922	124.9892
HIST1H2BM_AcK_K17	NaN	NaN	NaN	NaN	NaN	NaN
RBM27_AcK_K799	39.182976	103.348512	134.680847	177.8139	82.594384	52.3274
PTMA_AcK_K103	326.9891016	997.38144	2097.877978	2599.397625	1929.569716	223.67903
PCNP_AcK_K89	268.78236	725.87088	829.49937	971.92095	580.26288	238.4055
LAMA5_AcK_K2481	1133.18688	236.34864	279.888035	290.92008	245.673322	172.3156
MYH10_AcK_K78	NaN	NaN	NaN	NaN	NaN	NaN
MSN_AcK_K83	83.488944	205.65936	171.44729	201.4881	63.920278	66.6659
HIST1H2BD_AcK_K44	NaN	NaN	NaN	NaN	NaN	NaN
HIST1H2BH_AcK_K17	NaN	NaN	NaN	NaN	NaN	NaN
LMNB1_AcK_K271	381.4188	232.92432	504.91854	159.43752	1433.8938	331.737
HADHA_AcK_K353	290.5896	140.398704	1020.8205	300.53265	342.8792	250.034
RUNX1_AcK_K24	175.801752	378.92016	535.03359	513.48165	354.363	53.7865
HBB_AcK_K96	4824.3468	308.8540944	903.9892561	796.898388	686.557308	488.16071
KAT6B_AcK_K440	NaN	NaN	NaN	NaN	NaN	NaN
EIF4A1_AcK_K174	563.860416	1311.32592	1682.61905	1839.50415	1252.15362	793.204
HIST1H4A_AcK_K5	NaN	NaN	NaN	NaN	NaN	NaN
CXXC1_AcK_K250	33.44124	38.06496	51.491503	47.052555	105.296798	49.1981
ALDOA_AcK_K200	123.4045008	269.132544	239.5408232	243.52119	215.204804	137.635
HIST1H2BC_AcK_K121	NaN	NaN	NaN	NaN	NaN	NaN
YWHAQ_AcK_K11	NaN	NaN	NaN	NaN	NaN	NaN
HIST2H2AB_AcK_K10	NaN	NaN	NaN	NaN	NaN	NaN
MIF_AcK_K78	663.51768	820.70568	727.165999	950.406765	847.823628	357.8662
FBN1_AcK_K666	1434.78552	42.82632	141.213261	130.405275	90.518474	83.9836
HIST3H2A_AcK_K10	NaN	NaN	NaN	NaN	NaN	NaN
ANXA6_AcK_K9	NaN	NaN	NaN	NaN	NaN	NaN
STMN2_AcK_K87	NaN	NaN	NaN	NaN	NaN	NaN
UBA1_AcK_K671	109.01604	296.41824	342.13949	461.6634	149.98084	112.265
HMGB2_AcK_K59	1186.105536	3110.7384	2931.27548	2200.308	1099.58256	2695.622
H3F3A_AcK_K23	NaN	NaN	NaN	NaN	NaN	NaN
ETS1_AcK_K245	128.70675888	306.183168	701.765673	1243.26345	316.277922	122.6438
STK39_AcK_K312	222.79152	243.72864	400.77086	294.7329	634.0813	286.469
UMPS_AcK_K162	86.133264	198.38016	310.75576	365.7984	216.26528	139.716
HMGB1_AcK_K59	808.77216	1304.8416	1730.77415	1373.72235	1053.4075	786.482
RPS18_AcK_K94	248.87184	279.07488	413.83923	320.7138	254.77554	221.528
HIST1H2BN_AcK_K16	NaN	NaN	NaN	NaN	NaN	NaN
ANXA2_AcK_K169	3827.328624	1638.25776	1469.33913	1743.878565	6453.1318	506.524538
EEF1G_AcK_K294	171.31968	387.8208	368.42113	356.76465	186.68478	236.247
HIST1H2BC_AcK_K17	NaN	NaN	NaN	NaN	NaN	NaN
HIST2H2BD_AcK_K13	NaN	NaN	NaN	NaN	NaN	NaN
TUBB6_AcK_K252	NaN	NaN	NaN	NaN	NaN	NaN
LGALS4_AcK_K83	184.18344	162.12528	291.3617	224.6574	265.25836	164.945
HADHA_AcK_K60	336.88536	5.7624192	375.70638	120.466995	187.17924	58.1691
ALB_AcK_K97	4254.641328	422.32263264	1027.599888	852.10554	1049.719954	676.0876
NUDT21_AcK_K23	1667.156064	2979.925632	7241.35818	6339.7323	5275.335718	2637.6323
SRSF1_AcK_K174	59.91468	305.3592	497.04725	500.42685	358.53308	354.224
KRT8_AcK_K101	834.1998	1967.634864	3965.26578	1880.93994	3991.30658	552.4671
ANXA8L1_AcK_K297	NaN	NaN	NaN	NaN	NaN	NaN
HIST2H2BD_AcK_K25	NaN	NaN	NaN	NaN	NaN	NaN
H3F3A_AcK_K9	NaN	NaN	NaN	NaN	NaN	NaN
EWSR1_AcK_K439	727.599264	1791.1224	1665.56593	2477.73735	1718.8046	2984.98
HIST1H2BL_AcK_K13	NaN	NaN	NaN	NaN	NaN	NaN
ALB_AcK_K161	10353.3612	190.7208	889.438543	740.286459	846.8432572	506.7259
ACTC1_AcK_K63	NaN	NaN	NaN	NaN	NaN	NaN
CTTN_AcK_K309	153.52596	397.86048	428.94747	501.4449	527.45884	90.4013
DDX24_AcK_K17	509.574408	416.224512	772.853613	1423.5243	259.017712	1585.893
TTN_AcK_K1054	155.865024	193.9069296	623.3133354	462.53538045	1713.0359	200.168
DLST_AcK_K277	628.187784	732.29904	2350.74168	822.111345	874.404136	1147.265
FOSL2_AcK_K135	NaN	NaN	NaN	NaN	NaN	NaN
HNRNPL_AcK_K34	81.404484	1377.91584	1063.799772	1070.0712	833.880928	250.5819
HIST1H2BN_AcK_K17	NaN	NaN	NaN	NaN	NaN	NaN
RPL26_AcK_K77	NaN	NaN	NaN	NaN	NaN	NaN
HIST2H3D_AcK_K24	NaN	NaN	NaN	NaN	NaN	NaN
HIST1H2BA_AcK_K122	NaN	NaN	NaN	NaN	NaN	NaN
ING4_AcK_K236	102.257568	130.823136	169.71332	156.252855	258.48198	175.619
HIST1H2BD_AcK_K12	NaN	NaN	NaN	NaN	NaN	NaN
TUBB_AcK_K252	295.44564	576.14544	589.74461	430.70115	909.6724	442.245
HNRNPA1_AcK_K52	258.85524	333.990864	586.06576	493.456755	445.72018	311.9634
EIF5A2_AcK_K68	NaN	NaN	NaN	NaN	NaN	NaN
TUBA1A_AcK_K394	666.93144	762.14448	706.36818	691.9704	465.42756	742.886
RNASEL_AcK_K684	617.91576	759.71808	1257.34882	403.658145	1519.0575	535.899
HIST1H2AC_AcK_K10	NaN	NaN	NaN	NaN	NaN	NaN
GAPDH_AcK_K194	1557.709272	3253.23792	1492.620052	1283.38815	1654.490496	1034.5062
ECHDC1_AcK_K217	643.3896	53.770032	300.88807	146.081265	115.367836	177.29
PFKP_AcK_K486	66.42888	141.48144	106.561875	139.27485	123.171862	104.457
HNRNPAB_AcK_K215	112.848288	459.32688	592.53152	588.9774	343.89894	295.192
CTPS1_AcK_K466	43.612128	234.47232	52.313247	50.778915	48.064058	58.1588
FKBP1C_AcK_K36	NaN	NaN	NaN	NaN	NaN	NaN
TPM2_AcK_K168	NaN	NaN	NaN	NaN	NaN	NaN
NCOA2_AcK_K780	160.42824	431.31744	879.35302	687.258	1230.6694	268.6745
HSPD1_AcK_K389	86.526216	29.413008	333.8818	57.812535	82.789488	145.729
HIST3H2BB_AcK_K25	NaN	NaN	NaN	NaN	NaN	NaN
MITF_AcK_K128	100.597224	142.724016	182.48706	142.91475	100.703948	106.764
EP300_AcK_K1707	4.7271	30.691728	44.803402	38.45226	19.600314	37.8098
GOT2_AcK_K52	30.7250664	10.1657952	92.243018	28.700133	24.3073454	62.3279
ATP5A1_AcK_K240	1351.40544	0	110.514425	89.11518	64.40844	426.28
PRDX1_AcK_K109	64.965768	115.450128	129.001411	95.16276	96.631554	62.0776
RRP9_AcK_K25	45.593016	319.608	557.5752	638.913	444.39894	253.0192
HIST1H2BC_AcK_K25	NaN	NaN	NaN	NaN	NaN	NaN
KRT17_AcK_K172	NaN	NaN	NaN	NaN	NaN	NaN
ACTG1_AcK_K61	NaN	NaN	NaN	NaN	NaN	NaN
ACAT1_AcK_K174	2266.99872	264.3436512	2667.239505	968.24145	707.037466	2016.075
KRT84_AcK_K175	NaN	NaN	NaN	NaN	NaN	NaN
HIST1H1E_AcK_K32	260.81832	199.05984	148.608796	273.88185	130.582598	517.38
LMNA_AcK_K270	1660.8984	466.18848	647.436545	810.6813	615.64156	317.1111
HIST2H2BE_AcK_K16	NaN	NaN	NaN	NaN	NaN	NaN
TUBB3_AcK_K58	164.307024	283.06944	305.44437	324.55665	220.97538	159.821
TUBB4B_AcK_K252	NaN	NaN	NaN	NaN	NaN	NaN
HADHA_AcK_K735	598.836	248.2056	713.73715	310.893	236.57834	514.923
UBE2E2_AcK_K52	119.588616	236.47248	305.8839	243.34035	252.88614	63.9535
HIST1H2BL_AcK_K17	NaN	NaN	NaN	NaN	NaN	NaN
SLTM_AcK_K803	113.224608	354.76416	369.29536	547.48815	271.61532	229.496
HIST1H2BH_AcK_K12	NaN	NaN	NaN	NaN	NaN	NaN
CBX1_AcK_K84	116.97	317.787696	500.061492	458.30598	542.852492	502.8602
VDAC3_AcK_K119	NaN	NaN	NaN	NaN	NaN	NaN
PSMC1_AcK_K258	69.909672	172.23696	153.948039	139.522845	134.36582	130.011
NHP2L1_AcK_K21	437.152464	626.1732	1302.277641	670.20756	1567.750286	1189.194
TUBB2A_AcK_K252	NaN	NaN	NaN	NaN	NaN	NaN
HBD_AcK_K96	725.71968	96.46488	275.83647	210.84195	159.67842	141.104
TUBAL3_AcK_K401	NaN	NaN	NaN	NaN	NaN	NaN
LGALS3_AcK_K227	303.5844	400.99248	889.22232	296.49015	506.7009	157.475
WARS_AcK_K465	225.7164	197.71632	418.38426	301.55235	210.40948	136.337
ALB_AcK_K44	3404.22432	52.485696	377.194986	322.90401	157.840476	184.9563
HIST1H2BO_AcK_K25	NaN	NaN	NaN	NaN	NaN	NaN
U2SURP_AcK_K760	29.0205888	325.01664	272.197387	442.49535	205.259458	126.9782
LDHA_AcK_K118	231.06888	107.74944	144.419254	307.93785	124.835606	56.7456
GPD2_AcK_K634	262.54368	321.444	674.89107	422.9379	425.74614	405.118
VDAC2_AcK_K235	91.26768	272.06784	354.23864	238.0356	261.0186	168.704
NCL_AcK_K62	760.684344	1056.65904	1471.27435	1638.36585	779.14702	357.559
HIST2H2BF_AcK_K121	2177.77224	535.151664	1157.08446	786.308655	923.51192	1506.386
TPR_AcK_K723	138.275928	301.29696	457.24644	493.4523	238.55082	270.923
ALB_AcK_K223	39310.59048	14.609376	1272.174827	1079.3570535	713.956819846	629.5550137
ALB_AcK_K286	3297.94248	126.821232	313.509504	315.966915	423.003294	170.243
ANXA1_AcK_K242	239.740032	762.65712	1537.23605	745.5063	930.04576	92.9616
KRT19_AcK_K168	202.770624	1314.1944	105.997087	215.354535	130.222942	125.5917
HIST1H2BB_AcK_K120	NaN	NaN	NaN	NaN	NaN	NaN
HBA2_AcK_K100	19541.033904	2249.3022336	4786.2682945	4079.1235485	3331.6657046	2940.9796
PHF2_AcK_K940	33.591768	64.026576	85.114582	73.56129	49.332636	72.1628
ILF2_AcK_K186	200.2476	313.8192	494.3183	403.24845	220.88962	362.975
HSPD1_AcK_K31	420.40824	616.77072	1714.90116	789.52335	851.7777	783.356
ATRX_AcK_K967	715.81188	752.733504	2735.07605	2240.33205	1883.5107	1344.08
HIST1H2BJ_AcK_K16	NaN	NaN	NaN	NaN	NaN	NaN
HIST2H2BD_AcK_K21	NaN	NaN	NaN	NaN	NaN	NaN
GAPDH_AcK_K139	188.142696	916.67232	297.737461	302.659005	302.776618	293.803
TPM2_AcK_K161	NaN	NaN	NaN	NaN	NaN	NaN
RPL5_AcK_K283	136.13796	709.14096	661.52646	1494.7746	447.60422	284.534
PAFAH1B1_AcK_K54	220.5336	447.22512	264.67756	211.7775	246.9419	146.923
CREBBP_AcK_K1592	NaN	NaN	NaN	NaN	NaN	NaN
HIST2H2AB_AcK_K6	NaN	NaN	NaN	NaN	NaN	NaN
YWHAQ_AcK_K49	NaN	NaN	NaN	NaN	NaN	NaN
TPR_AcK_K854	190.532832	239.799456	372.22556	363.6105	298.34698	716.635
HIST1H2BL_AcK_K12	NaN	NaN	NaN	NaN	NaN	NaN
TPM1_AcK_K248	524.19528	569.78928	209.27263	306.75315	454.0992	178.699
H2AFJ_AcK_K10	NaN	NaN	NaN	NaN	NaN	NaN
LBR_AcK_K594	202.17624	357.96528	534.72447	209.57805	688.1838	734.621
DHRS2_AcK_K79	106.30032	111.423888	102.860002	5052.0888	0	152.1494
HIST1H2AC_AcK_K6	NaN	NaN	NaN	NaN	NaN	NaN
RRS1_AcK_K333	26.153064	88.309872	208.11987	189.0471	88.59142	99.9916
NPM1_AcK_K250	212.254728	1626.1416	2098.98759	1097.24175	1588.45744	1061.821
SON_AcK_K16	288.834672	631.15776	634.81817	606.5136	443.34972	1737.763
MTHFD2_AcK_K44	227.86848	545.06016	759.13271	392.6934	145.04294	527.212
HBE1_AcK_K145	NaN	NaN	NaN	NaN	NaN	NaN
EIF5A_AcK_K85	109.809672	216.58896	194.44453	193.9674	138.2277	89.7209
PRDX3_AcK_K91	775.57536	323.222688	1482.21752	523.78755	390.48404	483.305
HIST1H2BJ_AcK_K121	NaN	NaN	NaN	NaN	NaN	NaN
SMEK1_AcK_K655	38.943072	120.091536	258.743422	116.85993	98.9992	82.8583
HNRNPA2B1_AcK_K59	151.254432	609.192288	623.547526	815.06205	591.798538	525.359
ACTA1_AcK_K63	NaN	NaN	NaN	NaN	NaN	NaN
HIST2H2BC_AcK_K24	NaN	NaN	NaN	NaN	NaN	NaN
HIST3H3_AcK_K15	NaN	NaN	NaN	NaN	NaN	NaN
GLUD1_AcK_K527	532.39368	20.11608	546.14098	159.33159	120.930042	99.3043
MYH10_AcK_K1256	800.0664	250.12944	474.69884	385.2948	452.88784	225.65
HIST1H2BM_AcK_K44	NaN	NaN	NaN	NaN	NaN	NaN
HNRNPM_AcK_K698	463.719312	667.992096	1185.97591	894.862155	1915.348296	965.106
KRT18_AcK_K372	222.31776	359.85744	214.774	239.3622	341.11576	208.484
SLC25A6_AcK_K33	145.533528	294.826896	1004.75592	279.18297	331.760282	721.273
HIST3H2A_AcK_K6	NaN	NaN	NaN	NaN	NaN	NaN
HIST1H2BO_AcK_K16	NaN	NaN	NaN	NaN	NaN	NaN
CT45A6_AcK_K140	NaN	NaN	NaN	NaN	NaN	NaN
TRAP1_AcK_K424	265.8342456	179.9205552	2129.65004	513.5064	374.899706	891.3274
HIST1H2BO_AcK_K12	NaN	NaN	NaN	NaN	NaN	NaN
NEBL_AcK_K23	465.555048	110.5884	277.757844	55.34463	4040.98574	58.73542
ACSS2_AcK_K418	479.322816	631.51632	528.24905	523.3371	888.84076	352.312
ACTN4_AcK_K622	59.24856	182.03904	85.6198	65.83005	150.52086	29.429
SRSF1_AcK_K179	107.50404	204.75936	347.89846	298.3464	679.51668	266.041
BRD1_AcK_K523	401.19744	248.1336	828.6348	470.2929	531.5445	317.296
ME2_AcK_K74	75.577152	79.36272	216.9636	136.719165	89.335656	300.831
HIST1H2BL_AcK_K25	NaN	NaN	NaN	NaN	NaN	NaN
EIF5A2_AcK_K85	NaN	NaN	NaN	NaN	NaN	NaN
RAB1B_AcK_K58	NaN	NaN	NaN	NaN	NaN	NaN
HBB_AcK_K60	5773.91304	323.7696	396.463144	348.425385	314.238576	167.106
HIST3H2BB_AcK_K24	NaN	NaN	NaN	NaN	NaN	NaN
PPHLN1_AcK_K180	75.920208	192.01536	300.29237	487.5915	234.08058	198.082
HIST2H2BC_AcK_K16	NaN	NaN	NaN	NaN	NaN	NaN
HIST4H4_AcK_K9	NaN	NaN	NaN	NaN	NaN	NaN
TUBB4A_AcK_K252	NaN	NaN	NaN	NaN	NaN	NaN
ARPP19_AcK_K109	88.291224	219.26016	244.66365	387.78795	132.350594	130.238
WDR1_AcK_K180	71.867208	64.16856	110.189205	63.09666	48.658482	24.3361
ALDOA_AcK_K147	943.237512	6536.56176	2870.86828	1888.7583	1268.59408	1389.356
HIST1H3A_AcK_K14	373.26912	351.9432	435.72396	485.9085	347.6898	328.489
TAOK1_AcK_K820	87.805872	227.20176	171.26858	205.4547	169.01956	97.6787
SPR_AcK_K230	213.68508	1393.47648	1614.31963	1014.74505	1784.9537	587.069
HIST1H2BK_AcK_K13	NaN	NaN	NaN	NaN	NaN	NaN
HIST1H4A_AcK_K12	NaN	NaN	NaN	NaN	NaN	NaN
PGK1_AcK_K75	23.599968	79.814448	174.65602	133.342605	150.83442	45.3454
TUBB4B_AcK_K58	148.902768	216.1368	211.25293	210.2166	194.25846	102.117
TUBA4A_AcK_K394	NaN	NaN	NaN	NaN	NaN	NaN
HIST2H2BE_AcK_K25	NaN	NaN	NaN	NaN	NaN	NaN
H3F3A_AcK_K4	NaN	NaN	NaN	NaN	NaN	NaN
GPI_AcK_K142	268.835784	674.33472	514.20019	467.4516	439.55484	312.902
BCLAF1_AcK_K335	519.964368	1134.30528	2104.11544	1988.80605	1320.35962	1103.722
H2BFS_AcK_K44	NaN	NaN	NaN	NaN	NaN	NaN
VIM_AcK_K402	NaN	NaN	NaN	NaN	NaN	NaN
HIST1H2BL_AcK_K24	NaN	NaN	NaN	NaN	NaN	NaN
NCOA2_AcK_K640	168.01176	498.0888	589.57395	526.4985	377.01972	132.3393
ITPR3_AcK_K250	100.15068	179.70768	367.17982	434.148	125.002704	139.924
TRIM28_AcK_K254	200.76504	542.99952	615.3259	1052.0103	520.17728	430.002
TPM4_AcK_K125	NaN	NaN	NaN	NaN	NaN	NaN
PPIA_AcK_K151	20.5082304	430.58592	508.51689	845.62995	334.139184	100.411
FLNA_AcK_K578	783.05976	281.759616	414.452318	737.83545	363.624812	124.3846
HLA-A_AcK_K267	22.8705288	244.202832	0	75.89175	13.3818966	7.22819
HBA2_AcK_K91	17880.357768	2071.21455504	4436.1227736	3827.575224	2935.0184954	2720.50329
RPL3_AcK_K136	123.647832	785.89296	477.14282	660.5379	378.19088	406.233
CT45A7_AcK_K140	NaN	NaN	NaN	NaN	NaN	NaN
TPI1_AcK_K51	185.27208	264.45024	405.05185	216.4668	212.61512	72.2588
HADHB_AcK_K181	239.29248	235.66752	937.95541	402.64455	393.73354	422.242
ACTG2_AcK_K329	NaN	NaN	NaN	NaN	NaN	NaN
RUVBL1_AcK_K171	126.653016	166.3488	300.09595	261.2346	352.07964	309.484
HIST1H2BN_AcK_K13	NaN	NaN	NaN	NaN	NaN	NaN
EP300_AcK_K1558	NaN	NaN	NaN	NaN	NaN	NaN
CT45A1_AcK_K140	296.008272	364.79664	418.051151	6721.902	107.279864	228.7797
DDX17_AcK_K109	268.45812	888.32448	811.36433	1077.3048	714.82032	627.674
NAA50_AcK_K34	3717.74809896	1702.80288864	7551.050696	4689.64089	3360.0045338	2000.977
CREBBP_AcK_K1744	174.347544	418.457808	591.70237	557.95971	450.02828	692.019
HIST1H1B_AcK_K109	NaN	NaN	NaN	NaN	NaN	NaN
HIST2H2BF_AcK_K16	NaN	NaN	NaN	NaN	NaN	NaN
HNRNPD_AcK_K243	80.161536	227.8296	334.29074	332.97495	148.55508	290.091
CT45A2_AcK_K140	NaN	NaN	NaN	NaN	NaN	NaN
HMGB2_AcK_K172	133.085232	888.482448	1984.84503	1762.09275	1816.5241	751.421
PPIL2_AcK_K482	156.271416	353.71872	150.587808	414.58725	252.4091	117.116
KRT7_AcK_K122	518.66304	597.49632	1134.59437	411.58854	693.8252	139.4397
ACTB_AcK_K61	180.252576	542.15496	539.873733	531.372765	345.438868	129.5879
ENO1_AcK_K256	182.331912	1476.90864	1215.16038	1359.6033	959.72542	342.512
HIST1H2BM_AcK_K21	NaN	NaN	NaN	NaN	NaN	NaN
MATR3_AcK_K473	145.401648	131.140368	213.55201	231.4191	200.04056	211.018
BRPF3_AcK_K449	779.73	891.07488	1142.23382	931.2237	2383.08816	726.76
MYH11_AcK_K1256	2036.9496	5.0929344	266.87682	257.84385	227.99296	103.354
CAST_AcK_K43	216.57216	291.76704	384.99447	401.8212	454.17826	126.132
CLIC5_AcK_K333	217.990584	586.133136	1538.57396	980.463	997.8645	122.152
SHMT2_AcK_K103	126.067872	99.962352	1080.67225	378.0645	302.61488	383.496
H2BFS_AcK_K13	NaN	NaN	NaN	NaN	NaN	NaN
GAPDH_AcK_K334	54.098184	128.185488	39.346307	95.442435	36.815428	51.2096
HIST1H2BJ_AcK_K12	NaN	NaN	NaN	NaN	NaN	NaN
LMNB2_AcK_K520	1125.24048	154.32624	361.82657	389.35875	304.0594	253.931
HSPE1_AcK_K8	182.317296	1033.9848	3060.52628	1094.0424	943.561	546.877
SOD2_AcK_K130	5993.06064	359.297856	6375.7932	472.130175	613.325906	1125.218
CSRP2BP_AcK_K292	49.810824	157.15728	363.23532	246.3978	177.05956	163.317
HIST1H2BH_AcK_K121	NaN	NaN	NaN	NaN	NaN	NaN
HIST1H4A_AcK_K16	4312.056	63.904896	456.71353	570.065925	204.300956	284.007
HIST1H2BJ_AcK_K24	NaN	NaN	NaN	NaN	NaN	NaN
ANP32A_AcK_K68	245.09352	353.69136	353.5238	379.8036	274.95594	164.417
PSMA6_AcK_K104	726.53952	957.47184	1196.349301	642.29616	1404.24764	326.051
EP400_AcK_K1553	82.097904	197.6480208	270.121614	327.5421435	225.2345566	202.10804
BRD2_AcK_K345	260.60832	162.58176	302.31453	263.5908	497.82206	351.988
ENO1_AcK_K262	107.768808	1005.02064	777.86667	867.91155	497.37584	286.791
HIST1H2BH_AcK_K13	NaN	NaN	NaN	NaN	NaN	NaN
PYGB_AcK_K811	47.62884	56.562912	101.297497	100.029435	142.87482	20.8858
HSP90AA1_AcK_K567	NaN	NaN	NaN	NaN	NaN	NaN
ALDH4A1_AcK_K93	519.79368	62.824896	462.12957	195.86985	83.57379	615.438
FIP1L1_AcK_K294	104.295912	362.56032	682.67542	778.5525	180.9	162.059
HIST1H2BJ_AcK_K25	NaN	NaN	NaN	NaN	NaN	NaN
H2BFS_AcK_K24	NaN	NaN	NaN	NaN	NaN	NaN
LASP1_AcK_K205	19.688004	133.757424	181.4953	91.305225	554.004776	17.7763
COL4A4_AcK_K1688	371.46312	98.387136	216.67058	166.7028	308.90752	97.139
PTMS_AcK_K92	14.3615472	76.198176	25.405478	118.07928	16.522602	19.875
PBK_AcK_K12	82.813416	209.94048	366.14942	397.0626	397.99474	166.106
HIST1H2BO_AcK_K121	NaN	NaN	NaN	NaN	NaN	NaN
TAGLN2_AcK_K88	229.62576	250.19136	307.11072	316.0047	244.01534	201.867
HIRA_AcK_K114	180.343464	54.044928	167.850067	97.12527	47.306958	252.682
TIMP3_AcK_K50	NaN	NaN	NaN	NaN	NaN	NaN
TPM2_AcK_K248	NaN	NaN	NaN	NaN	NaN	NaN
PHIP_AcK_K1399	160.811616	87.797952	179.37332	128.691255	180.74858	246.082
S100A6_AcK_K47	126.468216	167.889888	288.361143	262.67967	169.628322	59.6166
VDAC3_AcK_K115	NaN	NaN	NaN	NaN	NaN	NaN
BRD1_AcK_K23	1036.2046128	335.79864	622.537412	616.384065	393.8184156	651.7689
ACIN1_AcK_K238	21.389424	24.809472	55.799541	40.422855	33.607736	48.2148
ACTR3_AcK_K244	34.662768	86.57856	69.349462	66.97119	79.044054	14.2046
PGK1_AcK_K156	192.785376	270.515232	468.781124	405.885315	351.749866	294.469
KRT7_AcK_K394	NaN	NaN	NaN	NaN	NaN	NaN
CREBBP_AcK_K1591	NaN	NaN	NaN	NaN	NaN	NaN
BRD3_AcK_K307	86.532768	135.905184	236.42206	229.4325	175.52124	208.582
HSP90AB2P_AcK_K332	NaN	NaN	NaN	NaN	NaN	NaN
HBA2_AcK_K140	11772.096168	682.0684272	903.1377432	1046.696805	728.275461	546.08348
HSP90AB1_AcK_K354	NaN	NaN	NaN	NaN	NaN	NaN
EZR_AcK_K79	347.0544	501.2136	844.24214	614.40555	716.431	307.784
HLA-A_AcK_K267	NaN	NaN	NaN	NaN	NaN	NaN
CAP1_AcK_K81	193.15296	307.7208	293.63663	339.89175	352.96538	206.707
HIST1H4G_AcK_K17	NaN	NaN	NaN	NaN	NaN	NaN
EP300_AcK_K1583	50.340528	138.372624	92.83099	150.153135	54.630594	393.837
XRN2_AcK_K641	45.17772	76.882608	92.390333	104.955015	60.71808	66.3168
SFN_AcK_K49	NaN	NaN	NaN	NaN	NaN	NaN
H2AFZ_AcK_K7	0	131.634288	349.65014	301.2834	215.3246	143.502
TUBA1A_AcK_K311	717.813096	492.749856	583.52035	599.82483	544.98269	407.2071
KRT76_AcK_K193	NaN	NaN	NaN	NaN	NaN	NaN
CCT8_AcK_K318	317.4024	755.64432	718.88432	504.7746	1933.79822	626.586
HIST2H2BF_AcK_K21	340.22856	212.4	493.35713	771.4278	467.44158	76.8216
MED12_AcK_K80	63.31332	50.45256	122.76733	91.7631	58.724696	94.396
HIST2H3D_AcK_K80	NaN	NaN	NaN	NaN	NaN	NaN
TUBA8_AcK_K394	NaN	NaN	NaN	NaN	NaN	NaN
EP300_AcK_K1555	NaN	NaN	NaN	NaN	NaN	NaN
COL6A3_AcK_K1418	332.70552	158.89104	170.57628	183.7275	128.381782	116.34
EEF2_AcK_K259	83.124216	1146.61152	588.3262	1122.60885	589.3789	162.0393
WDR33_AcK_K46	43.7514	82.321776	122.053134	132.079365	444.224606	86.4313
PDLIM2_AcK_K282	5725.0536	808.463808	869.559551	698.94924	2934.024872	415.8192
HNRNPL_AcK_K59	50.301888	127.199232	57.534155	87.5094	56.700492	206.902
HSPA1B_AcK_K524	41.425944	39.132	73.888857	6.968478	1085.93466	22.6384
HIST1H2BO_AcK_K17	NaN	NaN	NaN	NaN	NaN	NaN
ACTG2_AcK_K62	NaN	NaN	NaN	NaN	NaN	NaN
NCL_AcK_K70	259.913136	840.71232	1528.1154	1299.49545	903.48026	317.897
BGN_AcK_K254	2613.98088	0	63.131481	40.7216865	70.57311	49.11471
YWHAB_AcK_K51	NaN	NaN	NaN	NaN	NaN	NaN
GTF2F1_AcK_K407	293.871648	831.23856	1038.11834	1625.57175	738.43112	405.759
NACA_AcK_K2005	192.568656	450.50256	726.24202	614.3082	728.99216	264.822
HBB_AcK_K145	17030.183856	1282.34446272	3141.43955734	2887.8518361	2519.9412076	1465.549499
ACADS_AcK_K306	236.80188	131.991984	574.26607	165.944955	137.585572	113.4929
RPS8_AcK_K148	45.12564	352.56672	359.17812	382.49805	224.46206	174.044
RPL35_AcK_K43	588.94248	739.84176	505.46111	1601.55765	393.00324	534.913
ATP5H_AcK_K149	1191.729504	389.0037744	1136.141741	619.14732	498.143794	777.3932
ALB_AcK_K229	8908.89384	852.175200816	1186.66016	1306.519335	865.748942	436.2915
MDH1_AcK_K239	777.08904	457.49232	744.51713	291.311625	3711.18896	98.31595
HIST1H1B_AcK_K35	173.219088	240.152112	219.23853	273.960885	169.67884	414.755
PGK2_AcK_K156	NaN	NaN	NaN	NaN	NaN	NaN
PPP1CB_AcK_K140	NaN	NaN	NaN	NaN	NaN	NaN
IDH2_AcK_K106	150.430056	18.943776	215.18938	99.47949	115.985576	180.14
RPL27_AcK_K117	183.49632	502.6104	498.01647	692.3961	311.9922	224.94
HIST1H1A_AcK_K109	NaN	NaN	NaN	NaN	NaN	NaN
TK1_AcK_K220	177.47856	215.9208	371.67011	260.172	321.73534	288.103
HNRNPU_AcK_K635	301.15176	411.5088	576.09986	526.3005	421.2491	334.954
DOCK7_AcK_K1962	173.730648	299.150784	373.135693	343.541715	290.73779	434.2991
SFN_AcK_K11	NaN	NaN	NaN	NaN	NaN	NaN
ZFR_AcK_K509	234.547656	518.10768	950.97226	885.88995	682.75278	521.908
HSPA9_AcK_K567	31.9158	41.78664	222.39252	137.05626	136.05422	148.434
ACTR3_AcK_K348	806.01192	771.38928	672.10416	648.64305	585.06544	261.264
H2AFZ_AcK_K11	NaN	NaN	NaN	NaN	NaN	NaN
IDE_AcK_K899	313.80048	357.83136	596.34883	444.9192	392.20058	248.148
EEF2_AcK_K272	116.25432	263.53584	415.61828	630.93855	373.14712	87.0987
HIST4H4_AcK_K6	NaN	NaN	NaN	NaN	NaN	NaN
U2SURP_AcK_K88	45.154032	201.9672	175.18088	356.26635	397.23898	39.2
HIST3H2BB_AcK_K21	NaN	NaN	NaN	NaN	NaN	NaN
MDH2_AcK_K157	144.291504	74.544912	611.36208	137.17308	124.78482	157.214
PCNA_AcK_K80	58.820328	230.856336	273.359324	459.17652	128.751354	151.819
MYH9_AcK_K74	465.608976	930.3768	1095.84006	1393.74015	1018.4737	311.6248
PRKDC_AcK_K3455	194.025048	303.771888	698.94769	454.2912	532.64732	1000.867
GOT2_AcK_K302	39.482016	14.997456	492.88701	94.16286	67.060032	180.099
HBZ_AcK_K100	NaN	NaN	NaN	NaN	NaN	NaN
HYPK_AcK_K35	318.419808	280.367136	376.940767	218.346645	305.81078	99.6067
CSNK1G2_AcK_K51	NaN	NaN	NaN	NaN	NaN	NaN
FASN_AcK_K2186	183.372	278.38368	514.41915	333.54915	418.5423	113.96
PRKDC_AcK_K4048	391.946184	444.36672	966.77441	817.0998	308.88072	1345.227
MED1_AcK_K1354	54.676272	118.989648	147.077364	137.89512	149.733878	74.2307
ACTC1_AcK_K330	NaN	NaN	NaN	NaN	NaN	NaN
HIST1H2BB_AcK_K16	NaN	NaN	NaN	NaN	NaN	NaN
MDH2_AcK_K165	107.381736	123.855984	488.96988	216.25395	199.057	130.087
POLG2_AcK_K288	282.16272	111.080304	481.9213	216.41235	116.124668	307.333
CAPZA2_AcK_K86	288.9096	123.781824	134.482334	132.317625	73.120852	103.878
RPL14_AcK_K85	153.6696	276.61248	143.008089	252.549	148.73062	186.184
SLC25A22_AcK_K83	337.61952	197.49024	302.91023	223.7499	238.87376	497.257
PRELP_AcK_K277	5730.83952	80.4289104	432.38965	349.351695	415.561068	224.4997
COL6A3_AcK_K2464	1227.5928	32.21424	144.379487	161.858565	126.60789	91.2357
ANXA1_AcK_K161	176.526	161.79552	153.885249	129.10953	105.103436	350.688
LMNA_AcK_K417	52.22448	259.19856	273.86583	463.31175	293.7749	111.599
ANXA8_AcK_K297	635.92032	787.56048	135.209249	896.6958	99.507998	237.867
ACOT13_AcK_K127	449.94936	99.95472	832.0641	299.24499	558.1033	522.638
HIST1H3A_AcK_K23	395.86596	976.807152	777.281113	944.288235	675.805952	1145.975
H3F3C_AcK_K15	NaN	NaN	NaN	NaN	NaN	NaN
TUBA1B_AcK_K311	NaN	NaN	NaN	NaN	NaN	NaN
HIST1H2BN_AcK_K24	NaN	NaN	NaN	NaN	NaN	NaN
DLD_AcK_K420	1550.505264	616.038336	2951.71604	1555.518855	832.617442	1819.625
RCC2_AcK_K293	16.943304	45.071568	50.107708	45.59643	44.694494	137.172
C11orf58_AcK_K174	67.849656	133.080192	150.721438	287.2386	187.6067	36.48
ANXA1_AcK_K239	116.68104	749.77344	475.96108	224.0436	862.4843	7.72201
PGK1_AcK_K323	475.22916	1513.53936	796.145	720.93186	1118.18846	410.5956
ACYP1_AcK_K25	71.946336	172.3572	324.41017	258.32565	264.889458	159.0467
HIST3H2BB_AcK_K13	NaN	NaN	NaN	NaN	NaN	NaN
PSMA8_AcK_K54	NaN	NaN	NaN	NaN	NaN	NaN
DDX5_AcK_K33	713.952456	2419.2216	3760.1711	4585.6074	2652.8784	2814.384
HIST2H3D_AcK_K15	NaN	NaN	NaN	NaN	NaN	NaN
HIST2H2BF_AcK_K17	NaN	NaN	NaN	NaN	NaN	NaN
HIST2H2AA3_AcK_K6	NaN	NaN	NaN	NaN	NaN	NaN
TMSB4X_AcK_K4	NaN	NaN	NaN	NaN	NaN	NaN
SLC25A4_AcK_K33	NaN	NaN	NaN	NaN	NaN	NaN
PGK1_AcK_K48	190.44984	279.67968	633.86666	540.04005	325.78884	277.249
TUBA1C_AcK_K311	NaN	NaN	NaN	NaN	NaN	NaN
ARID1A_AcK_K980	85.21044	358.37136	305.93542	411.2097	228.16984	204.204
TPM3_AcK_K162	259.644504	1051.52688	481.15333	752.301	321.26098	131.8139
HIST1H2BC_AcK_K21	NaN	NaN	NaN	NaN	NaN	NaN
HIST1H2BL_AcK_K44	NaN	NaN	NaN	NaN	NaN	NaN
TUFM_AcK_K238	297.54816	244.603584	352.006375	349.13175	133.134226	160.8476
GNB2L1_AcK_K130	271.181568	535.67856	646.05275	628.80345	720.84898	428.557
DTX3L_AcK_K25	85.294104	270.92736	334.56605	357.97245	163.17448	48.5465
HIST1H2AJ_AcK_K10	NaN	NaN	NaN	NaN	NaN	NaN
AASDHPPT_AcK_K151	341.3298	2404.05408	2021.75911	1818.98475	1229.69254	1753.331
HIST1H2AI_AcK_K9	NaN	NaN	NaN	NaN	NaN	NaN
TPR_AcK_K713	625.73112	695.14128	1258.72859	989.6436	986.20248	1350.614
HIST3H2BB_AcK_K17	NaN	NaN	NaN	NaN	NaN	NaN
HSP90AB1_AcK_K559	NaN	NaN	NaN	NaN	NaN	NaN
CRYZ_AcK_K23	76.041168	76.505472	188.94477	82.138815	135.11622	106.58
CFL2_AcK_K114	NaN	NaN	NaN	NaN	NaN	NaN
MEAF6_AcK_K169	0	14.6974752	23.2945748	35.853675	24.7625702	25.57343
HIST1H2BH_AcK_K25	NaN	NaN	NaN	NaN	NaN	NaN
SCP2_AcK_K132	581.79408	843.2352	1523.1083	777.8925	1632.9441	571.58
KPNB1_AcK_K191	49.5370848	164.70936	246.689835	156.54738	200.526444	89.4587
COL6A3_AcK_K1772	3140.85912	512.64144	777.2275	842.49825	415.28878	612.543
HNRNPU_AcK_K551	335.411832	642.98736	717.14391	950.31585	440.70992	482.196
EP300_AcK_K1554	NaN	NaN	NaN	NaN	NaN	NaN
MYH10_AcK_K1452	NaN	NaN	NaN	NaN	NaN	NaN
KIF20A_AcK_K770	48.368712	87.255216	88.278071	109.5864	123.120406	74.0167
ANXA6_AcK_K3	NaN	NaN	NaN	NaN	NaN	NaN
HIST2H2BE_AcK_K13	NaN	NaN	NaN	NaN	NaN	NaN
HIST1H2AA_AcK_K5	NaN	NaN	NaN	NaN	NaN	NaN
H2AFX_AcK_K5	NaN	NaN	NaN	NaN	NaN	NaN
HIST2H2AC_AcK_K10	NaN	NaN	NaN	NaN	NaN	NaN
HIST3H2BB_AcK_K121	NaN	NaN	NaN	NaN	NaN	NaN
MYH11_AcK_K1649	NaN	NaN	NaN	NaN	NaN	NaN
KRT8_AcK_K472	117.217968	370.1808	460.96554	392.52345	455.01308	132.75
DDX42_AcK_K806	.34974912	85.980384	46.194603	131.59377	28.663538	5.69359
CA1_AcK_K157	7939.80936	15.8004	493.565786	470.34504	352.899988	499.3462
HADHA_AcK_K326	652.614144	174.5788752	1022.943768	367.00521	355.018528	356.5259
TUFM_AcK_K91	24.9102	44.664912	262.66184	93.6606	163.76944	105.034
ARHGAP17_AcK_K48	0	10.8718848	19.516259	11.5926195	13.0794184	12.4613
PPAT_AcK_K81	219.4579128	400.505184	579.453651	572.39886	274.906896	462.2626
HIST1H2BN_AcK_K25	NaN	NaN	NaN	NaN	NaN	NaN
H2AFV_AcK_K12	NaN	NaN	NaN	NaN	NaN	NaN
LMNA_AcK_K420	154.944552	440.86032	324.40534	576.97365	286.377698	128.0194
EIF5A_AcK_K68	429.682344	872.604864	1037.105489	1000.353255	478.941728	376.3514
H2AFJ_AcK_K6	NaN	NaN	NaN	NaN	NaN	NaN
YWHAE_AcK_K50	NaN	NaN	NaN	NaN	NaN	NaN
SUMO3_AcK_K41	NaN	NaN	NaN	NaN	NaN	NaN
H3F3A_AcK_K18	NaN	NaN	NaN	NaN	NaN	NaN
VDAC1_AcK_K224	1622.425896	1704.21696	2480.31126	1594.539705	3637.94188	1805.398
HIST2H2BF_AcK_K12	NaN	NaN	NaN	NaN	NaN	NaN
EP300_AcK_K1549	NaN	NaN	NaN	NaN	NaN	NaN
SLC25A18_AcK_K82	NaN	NaN	NaN	NaN	NaN	NaN
GLIPR2_AcK_K114	NaN	NaN	NaN	NaN	NaN	NaN
H3F3C_AcK_K5	NaN	NaN	NaN	NaN	NaN	NaN
H2BFS_AcK_K12	NaN	NaN	NaN	NaN	NaN	NaN
CLIC1_AcK_K183	30.1368648	80.32896	134.19189	65.521665	240.56953	17.05173
SERPINA1_AcK_K298	650.715912	47.6927424	112.885311	93.757785	72.371256	79.7773
BCKDHB_AcK_K294	370.853448	274.630032	383.074706	304.17948	264.551376	359.887
NAA50_AcK_K34	152.924184	489.15504	2014.99228	1085.12415	1022.11314	458.81
FASN_AcK_K436	398.402088	427.86072	665.573517	480.160395	421.795954	388.9215
RAB39A_AcK_K63	226.241568	490.53456	327.878593	297.8976	243.612938	202.6872
HIST2H2BD_AcK_K24	NaN	NaN	NaN	NaN	NaN	NaN
COL6A3_AcK_K2532	1019.11992	163.407312	381.797493	273.39114	200.773808	228.3858
ICE1_AcK_K1218	233.07564	559.11456	612.71609	494.93565	397.92372	923.461
MYH9_AcK_K1642	774.03816	710.6256	585.52158	796.82955	670.45694	218.339
YWHAB_AcK_K13	NaN	NaN	NaN	NaN	NaN	NaN
ACTA2_AcK_K63	NaN	NaN	NaN	NaN	NaN	NaN
HUWE1_AcK_K3679	28.740936	149.76	175.58821	212.6256	98.513316	54.9705
RBPJ_AcK_K8	278.59104	389.13264	527.02062	687.4758	745.37098	362.661
PPIA_AcK_K82	825.013392	2367.65232	1579.827795	1525.046985	1808.284842	613.8779
PSAP_AcK_K414	1572.92016	147.2976	258.69319	187.6809	696.2908	106.774
HIST1H2AD_AcK_K6	NaN	NaN	NaN	NaN	NaN	NaN
NANS_AcK_K52	145.217184	309.32064	295.36577	267.08055	246.62298	106.769
HIST1H2BK_AcK_K16	NaN	NaN	NaN	NaN	NaN	NaN
TPM1_AcK_K161	NaN	NaN	NaN	NaN	NaN	NaN
HIST1H3A_AcK_K18	NaN	NaN	NaN	NaN	NaN	NaN
GRPEL1_AcK_K94	63.876288	119.728944	676.9084	248.5527	146.35078	248.376
NUP88_AcK_K592	238.5516	256.51008	502.36991	263.54295	208.95022	757.473
PPIG_AcK_K555	31.447752	40.877424	71.225434	72.42279	43.104986	43.1739
PPIA_AcK_K155	289.940784	381.840192	521.599106	372.764865	422.136046	291.3507
DMAP1_AcK_K86	30.41472	436.95648	466.20609	186.85095	336.45524	172.5
CLIC6_AcK_K629	NaN	NaN	NaN	NaN	NaN	NaN
CCT2_AcK_K154	372.01248	371.82096	516.14024	417.32295	476.29094	339.079
NT5DC1_AcK_K171	121.04652	157.32432	523.39329	335.73045	257.43946	170.811
RPL23_AcK_K13	216.584424	382.279248	476.323169	584.1792	680.28718	455.113
RPL6_AcK_K72	95.793432	708.82272	384.95583	636.50235	394.83234	206.247
RPL10A_AcK_K106	71.41344	401.52384	417.53418	425.1819	334.77086	241.132
TPM4_AcK_K132	428.023848	430.15392	334.232297	466.7883	238.363086	266.316
HIST1H1C_AcK_K106	NaN	NaN	NaN	NaN	NaN	NaN
EEF1A1_AcK_K392	570.54228	1157.38272	1391.37971	1019.15715	1158.40588	729.201
DBNL_AcK_K78	35.412384	107.898336	49.209489	51.14802	33.291094	38.0276
HMGB3_AcK_K165	298.900728	859.90032	3176.70871	1686.91545	797.71138	853.161
PRDM10_AcK_K658	117.257616	211.53168	384.951	289.6476	202.67366	387.71
ZNF532_AcK_K266	74.011896	132.666048	148.297744	164.5743	291.6577	70.5547
FOSL1_AcK_K116	NaN	NaN	NaN	NaN	NaN	NaN
LDHB_AcK_K7	359.174928	490.79808	903.93772	536.15925	886.00666	250.064
EEF1A1_AcK_K30	NaN	NaN	NaN	NaN	NaN	NaN
MYH9_AcK_K1445	2542.40448	1616.99904	2193.74092	2583.47595	1944.93362	967.5277
MYBL1_AcK_K394	82.581408	241.08048	376.59993	515.9484	267.61006	486.35
HIST2H2BC_AcK_K25	NaN	NaN	NaN	NaN	NaN	NaN
SNW1_AcK_K170	182.12712	120.202992	213.8241	376.19835	75.44602	112.606
PDAP1_AcK_K172	250.672296	555.55344	811.41263	974.21115	886.27868	285.266
EEF1G_AcK_K220	200.242896	698.48496	663.38279	787.5945	469.4623	323.483
PPP1CC_AcK_K141	NaN	NaN	NaN	NaN	NaN	NaN
HIST2H2BC_AcK_K13	NaN	NaN	NaN	NaN	NaN	NaN
BGN_AcK_K219	1049.538	0	109.518157	115.042785	123.742434	67.3821
H3F3C_AcK_K24	NaN	NaN	NaN	NaN	NaN	NaN
SMC2_AcK_K330	78.713376	114.799968	170.24623	138.97026	107.398856	218.8577
COL4A1_AcK_K1496	2686.78872	411.5747664	786.804746	743.27253	423.648906	431.9103
HIST1H2BJ_AcK_K13	NaN	NaN	NaN	NaN	NaN	NaN
PDIA3_AcK_K466	30.725016	354.36528	171.84496	221.18745	93.76248	110.407
PSMC5_AcK_K222	122.403624	189.57312	144.491221	135.81843	137.67428	105.38
ACTR6_AcK_K260	349.176408	368.572176	725.269097	533.531625	544.35222	483.231
H3F3A_AcK_K79	NaN	NaN	NaN	NaN	NaN	NaN
PDIA4_AcK_K211	107.066736	250.72992	368.68356	190.6542	334.96248	165.646
HIST1H2BD_AcK_K17	NaN	NaN	NaN	NaN	NaN	NaN
SIN3A_AcK_K875	525.15876	930.30192	2582.51245	1528.9098	915.56304	1317.158
DCN_AcK_K130	352.9008	56.681424	100.964066	94.144215	66.262598	102.173
HIST1H2BK_AcK_K44	265.43496	293.76144	242.6753	343.51185	167.04038	254.799
HSPE1_AcK_K99	322.96656	328.97808	371.11949	328.35165	249.6286	137.916
FKBP1B_AcK_K36	NaN	NaN	NaN	NaN	NaN	NaN
ENO1_AcK_K81	651.347928	1096.99632	1959.74674	1657.94805	1591.28082	314.2357
EEF1G_AcK_K52	196.37016	456.55344	471.82821	589.0335	447.25582	235.157
HIST3H2BB_AcK_K12	NaN	NaN	NaN	NaN	NaN	NaN
DHCR7_AcK_K454	35.890512	159.6816	110.742562	160.118805	130.50126	189.677
HIST1H2BN_AcK_K44	NaN	NaN	NaN	NaN	NaN	NaN
H2AFV_AcK_K8	NaN	NaN	NaN	NaN	NaN	NaN
CYFIP1_AcK_K189	35.903448	73.775376	114.403702	105.491595	77.585598	59.2664
HSP90AA1_AcK_K436	NaN	NaN	NaN	NaN	NaN	NaN
DARS2_AcK_K454	592.05048	531.31104	1103.43604	795.30165	1034.2254	515.439
DES_AcK_K407	NaN	NaN	NaN	NaN	NaN	NaN
SMC3_AcK_K106	NaN	NaN	NaN	NaN	NaN	NaN
STMN1_AcK_K53	230.776056	938.088	564.022123	632.8047	681.08314	545.611
SEC22B_AcK_K43	51.214968	101.591568	148.321733	71.54895	75.304516	117.338
HSPA8_AcK_K246	44.142672	99.442368	161.13846	128.13108	92.484254	117.194
DNAJC7_AcK_K306	436.505832	566.37504	824.63395	689.898	1189.17094	463.421
HIST1H3A_AcK_K9	NaN	NaN	NaN	NaN	NaN	NaN
HMGB1_AcK_K12	1830.4703592	3394.924128	3573.488702	3427.31565	3988.099022	2363.1125
PSMC6_AcK_K206	112.707672	443.23632	246.044547	1301.34279	166.495938	177.1182
ALB_AcK_K219	177.62808	.39318912	20.177164	21.244575	6.7856394	11.19
MEAF6_AcK_K69	250.830048	608.4288	786.97283	797.6133	1088.2073	1040.932
ISOC2_AcK_K26	55.858824	81.942192	204.53762	190.2681	73.081322	97.6938
PRKDC_AcK_K3241	370.31736	459.96048	334.42759	472.11945	237.15454	399.188
EIF5AL1_AcK_K85	NaN	NaN	NaN	NaN	NaN	NaN
NASP_AcK_K417	373.610832	676.462176	2975.5054	734.70969	1141.48168	368.1011
